sequence,v115@FhD8BeA8BeE8AeB8DeH8AeB8JeT6IvhFZgBugB3cBC?eB8mBlsB
TILJSZO,X
TILJSOZ,X
TILJZSO,O
TILJZOS,O
TILJOSZ,X
TILJOZS,O
TILSJZO,X
TILSJOZ,X
TILSZJO,X
TILSZOJ,X
TILSOJZ,X
TILSOZJ,X
TILZJSO,O
TILZJOS,O
TILZSJO,O
TILZSOJ,O
TILZOJS,O
TILZOSJ,O
TILOJSZ,X
TILOJZS,O
TILOSJZ,X
TILOSZJ,X
TILOZJS,O
TILOZSJ,O
TIJLSZO,X
TIJLSOZ,X
TIJLZSO,O
TIJLZOS,O
TIJLOSZ,X
TIJLOZS,O
TIJSLZO,X
TIJSLOZ,X
TIJSZLO,X
TIJSZOL,X
TIJSOLZ,X
TIJSOZL,X
TIJZLSO,O
TIJZLOS,O
TIJZSLO,O
TIJZSOL,O
TIJZOLS,O
TIJZOSL,O
TIJOLSZ,X
TIJOLZS,O
TIJOSLZ,X
TIJOSZL,X
TIJOZLS,O
TIJOZSL,O
TISLJZO,X
TISLJOZ,X
TISLZJO,X
TISLZOJ,X
TISLOJZ,X
TISLOZJ,X
TISJLZO,X
TISJLOZ,X
TISJZLO,X
TISJZOL,X
TISJOLZ,X
TISJOZL,X
TISZLJO,X
TISZLOJ,X
TISZJLO,X
TISZJOL,X
TISZOLJ,X
TISZOJL,X
TISOLJZ,X
TISOLZJ,X
TISOJLZ,X
TISOJZL,X
TISOZLJ,X
TISOZJL,X
TIZLJSO,O
TIZLJOS,O
TIZLSJO,O
TIZLSOJ,O
TIZLOJS,O
TIZLOSJ,O
TIZJLSO,O
TIZJLOS,O
TIZJSLO,O
TIZJSOL,O
TIZJOLS,O
TIZJOSL,O
TIZSLJO,O
TIZSLOJ,O
TIZSJLO,O
TIZSJOL,O
TIZSOLJ,O
TIZSOJL,O
TIZOLJS,O
TIZOLSJ,O
TIZOJLS,O
TIZOJSL,O
TIZOSLJ,O
TIZOSJL,O
TIOLJSZ,X
TIOLJZS,O
TIOLSJZ,X
TIOLSZJ,X
TIOLZJS,O
TIOLZSJ,O
TIOJLSZ,X
TIOJLZS,O
TIOJSLZ,X
TIOJSZL,X
TIOJZLS,O
TIOJZSL,O
TIOSLJZ,X
TIOSLZJ,X
TIOSJLZ,X
TIOSJZL,X
TIOSZLJ,X
TIOSZJL,X
TIOZLJS,O
TIOZLSJ,O
TIOZJLS,O
TIOZJSL,O
TIOZSLJ,O
TIOZSJL,O
TLIJSZO,X
TLIJSOZ,X
TLIJZSO,O
TLIJZOS,O
TLIJOSZ,X
TLIJOZS,O
TLISJZO,X
TLISJOZ,X
TLISZJO,X
TLISZOJ,X
TLISOJZ,X
TLISOZJ,X
TLIZJSO,O
TLIZJOS,O
TLIZSJO,O
TLIZSOJ,O
TLIZOJS,O
TLIZOSJ,O
TLIOJSZ,X
TLIOJZS,O
TLIOSJZ,X
TLIOSZJ,X
TLIOZJS,O
TLIOZSJ,O
TLJISZO,X
TLJISOZ,X
TLJIZSO,O
TLJIZOS,O
TLJIOSZ,X
TLJIOZS,O
TLJSIZO,X
TLJSIOZ,X
TLJSZIO,X
TLJSZOI,X
TLJSOIZ,X
TLJSOZI,X
TLJZISO,O
TLJZIOS,O
TLJZSIO,O
TLJZSOI,O
TLJZOIS,O
TLJZOSI,O
TLJOISZ,X
TLJOIZS,O
TLJOSIZ,X
TLJOSZI,X
TLJOZIS,O
TLJOZSI,O
TLSIJZO,X
TLSIJOZ,X
TLSIZJO,X
TLSIZOJ,X
TLSIOJZ,X
TLSIOZJ,X
TLSJIZO,X
TLSJIOZ,X
TLSJZIO,X
TLSJZOI,X
TLSJOIZ,X
TLSJOZI,X
TLSZIJO,X
TLSZIOJ,X
TLSZJIO,X
TLSZJOI,X
TLSZOIJ,X
TLSZOJI,X
TLSOIJZ,X
TLSOIZJ,X
TLSOJIZ,X
TLSOJZI,X
TLSOZIJ,X
TLSOZJI,X
TLZIJSO,O
TLZIJOS,O
TLZISJO,O
TLZISOJ,O
TLZIOJS,O
TLZIOSJ,O
TLZJISO,O
TLZJIOS,O
TLZJSIO,O
TLZJSOI,O
TLZJOIS,O
TLZJOSI,O
TLZSIJO,O
TLZSIOJ,O
TLZSJIO,O
TLZSJOI,O
TLZSOIJ,O
TLZSOJI,O
TLZOIJS,O
TLZOISJ,O
TLZOJIS,O
TLZOJSI,O
TLZOSIJ,O
TLZOSJI,O
TLOIJSZ,X
TLOIJZS,O
TLOISJZ,X
TLOISZJ,X
TLOIZJS,O
TLOIZSJ,O
TLOJISZ,X
TLOJIZS,O
TLOJSIZ,X
TLOJSZI,X
TLOJZIS,O
TLOJZSI,O
TLOSIJZ,X
TLOSIZJ,X
TLOSJIZ,X
TLOSJZI,X
TLOSZIJ,X
TLOSZJI,X
TLOZIJS,O
TLOZISJ,O
TLOZJIS,O
TLOZJSI,O
TLOZSIJ,O
TLOZSJI,O
TJILSZO,X
TJILSOZ,X
TJILZSO,O
TJILZOS,O
TJILOSZ,X
TJILOZS,O
TJISLZO,X
TJISLOZ,X
TJISZLO,X
TJISZOL,X
TJISOLZ,X
TJISOZL,X
TJIZLSO,O
TJIZLOS,O
TJIZSLO,O
TJIZSOL,O
TJIZOLS,O
TJIZOSL,O
TJIOLSZ,X
TJIOLZS,O
TJIOSLZ,X
TJIOSZL,X
TJIOZLS,O
TJIOZSL,O
TJLISZO,X
TJLISOZ,X
TJLIZSO,O
TJLIZOS,O
TJLIOSZ,X
TJLIOZS,O
TJLSIZO,X
TJLSIOZ,X
TJLSZIO,X
TJLSZOI,X
TJLSOIZ,X
TJLSOZI,X
TJLZISO,O
TJLZIOS,O
TJLZSIO,O
TJLZSOI,O
TJLZOIS,O
TJLZOSI,O
TJLOISZ,X
TJLOIZS,O
TJLOSIZ,X
TJLOSZI,X
TJLOZIS,O
TJLOZSI,O
TJSILZO,X
TJSILOZ,X
TJSIZLO,X
TJSIZOL,X
TJSIOLZ,X
TJSIOZL,X
TJSLIZO,X
TJSLIOZ,X
TJSLZIO,X
TJSLZOI,X
TJSLOIZ,X
TJSLOZI,X
TJSZILO,X
TJSZIOL,X
TJSZLIO,X
TJSZLOI,X
TJSZOIL,X
TJSZOLI,X
TJSOILZ,X
TJSOIZL,X
TJSOLIZ,X
TJSOLZI,X
TJSOZIL,X
TJSOZLI,X
TJZILSO,O
TJZILOS,O
TJZISLO,O
TJZISOL,O
TJZIOLS,O
TJZIOSL,O
TJZLISO,O
TJZLIOS,O
TJZLSIO,O
TJZLSOI,O
TJZLOIS,O
TJZLOSI,O
TJZSILO,O
TJZSIOL,O
TJZSLIO,O
TJZSLOI,O
TJZSOIL,O
TJZSOLI,O
TJZOILS,O
TJZOISL,O
TJZOLIS,O
TJZOLSI,O
TJZOSIL,O
TJZOSLI,O
TJOILSZ,X
TJOILZS,O
TJOISLZ,X
TJOISZL,X
TJOIZLS,O
TJOIZSL,O
TJOLISZ,X
TJOLIZS,O
TJOLSIZ,X
TJOLSZI,X
TJOLZIS,O
TJOLZSI,O
TJOSILZ,X
TJOSIZL,X
TJOSLIZ,X
TJOSLZI,X
TJOSZIL,X
TJOSZLI,X
TJOZILS,O
TJOZISL,O
TJOZLIS,O
TJOZLSI,O
TJOZSIL,O
TJOZSLI,O
TSILJZO,X
TSILJOZ,X
TSILZJO,X
TSILZOJ,X
TSILOJZ,X
TSILOZJ,X
TSIJLZO,X
TSIJLOZ,X
TSIJZLO,X
TSIJZOL,X
TSIJOLZ,X
TSIJOZL,X
TSIZLJO,X
TSIZLOJ,X
TSIZJLO,X
TSIZJOL,X
TSIZOLJ,X
TSIZOJL,X
TSIOLJZ,X
TSIOLZJ,X
TSIOJLZ,X
TSIOJZL,X
TSIOZLJ,X
TSIOZJL,X
TSLIJZO,X
TSLIJOZ,X
TSLIZJO,X
TSLIZOJ,X
TSLIOJZ,X
TSLIOZJ,X
TSLJIZO,X
TSLJIOZ,X
TSLJZIO,X
TSLJZOI,X
TSLJOIZ,X
TSLJOZI,X
TSLZIJO,X
TSLZIOJ,X
TSLZJIO,X
TSLZJOI,X
TSLZOIJ,X
TSLZOJI,X
TSLOIJZ,X
TSLOIZJ,X
TSLOJIZ,X
TSLOJZI,X
TSLOZIJ,X
TSLOZJI,X
TSJILZO,X
TSJILOZ,X
TSJIZLO,X
TSJIZOL,X
TSJIOLZ,X
TSJIOZL,X
TSJLIZO,X
TSJLIOZ,X
TSJLZIO,X
TSJLZOI,X
TSJLOIZ,X
TSJLOZI,X
TSJZILO,X
TSJZIOL,X
TSJZLIO,X
TSJZLOI,X
TSJZOIL,X
TSJZOLI,X
TSJOILZ,X
TSJOIZL,X
TSJOLIZ,X
TSJOLZI,X
TSJOZIL,X
TSJOZLI,X
TSZILJO,X
TSZILOJ,X
TSZIJLO,X
TSZIJOL,X
TSZIOLJ,X
TSZIOJL,X
TSZLIJO,X
TSZLIOJ,X
TSZLJIO,X
TSZLJOI,X
TSZLOIJ,X
TSZLOJI,X
TSZJILO,X
TSZJIOL,X
TSZJLIO,X
TSZJLOI,X
TSZJOIL,X
TSZJOLI,X
TSZOILJ,X
TSZOIJL,X
TSZOLIJ,X
TSZOLJI,X
TSZOJIL,X
TSZOJLI,X
TSOILJZ,X
TSOILZJ,X
TSOIJLZ,X
TSOIJZL,X
TSOIZLJ,X
TSOIZJL,X
TSOLIJZ,X
TSOLIZJ,X
TSOLJIZ,X
TSOLJZI,X
TSOLZIJ,X
TSOLZJI,X
TSOJILZ,X
TSOJIZL,X
TSOJLIZ,X
TSOJLZI,X
TSOJZIL,X
TSOJZLI,X
TSOZILJ,X
TSOZIJL,X
TSOZLIJ,X
TSOZLJI,X
TSOZJIL,X
TSOZJLI,X
TZILJSO,O
TZILJOS,O
TZILSJO,O
TZILSOJ,O
TZILOJS,O
TZILOSJ,O
TZIJLSO,O
TZIJLOS,O
TZIJSLO,O
TZIJSOL,O
TZIJOLS,O
TZIJOSL,O
TZISLJO,O
TZISLOJ,O
TZISJLO,O
TZISJOL,O
TZISOLJ,O
TZISOJL,O
TZIOLJS,O
TZIOLSJ,O
TZIOJLS,O
TZIOJSL,O
TZIOSLJ,O
TZIOSJL,O
TZLIJSO,O
TZLIJOS,O
TZLISJO,O
TZLISOJ,O
TZLIOJS,O
TZLIOSJ,O
TZLJISO,O
TZLJIOS,O
TZLJSIO,O
TZLJSOI,O
TZLJOIS,O
TZLJOSI,O
TZLSIJO,O
TZLSIOJ,O
TZLSJIO,O
TZLSJOI,O
TZLSOIJ,O
TZLSOJI,O
TZLOIJS,O
TZLOISJ,O
TZLOJIS,O
TZLOJSI,O
TZLOSIJ,O
TZLOSJI,O
TZJILSO,O
TZJILOS,O
TZJISLO,O
TZJISOL,O
TZJIOLS,O
TZJIOSL,O
TZJLISO,O
TZJLIOS,O
TZJLSIO,O
TZJLSOI,O
TZJLOIS,O
TZJLOSI,O
TZJSILO,O
TZJSIOL,O
TZJSLIO,O
TZJSLOI,O
TZJSOIL,O
TZJSOLI,O
TZJOILS,O
TZJOISL,O
TZJOLIS,O
TZJOLSI,O
TZJOSIL,O
TZJOSLI,O
TZSILJO,O
TZSILOJ,O
TZSIJLO,O
TZSIJOL,O
TZSIOLJ,O
TZSIOJL,O
TZSLIJO,O
TZSLIOJ,O
TZSLJIO,O
TZSLJOI,O
TZSLOIJ,O
TZSLOJI,O
TZSJILO,O
TZSJIOL,O
TZSJLIO,O
TZSJLOI,O
TZSJOIL,O
TZSJOLI,O
TZSOILJ,O
TZSOIJL,O
TZSOLIJ,O
TZSOLJI,O
TZSOJIL,O
TZSOJLI,O
TZOILJS,O
TZOILSJ,O
TZOIJLS,O
TZOIJSL,O
TZOISLJ,O
TZOISJL,O
TZOLIJS,O
TZOLISJ,O
TZOLJIS,O
TZOLJSI,O
TZOLSIJ,O
TZOLSJI,O
TZOJILS,O
TZOJISL,O
TZOJLIS,O
TZOJLSI,O
TZOJSIL,O
TZOJSLI,O
TZOSILJ,O
TZOSIJL,O
TZOSLIJ,O
TZOSLJI,O
TZOSJIL,O
TZOSJLI,O
TOILJSZ,X
TOILJZS,O
TOILSJZ,X
TOILSZJ,X
TOILZJS,O
TOILZSJ,O
TOIJLSZ,X
TOIJLZS,O
TOIJSLZ,X
TOIJSZL,X
TOIJZLS,O
TOIJZSL,O
TOISLJZ,X
TOISLZJ,X
TOISJLZ,X
TOISJZL,X
TOISZLJ,X
TOISZJL,X
TOIZLJS,O
TOIZLSJ,O
TOIZJLS,O
TOIZJSL,O
TOIZSLJ,O
TOIZSJL,O
TOLIJSZ,X
TOLIJZS,O
TOLISJZ,X
TOLISZJ,X
TOLIZJS,O
TOLIZSJ,O
TOLJISZ,X
TOLJIZS,O
TOLJSIZ,X
TOLJSZI,X
TOLJZIS,O
TOLJZSI,O
TOLSIJZ,X
TOLSIZJ,X
TOLSJIZ,X
TOLSJZI,X
TOLSZIJ,X
TOLSZJI,X
TOLZIJS,O
TOLZISJ,O
TOLZJIS,O
TOLZJSI,O
TOLZSIJ,O
TOLZSJI,O
TOJILSZ,X
TOJILZS,O
TOJISLZ,X
TOJISZL,X
TOJIZLS,O
TOJIZSL,O
TOJLISZ,X
TOJLIZS,O
TOJLSIZ,X
TOJLSZI,X
TOJLZIS,O
TOJLZSI,O
TOJSILZ,X
TOJSIZL,X
TOJSLIZ,X
TOJSLZI,X
TOJSZIL,X
TOJSZLI,X
TOJZILS,O
TOJZISL,O
TOJZLIS,O
TOJZLSI,O
TOJZSIL,O
TOJZSLI,O
TOSILJZ,X
TOSILZJ,X
TOSIJLZ,X
TOSIJZL,X
TOSIZLJ,X
TOSIZJL,X
TOSLIJZ,X
TOSLIZJ,X
TOSLJIZ,X
TOSLJZI,X
TOSLZIJ,X
TOSLZJI,X
TOSJILZ,X
TOSJIZL,X
TOSJLIZ,X
TOSJLZI,X
TOSJZIL,X
TOSJZLI,X
TOSZILJ,X
TOSZIJL,X
TOSZLIJ,X
TOSZLJI,X
TOSZJIL,X
TOSZJLI,X
TOZILJS,O
TOZILSJ,O
TOZIJLS,O
TOZIJSL,O
TOZISLJ,O
TOZISJL,O
TOZLIJS,O
TOZLISJ,O
TOZLJIS,O
TOZLJSI,O
TOZLSIJ,O
TOZLSJI,O
TOZJILS,O
TOZJISL,O
TOZJLIS,O
TOZJLSI,O
TOZJSIL,O
TOZJSLI,O
TOZSILJ,O
TOZSIJL,O
TOZSLIJ,O
TOZSLJI,O
TOZSJIL,O
TOZSJLI,O
ITLJSZO,X
ITLJSOZ,X
ITLJZSO,O
ITLJZOS,O
ITLJOSZ,X
ITLJOZS,O
ITLSJZO,X
ITLSJOZ,X
ITLSZJO,X
ITLSZOJ,X
ITLSOJZ,X
ITLSOZJ,X
ITLZJSO,O
ITLZJOS,O
ITLZSJO,O
ITLZSOJ,O
ITLZOJS,O
ITLZOSJ,O
ITLOJSZ,X
ITLOJZS,O
ITLOSJZ,X
ITLOSZJ,X
ITLOZJS,O
ITLOZSJ,O
ITJLSZO,X
ITJLSOZ,X
ITJLZSO,O
ITJLZOS,O
ITJLOSZ,X
ITJLOZS,O
ITJSLZO,X
ITJSLOZ,X
ITJSZLO,X
ITJSZOL,X
ITJSOLZ,X
ITJSOZL,X
ITJZLSO,O
ITJZLOS,O
ITJZSLO,O
ITJZSOL,O
ITJZOLS,O
ITJZOSL,O
ITJOLSZ,X
ITJOLZS,O
ITJOSLZ,X
ITJOSZL,X
ITJOZLS,O
ITJOZSL,O
ITSLJZO,X
ITSLJOZ,X
ITSLZJO,X
ITSLZOJ,X
ITSLOJZ,X
ITSLOZJ,X
ITSJLZO,X
ITSJLOZ,X
ITSJZLO,X
ITSJZOL,X
ITSJOLZ,X
ITSJOZL,X
ITSZLJO,X
ITSZLOJ,X
ITSZJLO,X
ITSZJOL,X
ITSZOLJ,X
ITSZOJL,X
ITSOLJZ,X
ITSOLZJ,X
ITSOJLZ,X
ITSOJZL,X
ITSOZLJ,X
ITSOZJL,X
ITZLJSO,O
ITZLJOS,O
ITZLSJO,O
ITZLSOJ,O
ITZLOJS,O
ITZLOSJ,O
ITZJLSO,O
ITZJLOS,O
ITZJSLO,O
ITZJSOL,O
ITZJOLS,O
ITZJOSL,O
ITZSLJO,O
ITZSLOJ,O
ITZSJLO,O
ITZSJOL,O
ITZSOLJ,O
ITZSOJL,O
ITZOLJS,O
ITZOLSJ,O
ITZOJLS,O
ITZOJSL,O
ITZOSLJ,O
ITZOSJL,O
ITOLJSZ,X
ITOLJZS,O
ITOLSJZ,X
ITOLSZJ,X
ITOLZJS,O
ITOLZSJ,O
ITOJLSZ,X
ITOJLZS,O
ITOJSLZ,X
ITOJSZL,X
ITOJZLS,O
ITOJZSL,O
ITOSLJZ,X
ITOSLZJ,X
ITOSJLZ,X
ITOSJZL,X
ITOSZLJ,X
ITOSZJL,X
ITOZLJS,O
ITOZLSJ,O
ITOZJLS,O
ITOZJSL,O
ITOZSLJ,O
ITOZSJL,O
ILTJSZO,X
ILTJSOZ,X
ILTJZSO,O
ILTJZOS,O
ILTJOSZ,X
ILTJOZS,O
ILTSJZO,X
ILTSJOZ,X
ILTSZJO,X
ILTSZOJ,X
ILTSOJZ,X
ILTSOZJ,X
ILTZJSO,O
ILTZJOS,O
ILTZSJO,O
ILTZSOJ,O
ILTZOJS,O
ILTZOSJ,O
ILTOJSZ,X
ILTOJZS,O
ILTOSJZ,X
ILTOSZJ,X
ILTOZJS,O
ILTOZSJ,O
ILJTSZO,X
ILJTSOZ,X
ILJTZSO,O
ILJTZOS,O
ILJTOSZ,X
ILJTOZS,O
ILJSTZO,X
ILJSTOZ,X
ILJSZTO,X
ILJSZOT,X
ILJSOTZ,X
ILJSOZT,X
ILJZTSO,X
ILJZTOS,X
ILJZSTO,X
ILJZSOT,O
ILJZOTS,X
ILJZOST,O
ILJOTSZ,X
ILJOTZS,O
ILJOSTZ,X
ILJOSZT,X
ILJOZTS,X
ILJOZST,O
ILSTJZO,X
ILSTJOZ,X
ILSTZJO,X
ILSTZOJ,X
ILSTOJZ,X
ILSTOZJ,X
ILSJTZO,X
ILSJTOZ,X
ILSJZTO,X
ILSJZOT,X
ILSJOTZ,X
ILSJOZT,X
ILSZTJO,X
ILSZTOJ,X
ILSZJTO,X
ILSZJOT,X
ILSZOTJ,X
ILSZOJT,X
ILSOTJZ,X
ILSOTZJ,X
ILSOJTZ,X
ILSOJZT,X
ILSOZTJ,X
ILSOZJT,X
ILZTJSO,X
ILZTJOS,X
ILZTSJO,X
ILZTSOJ,X
ILZTOJS,X
ILZTOSJ,X
ILZJTSO,X
ILZJTOS,X
ILZJSTO,X
ILZJSOT,O
ILZJOTS,X
ILZJOST,O
ILZSTJO,X
ILZSTOJ,X
ILZSJTO,X
ILZSJOT,O
ILZSOTJ,X
ILZSOJT,O
ILZOTJS,X
ILZOTSJ,X
ILZOJTS,X
ILZOJST,O
ILZOSTJ,X
ILZOSJT,O
ILOTJSZ,X
ILOTJZS,O
ILOTSJZ,X
ILOTSZJ,X
ILOTZJS,O
ILOTZSJ,O
ILOJTSZ,X
ILOJTZS,O
ILOJSTZ,X
ILOJSZT,X
ILOJZTS,X
ILOJZST,O
ILOSTJZ,X
ILOSTZJ,X
ILOSJTZ,X
ILOSJZT,X
ILOSZTJ,X
ILOSZJT,X
ILOZTJS,X
ILOZTSJ,X
ILOZJTS,X
ILOZJST,O
ILOZSTJ,X
ILOZSJT,O
IJTLSZO,X
IJTLSOZ,X
IJTLZSO,O
IJTLZOS,O
IJTLOSZ,X
IJTLOZS,O
IJTSLZO,X
IJTSLOZ,X
IJTSZLO,X
IJTSZOL,X
IJTSOLZ,X
IJTSOZL,X
IJTZLSO,O
IJTZLOS,O
IJTZSLO,O
IJTZSOL,O
IJTZOLS,O
IJTZOSL,O
IJTOLSZ,X
IJTOLZS,O
IJTOSLZ,X
IJTOSZL,X
IJTOZLS,O
IJTOZSL,O
IJLTSZO,X
IJLTSOZ,X
IJLTZSO,O
IJLTZOS,O
IJLTOSZ,X
IJLTOZS,O
IJLSTZO,X
IJLSTOZ,X
IJLSZTO,X
IJLSZOT,X
IJLSOTZ,X
IJLSOZT,X
IJLZTSO,X
IJLZTOS,X
IJLZSTO,X
IJLZSOT,O
IJLZOTS,X
IJLZOST,O
IJLOTSZ,X
IJLOTZS,O
IJLOSTZ,X
IJLOSZT,X
IJLOZTS,X
IJLOZST,O
IJSTLZO,X
IJSTLOZ,X
IJSTZLO,X
IJSTZOL,X
IJSTOLZ,X
IJSTOZL,X
IJSLTZO,X
IJSLTOZ,X
IJSLZTO,X
IJSLZOT,X
IJSLOTZ,X
IJSLOZT,X
IJSZTLO,X
IJSZTOL,X
IJSZLTO,X
IJSZLOT,X
IJSZOTL,X
IJSZOLT,X
IJSOTLZ,X
IJSOTZL,X
IJSOLTZ,X
IJSOLZT,X
IJSOZTL,X
IJSOZLT,X
IJZTLSO,X
IJZTLOS,X
IJZTSLO,X
IJZTSOL,X
IJZTOLS,X
IJZTOSL,X
IJZLTSO,X
IJZLTOS,X
IJZLSTO,X
IJZLSOT,O
IJZLOTS,X
IJZLOST,O
IJZSTLO,X
IJZSTOL,X
IJZSLTO,X
IJZSLOT,O
IJZSOTL,X
IJZSOLT,O
IJZOTLS,X
IJZOTSL,X
IJZOLTS,X
IJZOLST,O
IJZOSTL,X
IJZOSLT,O
IJOTLSZ,X
IJOTLZS,O
IJOTSLZ,X
IJOTSZL,X
IJOTZLS,O
IJOTZSL,O
IJOLTSZ,X
IJOLTZS,O
IJOLSTZ,X
IJOLSZT,X
IJOLZTS,X
IJOLZST,O
IJOSTLZ,X
IJOSTZL,X
IJOSLTZ,X
IJOSLZT,X
IJOSZTL,X
IJOSZLT,X
IJOZTLS,X
IJOZTSL,X
IJOZLTS,X
IJOZLST,O
IJOZSTL,X
IJOZSLT,O
ISTLJZO,X
ISTLJOZ,X
ISTLZJO,X
ISTLZOJ,X
ISTLOJZ,X
ISTLOZJ,X
ISTJLZO,X
ISTJLOZ,X
ISTJZLO,X
ISTJZOL,X
ISTJOLZ,X
ISTJOZL,X
ISTZLJO,X
ISTZLOJ,X
ISTZJLO,X
ISTZJOL,X
ISTZOLJ,X
ISTZOJL,X
ISTOLJZ,X
ISTOLZJ,X
ISTOJLZ,X
ISTOJZL,X
ISTOZLJ,X
ISTOZJL,X
ISLTJZO,X
ISLTJOZ,X
ISLTZJO,X
ISLTZOJ,X
ISLTOJZ,X
ISLTOZJ,X
ISLJTZO,X
ISLJTOZ,X
ISLJZTO,X
ISLJZOT,X
ISLJOTZ,X
ISLJOZT,X
ISLZTJO,X
ISLZTOJ,X
ISLZJTO,X
ISLZJOT,X
ISLZOTJ,X
ISLZOJT,X
ISLOTJZ,X
ISLOTZJ,X
ISLOJTZ,X
ISLOJZT,X
ISLOZTJ,X
ISLOZJT,X
ISJTLZO,X
ISJTLOZ,X
ISJTZLO,X
ISJTZOL,X
ISJTOLZ,X
ISJTOZL,X
ISJLTZO,X
ISJLTOZ,X
ISJLZTO,X
ISJLZOT,X
ISJLOTZ,X
ISJLOZT,X
ISJZTLO,X
ISJZTOL,X
ISJZLTO,X
ISJZLOT,X
ISJZOTL,X
ISJZOLT,X
ISJOTLZ,X
ISJOTZL,X
ISJOLTZ,X
ISJOLZT,X
ISJOZTL,X
ISJOZLT,X
ISZTLJO,X
ISZTLOJ,X
ISZTJLO,X
ISZTJOL,X
ISZTOLJ,X
ISZTOJL,X
ISZLTJO,X
ISZLTOJ,X
ISZLJTO,X
ISZLJOT,X
ISZLOTJ,X
ISZLOJT,X
ISZJTLO,X
ISZJTOL,X
ISZJLTO,X
ISZJLOT,X
ISZJOTL,X
ISZJOLT,X
ISZOTLJ,X
ISZOTJL,X
ISZOLTJ,X
ISZOLJT,X
ISZOJTL,X
ISZOJLT,X
ISOTLJZ,X
ISOTLZJ,X
ISOTJLZ,X
ISOTJZL,X
ISOTZLJ,X
ISOTZJL,X
ISOLTJZ,X
ISOLTZJ,X
ISOLJTZ,X
ISOLJZT,X
ISOLZTJ,X
ISOLZJT,X
ISOJTLZ,X
ISOJTZL,X
ISOJLTZ,X
ISOJLZT,X
ISOJZTL,X
ISOJZLT,X
ISOZTLJ,X
ISOZTJL,X
ISOZLTJ,X
ISOZLJT,X
ISOZJTL,X
ISOZJLT,X
IZTLJSO,X
IZTLJOS,X
IZTLSJO,X
IZTLSOJ,X
IZTLOJS,X
IZTLOSJ,X
IZTJLSO,X
IZTJLOS,X
IZTJSLO,X
IZTJSOL,X
IZTJOLS,X
IZTJOSL,X
IZTSLJO,X
IZTSLOJ,X
IZTSJLO,X
IZTSJOL,X
IZTSOLJ,X
IZTSOJL,X
IZTOLJS,X
IZTOLSJ,X
IZTOJLS,X
IZTOJSL,X
IZTOSLJ,X
IZTOSJL,X
IZLTJSO,X
IZLTJOS,X
IZLTSJO,X
IZLTSOJ,X
IZLTOJS,X
IZLTOSJ,X
IZLJTSO,X
IZLJTOS,X
IZLJSTO,X
IZLJSOT,O
IZLJOTS,X
IZLJOST,O
IZLSTJO,X
IZLSTOJ,X
IZLSJTO,X
IZLSJOT,O
IZLSOTJ,X
IZLSOJT,O
IZLOTJS,X
IZLOTSJ,X
IZLOJTS,X
IZLOJST,O
IZLOSTJ,X
IZLOSJT,O
IZJTLSO,X
IZJTLOS,X
IZJTSLO,X
IZJTSOL,X
IZJTOLS,X
IZJTOSL,X
IZJLTSO,X
IZJLTOS,X
IZJLSTO,X
IZJLSOT,O
IZJLOTS,X
IZJLOST,O
IZJSTLO,X
IZJSTOL,X
IZJSLTO,X
IZJSLOT,O
IZJSOTL,X
IZJSOLT,O
IZJOTLS,X
IZJOTSL,X
IZJOLTS,X
IZJOLST,O
IZJOSTL,X
IZJOSLT,O
IZSTLJO,X
IZSTLOJ,X
IZSTJLO,X
IZSTJOL,X
IZSTOLJ,X
IZSTOJL,X
IZSLTJO,X
IZSLTOJ,X
IZSLJTO,X
IZSLJOT,O
IZSLOTJ,X
IZSLOJT,O
IZSJTLO,X
IZSJTOL,X
IZSJLTO,X
IZSJLOT,O
IZSJOTL,X
IZSJOLT,O
IZSOTLJ,X
IZSOTJL,X
IZSOLTJ,X
IZSOLJT,O
IZSOJTL,X
IZSOJLT,O
IZOTLJS,X
IZOTLSJ,X
IZOTJLS,X
IZOTJSL,X
IZOTSLJ,X
IZOTSJL,X
IZOLTJS,X
IZOLTSJ,X
IZOLJTS,X
IZOLJST,O
IZOLSTJ,X
IZOLSJT,O
IZOJTLS,X
IZOJTSL,X
IZOJLTS,X
IZOJLST,O
IZOJSTL,X
IZOJSLT,O
IZOSTLJ,X
IZOSTJL,X
IZOSLTJ,X
IZOSLJT,O
IZOSJTL,X
IZOSJLT,O
IOTLJSZ,X
IOTLJZS,O
IOTLSJZ,X
IOTLSZJ,X
IOTLZJS,O
IOTLZSJ,O
IOTJLSZ,X
IOTJLZS,O
IOTJSLZ,X
IOTJSZL,X
IOTJZLS,O
IOTJZSL,O
IOTSLJZ,X
IOTSLZJ,X
IOTSJLZ,X
IOTSJZL,X
IOTSZLJ,X
IOTSZJL,X
IOTZLJS,O
IOTZLSJ,O
IOTZJLS,O
IOTZJSL,O
IOTZSLJ,O
IOTZSJL,O
IOLTJSZ,X
IOLTJZS,O
IOLTSJZ,X
IOLTSZJ,X
IOLTZJS,O
IOLTZSJ,O
IOLJTSZ,X
IOLJTZS,O
IOLJSTZ,X
IOLJSZT,X
IOLJZTS,X
IOLJZST,O
IOLSTJZ,X
IOLSTZJ,X
IOLSJTZ,X
IOLSJZT,X
IOLSZTJ,X
IOLSZJT,X
IOLZTJS,X
IOLZTSJ,X
IOLZJTS,X
IOLZJST,O
IOLZSTJ,X
IOLZSJT,O
IOJTLSZ,X
IOJTLZS,O
IOJTSLZ,X
IOJTSZL,X
IOJTZLS,O
IOJTZSL,O
IOJLTSZ,X
IOJLTZS,O
IOJLSTZ,X
IOJLSZT,X
IOJLZTS,X
IOJLZST,O
IOJSTLZ,X
IOJSTZL,X
IOJSLTZ,X
IOJSLZT,X
IOJSZTL,X
IOJSZLT,X
IOJZTLS,X
IOJZTSL,X
IOJZLTS,X
IOJZLST,O
IOJZSTL,X
IOJZSLT,O
IOSTLJZ,X
IOSTLZJ,X
IOSTJLZ,X
IOSTJZL,X
IOSTZLJ,X
IOSTZJL,X
IOSLTJZ,X
IOSLTZJ,X
IOSLJTZ,X
IOSLJZT,X
IOSLZTJ,X
IOSLZJT,X
IOSJTLZ,X
IOSJTZL,X
IOSJLTZ,X
IOSJLZT,X
IOSJZTL,X
IOSJZLT,X
IOSZTLJ,X
IOSZTJL,X
IOSZLTJ,X
IOSZLJT,X
IOSZJTL,X
IOSZJLT,X
IOZTLJS,X
IOZTLSJ,X
IOZTJLS,X
IOZTJSL,X
IOZTSLJ,X
IOZTSJL,X
IOZLTJS,X
IOZLTSJ,X
IOZLJTS,X
IOZLJST,O
IOZLSTJ,X
IOZLSJT,O
IOZJTLS,X
IOZJTSL,X
IOZJLTS,X
IOZJLST,O
IOZJSTL,X
IOZJSLT,O
IOZSTLJ,X
IOZSTJL,X
IOZSLTJ,X
IOZSLJT,O
IOZSJTL,X
IOZSJLT,O
LTIJSZO,X
LTIJSOZ,X
LTIJZSO,O
LTIJZOS,O
LTIJOSZ,X
LTIJOZS,O
LTISJZO,X
LTISJOZ,X
LTISZJO,X
LTISZOJ,X
LTISOJZ,X
LTISOZJ,X
LTIZJSO,O
LTIZJOS,O
LTIZSJO,O
LTIZSOJ,O
LTIZOJS,O
LTIZOSJ,O
LTIOJSZ,X
LTIOJZS,O
LTIOSJZ,X
LTIOSZJ,X
LTIOZJS,O
LTIOZSJ,O
LTJISZO,X
LTJISOZ,X
LTJIZSO,O
LTJIZOS,O
LTJIOSZ,X
LTJIOZS,O
LTJSIZO,X
LTJSIOZ,X
LTJSZIO,X
LTJSZOI,X
LTJSOIZ,X
LTJSOZI,X
LTJZISO,O
LTJZIOS,O
LTJZSIO,O
LTJZSOI,O
LTJZOIS,O
LTJZOSI,O
LTJOISZ,X
LTJOIZS,O
LTJOSIZ,X
LTJOSZI,X
LTJOZIS,O
LTJOZSI,O
LTSIJZO,X
LTSIJOZ,X
LTSIZJO,X
LTSIZOJ,X
LTSIOJZ,X
LTSIOZJ,X
LTSJIZO,X
LTSJIOZ,X
LTSJZIO,X
LTSJZOI,X
LTSJOIZ,X
LTSJOZI,X
LTSZIJO,X
LTSZIOJ,X
LTSZJIO,X
LTSZJOI,X
LTSZOIJ,X
LTSZOJI,X
LTSOIJZ,X
LTSOIZJ,X
LTSOJIZ,X
LTSOJZI,X
LTSOZIJ,X
LTSOZJI,X
LTZIJSO,O
LTZIJOS,O
LTZISJO,O
LTZISOJ,O
LTZIOJS,O
LTZIOSJ,O
LTZJISO,O
LTZJIOS,O
LTZJSIO,O
LTZJSOI,O
LTZJOIS,O
LTZJOSI,O
LTZSIJO,O
LTZSIOJ,O
LTZSJIO,O
LTZSJOI,O
LTZSOIJ,O
LTZSOJI,O
LTZOIJS,O
LTZOISJ,O
LTZOJIS,O
LTZOJSI,O
LTZOSIJ,O
LTZOSJI,O
LTOIJSZ,X
LTOIJZS,O
LTOISJZ,X
LTOISZJ,X
LTOIZJS,O
LTOIZSJ,O
LTOJISZ,X
LTOJIZS,O
LTOJSIZ,X
LTOJSZI,X
LTOJZIS,O
LTOJZSI,O
LTOSIJZ,X
LTOSIZJ,X
LTOSJIZ,X
LTOSJZI,X
LTOSZIJ,X
LTOSZJI,X
LTOZIJS,O
LTOZISJ,O
LTOZJIS,O
LTOZJSI,O
LTOZSIJ,O
LTOZSJI,O
LITJSZO,X
LITJSOZ,X
LITJZSO,O
LITJZOS,O
LITJOSZ,X
LITJOZS,O
LITSJZO,X
LITSJOZ,X
LITSZJO,X
LITSZOJ,X
LITSOJZ,X
LITSOZJ,X
LITZJSO,O
LITZJOS,O
LITZSJO,O
LITZSOJ,O
LITZOJS,O
LITZOSJ,O
LITOJSZ,X
LITOJZS,O
LITOSJZ,X
LITOSZJ,X
LITOZJS,O
LITOZSJ,O
LIJTSZO,X
LIJTSOZ,X
LIJTZSO,O
LIJTZOS,O
LIJTOSZ,X
LIJTOZS,O
LIJSTZO,X
LIJSTOZ,X
LIJSZTO,X
LIJSZOT,X
LIJSOTZ,X
LIJSOZT,X
LIJZTSO,X
LIJZTOS,X
LIJZSTO,X
LIJZSOT,O
LIJZOTS,X
LIJZOST,O
LIJOTSZ,X
LIJOTZS,O
LIJOSTZ,X
LIJOSZT,X
LIJOZTS,X
LIJOZST,O
LISTJZO,X
LISTJOZ,X
LISTZJO,X
LISTZOJ,X
LISTOJZ,X
LISTOZJ,X
LISJTZO,X
LISJTOZ,X
LISJZTO,X
LISJZOT,X
LISJOTZ,X
LISJOZT,X
LISZTJO,X
LISZTOJ,X
LISZJTO,X
LISZJOT,X
LISZOTJ,X
LISZOJT,X
LISOTJZ,X
LISOTZJ,X
LISOJTZ,X
LISOJZT,X
LISOZTJ,X
LISOZJT,X
LIZTJSO,X
LIZTJOS,X
LIZTSJO,X
LIZTSOJ,X
LIZTOJS,X
LIZTOSJ,X
LIZJTSO,X
LIZJTOS,X
LIZJSTO,X
LIZJSOT,O
LIZJOTS,X
LIZJOST,O
LIZSTJO,X
LIZSTOJ,X
LIZSJTO,X
LIZSJOT,O
LIZSOTJ,X
LIZSOJT,O
LIZOTJS,X
LIZOTSJ,X
LIZOJTS,X
LIZOJST,O
LIZOSTJ,X
LIZOSJT,O
LIOTJSZ,X
LIOTJZS,O
LIOTSJZ,X
LIOTSZJ,X
LIOTZJS,O
LIOTZSJ,O
LIOJTSZ,X
LIOJTZS,O
LIOJSTZ,X
LIOJSZT,X
LIOJZTS,X
LIOJZST,O
LIOSTJZ,X
LIOSTZJ,X
LIOSJTZ,X
LIOSJZT,X
LIOSZTJ,X
LIOSZJT,X
LIOZTJS,X
LIOZTSJ,X
LIOZJTS,X
LIOZJST,O
LIOZSTJ,X
LIOZSJT,O
LJTISZO,X
LJTISOZ,X
LJTIZSO,O
LJTIZOS,O
LJTIOSZ,X
LJTIOZS,O
LJTSIZO,X
LJTSIOZ,X
LJTSZIO,X
LJTSZOI,X
LJTSOIZ,X
LJTSOZI,X
LJTZISO,O
LJTZIOS,O
LJTZSIO,O
LJTZSOI,O
LJTZOIS,O
LJTZOSI,O
LJTOISZ,X
LJTOIZS,O
LJTOSIZ,X
LJTOSZI,X
LJTOZIS,O
LJTOZSI,O
LJITSZO,X
LJITSOZ,X
LJITZSO,O
LJITZOS,O
LJITOSZ,X
LJITOZS,O
LJISTZO,X
LJISTOZ,X
LJISZTO,X
LJISZOT,X
LJISOTZ,X
LJISOZT,X
LJIZTSO,X
LJIZTOS,X
LJIZSTO,X
LJIZSOT,O
LJIZOTS,X
LJIZOST,O
LJIOTSZ,X
LJIOTZS,O
LJIOSTZ,X
LJIOSZT,X
LJIOZTS,X
LJIOZST,O
LJSTIZO,X
LJSTIOZ,X
LJSTZIO,X
LJSTZOI,X
LJSTOIZ,X
LJSTOZI,X
LJSITZO,X
LJSITOZ,X
LJSIZTO,X
LJSIZOT,X
LJSIOTZ,X
LJSIOZT,X
LJSZTIO,X
LJSZTOI,X
LJSZITO,X
LJSZIOT,X
LJSZOTI,X
LJSZOIT,X
LJSOTIZ,X
LJSOTZI,X
LJSOITZ,X
LJSOIZT,X
LJSOZTI,X
LJSOZIT,X
LJZTISO,X
LJZTIOS,X
LJZTSIO,X
LJZTSOI,X
LJZTOIS,X
LJZTOSI,X
LJZITSO,X
LJZITOS,X
LJZISTO,X
LJZISOT,O
LJZIOTS,X
LJZIOST,O
LJZSTIO,X
LJZSTOI,X
LJZSITO,X
LJZSIOT,O
LJZSOTI,X
LJZSOIT,O
LJZOTIS,X
LJZOTSI,X
LJZOITS,X
LJZOIST,O
LJZOSTI,X
LJZOSIT,O
LJOTISZ,X
LJOTIZS,O
LJOTSIZ,X
LJOTSZI,X
LJOTZIS,O
LJOTZSI,O
LJOITSZ,X
LJOITZS,O
LJOISTZ,X
LJOISZT,X
LJOIZTS,X
LJOIZST,O
LJOSTIZ,X
LJOSTZI,X
LJOSITZ,X
LJOSIZT,X
LJOSZTI,X
LJOSZIT,X
LJOZTIS,X
LJOZTSI,X
LJOZITS,X
LJOZIST,O
LJOZSTI,X
LJOZSIT,O
LSTIJZO,X
LSTIJOZ,X
LSTIZJO,X
LSTIZOJ,X
LSTIOJZ,X
LSTIOZJ,X
LSTJIZO,X
LSTJIOZ,X
LSTJZIO,X
LSTJZOI,X
LSTJOIZ,X
LSTJOZI,X
LSTZIJO,X
LSTZIOJ,X
LSTZJIO,X
LSTZJOI,X
LSTZOIJ,X
LSTZOJI,X
LSTOIJZ,X
LSTOIZJ,X
LSTOJIZ,X
LSTOJZI,X
LSTOZIJ,X
LSTOZJI,X
LSITJZO,X
LSITJOZ,X
LSITZJO,X
LSITZOJ,X
LSITOJZ,X
LSITOZJ,X
LSIJTZO,X
LSIJTOZ,X
LSIJZTO,X
LSIJZOT,X
LSIJOTZ,X
LSIJOZT,X
LSIZTJO,X
LSIZTOJ,X
LSIZJTO,X
LSIZJOT,X
LSIZOTJ,X
LSIZOJT,X
LSIOTJZ,X
LSIOTZJ,X
LSIOJTZ,X
LSIOJZT,X
LSIOZTJ,X
LSIOZJT,X
LSJTIZO,X
LSJTIOZ,X
LSJTZIO,X
LSJTZOI,X
LSJTOIZ,X
LSJTOZI,X
LSJITZO,X
LSJITOZ,X
LSJIZTO,X
LSJIZOT,X
LSJIOTZ,X
LSJIOZT,X
LSJZTIO,X
LSJZTOI,X
LSJZITO,X
LSJZIOT,X
LSJZOTI,X
LSJZOIT,X
LSJOTIZ,X
LSJOTZI,X
LSJOITZ,X
LSJOIZT,X
LSJOZTI,X
LSJOZIT,X
LSZTIJO,X
LSZTIOJ,X
LSZTJIO,X
LSZTJOI,X
LSZTOIJ,X
LSZTOJI,X
LSZITJO,X
LSZITOJ,X
LSZIJTO,X
LSZIJOT,X
LSZIOTJ,X
LSZIOJT,X
LSZJTIO,X
LSZJTOI,X
LSZJITO,X
LSZJIOT,X
LSZJOTI,X
LSZJOIT,X
LSZOTIJ,X
LSZOTJI,X
LSZOITJ,X
LSZOIJT,X
LSZOJTI,X
LSZOJIT,X
LSOTIJZ,X
LSOTIZJ,X
LSOTJIZ,X
LSOTJZI,X
LSOTZIJ,X
LSOTZJI,X
LSOITJZ,X
LSOITZJ,X
LSOIJTZ,X
LSOIJZT,X
LSOIZTJ,X
LSOIZJT,X
LSOJTIZ,X
LSOJTZI,X
LSOJITZ,X
LSOJIZT,X
LSOJZTI,X
LSOJZIT,X
LSOZTIJ,X
LSOZTJI,X
LSOZITJ,X
LSOZIJT,X
LSOZJTI,X
LSOZJIT,X
LZTIJSO,X
LZTIJOS,X
LZTISJO,X
LZTISOJ,X
LZTIOJS,X
LZTIOSJ,X
LZTJISO,X
LZTJIOS,X
LZTJSIO,X
LZTJSOI,X
LZTJOIS,X
LZTJOSI,X
LZTSIJO,X
LZTSIOJ,X
LZTSJIO,X
LZTSJOI,X
LZTSOIJ,X
LZTSOJI,X
LZTOIJS,X
LZTOISJ,X
LZTOJIS,X
LZTOJSI,X
LZTOSIJ,X
LZTOSJI,X
LZITJSO,X
LZITJOS,X
LZITSJO,X
LZITSOJ,X
LZITOJS,X
LZITOSJ,X
LZIJTSO,X
LZIJTOS,X
LZIJSTO,X
LZIJSOT,O
LZIJOTS,X
LZIJOST,O
LZISTJO,X
LZISTOJ,X
LZISJTO,X
LZISJOT,O
LZISOTJ,X
LZISOJT,O
LZIOTJS,X
LZIOTSJ,X
LZIOJTS,X
LZIOJST,O
LZIOSTJ,X
LZIOSJT,O
LZJTISO,X
LZJTIOS,X
LZJTSIO,X
LZJTSOI,X
LZJTOIS,X
LZJTOSI,X
LZJITSO,X
LZJITOS,X
LZJISTO,X
LZJISOT,O
LZJIOTS,X
LZJIOST,O
LZJSTIO,X
LZJSTOI,X
LZJSITO,X
LZJSIOT,O
LZJSOTI,X
LZJSOIT,O
LZJOTIS,X
LZJOTSI,X
LZJOITS,X
LZJOIST,O
LZJOSTI,X
LZJOSIT,O
LZSTIJO,X
LZSTIOJ,X
LZSTJIO,X
LZSTJOI,X
LZSTOIJ,X
LZSTOJI,X
LZSITJO,X
LZSITOJ,X
LZSIJTO,X
LZSIJOT,O
LZSIOTJ,X
LZSIOJT,O
LZSJTIO,X
LZSJTOI,X
LZSJITO,X
LZSJIOT,O
LZSJOTI,X
LZSJOIT,O
LZSOTIJ,X
LZSOTJI,X
LZSOITJ,X
LZSOIJT,O
LZSOJTI,X
LZSOJIT,O
LZOTIJS,X
LZOTISJ,X
LZOTJIS,X
LZOTJSI,X
LZOTSIJ,X
LZOTSJI,X
LZOITJS,X
LZOITSJ,X
LZOIJTS,X
LZOIJST,O
LZOISTJ,X
LZOISJT,O
LZOJTIS,X
LZOJTSI,X
LZOJITS,X
LZOJIST,O
LZOJSTI,X
LZOJSIT,O
LZOSTIJ,X
LZOSTJI,X
LZOSITJ,X
LZOSIJT,O
LZOSJTI,X
LZOSJIT,O
LOTIJSZ,X
LOTIJZS,O
LOTISJZ,X
LOTISZJ,X
LOTIZJS,O
LOTIZSJ,O
LOTJISZ,X
LOTJIZS,O
LOTJSIZ,X
LOTJSZI,X
LOTJZIS,O
LOTJZSI,O
LOTSIJZ,X
LOTSIZJ,X
LOTSJIZ,X
LOTSJZI,X
LOTSZIJ,X
LOTSZJI,X
LOTZIJS,O
LOTZISJ,O
LOTZJIS,O
LOTZJSI,O
LOTZSIJ,O
LOTZSJI,O
LOITJSZ,X
LOITJZS,O
LOITSJZ,X
LOITSZJ,X
LOITZJS,O
LOITZSJ,O
LOIJTSZ,X
LOIJTZS,O
LOIJSTZ,X
LOIJSZT,X
LOIJZTS,X
LOIJZST,O
LOISTJZ,X
LOISTZJ,X
LOISJTZ,X
LOISJZT,X
LOISZTJ,X
LOISZJT,X
LOIZTJS,X
LOIZTSJ,X
LOIZJTS,X
LOIZJST,O
LOIZSTJ,X
LOIZSJT,O
LOJTISZ,X
LOJTIZS,O
LOJTSIZ,X
LOJTSZI,X
LOJTZIS,O
LOJTZSI,O
LOJITSZ,X
LOJITZS,O
LOJISTZ,X
LOJISZT,X
LOJIZTS,X
LOJIZST,O
LOJSTIZ,X
LOJSTZI,X
LOJSITZ,X
LOJSIZT,X
LOJSZTI,X
LOJSZIT,X
LOJZTIS,X
LOJZTSI,X
LOJZITS,X
LOJZIST,O
LOJZSTI,X
LOJZSIT,O
LOSTIJZ,X
LOSTIZJ,X
LOSTJIZ,X
LOSTJZI,X
LOSTZIJ,X
LOSTZJI,X
LOSITJZ,X
LOSITZJ,X
LOSIJTZ,X
LOSIJZT,X
LOSIZTJ,X
LOSIZJT,X
LOSJTIZ,X
LOSJTZI,X
LOSJITZ,X
LOSJIZT,X
LOSJZTI,X
LOSJZIT,X
LOSZTIJ,X
LOSZTJI,X
LOSZITJ,X
LOSZIJT,X
LOSZJTI,X
LOSZJIT,X
LOZTIJS,X
LOZTISJ,X
LOZTJIS,X
LOZTJSI,X
LOZTSIJ,X
LOZTSJI,X
LOZITJS,X
LOZITSJ,X
LOZIJTS,X
LOZIJST,O
LOZISTJ,X
LOZISJT,O
LOZJTIS,X
LOZJTSI,X
LOZJITS,X
LOZJIST,O
LOZJSTI,X
LOZJSIT,O
LOZSTIJ,X
LOZSTJI,X
LOZSITJ,X
LOZSIJT,O
LOZSJTI,X
LOZSJIT,O
JTILSZO,X
JTILSOZ,X
JTILZSO,O
JTILZOS,O
JTILOSZ,X
JTILOZS,O
JTISLZO,X
JTISLOZ,X
JTISZLO,X
JTISZOL,X
JTISOLZ,X
JTISOZL,X
JTIZLSO,O
JTIZLOS,O
JTIZSLO,O
JTIZSOL,O
JTIZOLS,O
JTIZOSL,O
JTIOLSZ,X
JTIOLZS,O
JTIOSLZ,X
JTIOSZL,X
JTIOZLS,O
JTIOZSL,O
JTLISZO,X
JTLISOZ,X
JTLIZSO,O
JTLIZOS,O
JTLIOSZ,X
JTLIOZS,O
JTLSIZO,X
JTLSIOZ,X
JTLSZIO,X
JTLSZOI,X
JTLSOIZ,X
JTLSOZI,X
JTLZISO,O
JTLZIOS,O
JTLZSIO,O
JTLZSOI,O
JTLZOIS,O
JTLZOSI,O
JTLOISZ,X
JTLOIZS,O
JTLOSIZ,X
JTLOSZI,X
JTLOZIS,O
JTLOZSI,O
JTSILZO,X
JTSILOZ,X
JTSIZLO,X
JTSIZOL,X
JTSIOLZ,X
JTSIOZL,X
JTSLIZO,X
JTSLIOZ,X
JTSLZIO,X
JTSLZOI,X
JTSLOIZ,X
JTSLOZI,X
JTSZILO,X
JTSZIOL,X
JTSZLIO,X
JTSZLOI,X
JTSZOIL,X
JTSZOLI,X
JTSOILZ,X
JTSOIZL,X
JTSOLIZ,X
JTSOLZI,X
JTSOZIL,X
JTSOZLI,X
JTZILSO,O
JTZILOS,O
JTZISLO,O
JTZISOL,O
JTZIOLS,O
JTZIOSL,O
JTZLISO,O
JTZLIOS,O
JTZLSIO,O
JTZLSOI,O
JTZLOIS,O
JTZLOSI,O
JTZSILO,O
JTZSIOL,O
JTZSLIO,O
JTZSLOI,O
JTZSOIL,O
JTZSOLI,O
JTZOILS,O
JTZOISL,O
JTZOLIS,O
JTZOLSI,O
JTZOSIL,O
JTZOSLI,O
JTOILSZ,X
JTOILZS,O
JTOISLZ,X
JTOISZL,X
JTOIZLS,O
JTOIZSL,O
JTOLISZ,X
JTOLIZS,O
JTOLSIZ,X
JTOLSZI,X
JTOLZIS,O
JTOLZSI,O
JTOSILZ,X
JTOSIZL,X
JTOSLIZ,X
JTOSLZI,X
JTOSZIL,X
JTOSZLI,X
JTOZILS,O
JTOZISL,O
JTOZLIS,O
JTOZLSI,O
JTOZSIL,O
JTOZSLI,O
JITLSZO,X
JITLSOZ,X
JITLZSO,O
JITLZOS,O
JITLOSZ,X
JITLOZS,O
JITSLZO,X
JITSLOZ,X
JITSZLO,X
JITSZOL,X
JITSOLZ,X
JITSOZL,X
JITZLSO,O
JITZLOS,O
JITZSLO,O
JITZSOL,O
JITZOLS,O
JITZOSL,O
JITOLSZ,X
JITOLZS,O
JITOSLZ,X
JITOSZL,X
JITOZLS,O
JITOZSL,O
JILTSZO,X
JILTSOZ,X
JILTZSO,O
JILTZOS,O
JILTOSZ,X
JILTOZS,O
JILSTZO,X
JILSTOZ,X
JILSZTO,X
JILSZOT,X
JILSOTZ,X
JILSOZT,X
JILZTSO,X
JILZTOS,X
JILZSTO,X
JILZSOT,O
JILZOTS,X
JILZOST,O
JILOTSZ,X
JILOTZS,O
JILOSTZ,X
JILOSZT,X
JILOZTS,X
JILOZST,O
JISTLZO,X
JISTLOZ,X
JISTZLO,X
JISTZOL,X
JISTOLZ,X
JISTOZL,X
JISLTZO,X
JISLTOZ,X
JISLZTO,X
JISLZOT,X
JISLOTZ,X
JISLOZT,X
JISZTLO,X
JISZTOL,X
JISZLTO,X
JISZLOT,X
JISZOTL,X
JISZOLT,X
JISOTLZ,X
JISOTZL,X
JISOLTZ,X
JISOLZT,X
JISOZTL,X
JISOZLT,X
JIZTLSO,X
JIZTLOS,X
JIZTSLO,X
JIZTSOL,X
JIZTOLS,X
JIZTOSL,X
JIZLTSO,X
JIZLTOS,X
JIZLSTO,X
JIZLSOT,O
JIZLOTS,X
JIZLOST,O
JIZSTLO,X
JIZSTOL,X
JIZSLTO,X
JIZSLOT,O
JIZSOTL,X
JIZSOLT,O
JIZOTLS,X
JIZOTSL,X
JIZOLTS,X
JIZOLST,O
JIZOSTL,X
JIZOSLT,O
JIOTLSZ,X
JIOTLZS,O
JIOTSLZ,X
JIOTSZL,X
JIOTZLS,O
JIOTZSL,O
JIOLTSZ,X
JIOLTZS,O
JIOLSTZ,X
JIOLSZT,X
JIOLZTS,X
JIOLZST,O
JIOSTLZ,X
JIOSTZL,X
JIOSLTZ,X
JIOSLZT,X
JIOSZTL,X
JIOSZLT,X
JIOZTLS,X
JIOZTSL,X
JIOZLTS,X
JIOZLST,O
JIOZSTL,X
JIOZSLT,O
JLTISZO,X
JLTISOZ,X
JLTIZSO,O
JLTIZOS,O
JLTIOSZ,X
JLTIOZS,O
JLTSIZO,X
JLTSIOZ,X
JLTSZIO,X
JLTSZOI,X
JLTSOIZ,X
JLTSOZI,X
JLTZISO,O
JLTZIOS,O
JLTZSIO,O
JLTZSOI,O
JLTZOIS,O
JLTZOSI,O
JLTOISZ,X
JLTOIZS,O
JLTOSIZ,X
JLTOSZI,X
JLTOZIS,O
JLTOZSI,O
JLITSZO,X
JLITSOZ,X
JLITZSO,O
JLITZOS,O
JLITOSZ,X
JLITOZS,O
JLISTZO,X
JLISTOZ,X
JLISZTO,X
JLISZOT,X
JLISOTZ,X
JLISOZT,X
JLIZTSO,X
JLIZTOS,X
JLIZSTO,X
JLIZSOT,O
JLIZOTS,X
JLIZOST,O
JLIOTSZ,X
JLIOTZS,O
JLIOSTZ,X
JLIOSZT,X
JLIOZTS,X
JLIOZST,O
JLSTIZO,X
JLSTIOZ,X
JLSTZIO,X
JLSTZOI,X
JLSTOIZ,X
JLSTOZI,X
JLSITZO,X
JLSITOZ,X
JLSIZTO,X
JLSIZOT,X
JLSIOTZ,X
JLSIOZT,X
JLSZTIO,X
JLSZTOI,X
JLSZITO,X
JLSZIOT,X
JLSZOTI,X
JLSZOIT,X
JLSOTIZ,X
JLSOTZI,X
JLSOITZ,X
JLSOIZT,X
JLSOZTI,X
JLSOZIT,X
JLZTISO,X
JLZTIOS,X
JLZTSIO,X
JLZTSOI,X
JLZTOIS,X
JLZTOSI,X
JLZITSO,X
JLZITOS,X
JLZISTO,X
JLZISOT,O
JLZIOTS,X
JLZIOST,O
JLZSTIO,X
JLZSTOI,X
JLZSITO,X
JLZSIOT,O
JLZSOTI,X
JLZSOIT,O
JLZOTIS,X
JLZOTSI,X
JLZOITS,X
JLZOIST,O
JLZOSTI,X
JLZOSIT,O
JLOTISZ,X
JLOTIZS,O
JLOTSIZ,X
JLOTSZI,X
JLOTZIS,O
JLOTZSI,O
JLOITSZ,X
JLOITZS,O
JLOISTZ,X
JLOISZT,X
JLOIZTS,X
JLOIZST,O
JLOSTIZ,X
JLOSTZI,X
JLOSITZ,X
JLOSIZT,X
JLOSZTI,X
JLOSZIT,X
JLOZTIS,X
JLOZTSI,X
JLOZITS,X
JLOZIST,O
JLOZSTI,X
JLOZSIT,O
JSTILZO,X
JSTILOZ,X
JSTIZLO,X
JSTIZOL,X
JSTIOLZ,X
JSTIOZL,X
JSTLIZO,X
JSTLIOZ,X
JSTLZIO,X
JSTLZOI,X
JSTLOIZ,X
JSTLOZI,X
JSTZILO,X
JSTZIOL,X
JSTZLIO,X
JSTZLOI,X
JSTZOIL,X
JSTZOLI,X
JSTOILZ,X
JSTOIZL,X
JSTOLIZ,X
JSTOLZI,X
JSTOZIL,X
JSTOZLI,X
JSITLZO,X
JSITLOZ,X
JSITZLO,X
JSITZOL,X
JSITOLZ,X
JSITOZL,X
JSILTZO,X
JSILTOZ,X
JSILZTO,X
JSILZOT,X
JSILOTZ,X
JSILOZT,X
JSIZTLO,X
JSIZTOL,X
JSIZLTO,X
JSIZLOT,X
JSIZOTL,X
JSIZOLT,X
JSIOTLZ,X
JSIOTZL,X
JSIOLTZ,X
JSIOLZT,X
JSIOZTL,X
JSIOZLT,X
JSLTIZO,X
JSLTIOZ,X
JSLTZIO,X
JSLTZOI,X
JSLTOIZ,X
JSLTOZI,X
JSLITZO,X
JSLITOZ,X
JSLIZTO,X
JSLIZOT,X
JSLIOTZ,X
JSLIOZT,X
JSLZTIO,X
JSLZTOI,X
JSLZITO,X
JSLZIOT,X
JSLZOTI,X
JSLZOIT,X
JSLOTIZ,X
JSLOTZI,X
JSLOITZ,X
JSLOIZT,X
JSLOZTI,X
JSLOZIT,X
JSZTILO,X
JSZTIOL,X
JSZTLIO,X
JSZTLOI,X
JSZTOIL,X
JSZTOLI,X
JSZITLO,X
JSZITOL,X
JSZILTO,X
JSZILOT,X
JSZIOTL,X
JSZIOLT,X
JSZLTIO,X
JSZLTOI,X
JSZLITO,X
JSZLIOT,X
JSZLOTI,X
JSZLOIT,X
JSZOTIL,X
JSZOTLI,X
JSZOITL,X
JSZOILT,X
JSZOLTI,X
JSZOLIT,X
JSOTILZ,X
JSOTIZL,X
JSOTLIZ,X
JSOTLZI,X
JSOTZIL,X
JSOTZLI,X
JSOITLZ,X
JSOITZL,X
JSOILTZ,X
JSOILZT,X
JSOIZTL,X
JSOIZLT,X
JSOLTIZ,X
JSOLTZI,X
JSOLITZ,X
JSOLIZT,X
JSOLZTI,X
JSOLZIT,X
JSOZTIL,X
JSOZTLI,X
JSOZITL,X
JSOZILT,X
JSOZLTI,X
JSOZLIT,X
JZTILSO,X
JZTILOS,X
JZTISLO,X
JZTISOL,X
JZTIOLS,X
JZTIOSL,X
JZTLISO,X
JZTLIOS,X
JZTLSIO,X
JZTLSOI,X
JZTLOIS,X
JZTLOSI,X
JZTSILO,X
JZTSIOL,X
JZTSLIO,X
JZTSLOI,X
JZTSOIL,X
JZTSOLI,X
JZTOILS,X
JZTOISL,X
JZTOLIS,X
JZTOLSI,X
JZTOSIL,X
JZTOSLI,X
JZITLSO,X
JZITLOS,X
JZITSLO,X
JZITSOL,X
JZITOLS,X
JZITOSL,X
JZILTSO,X
JZILTOS,X
JZILSTO,X
JZILSOT,O
JZILOTS,X
JZILOST,O
JZISTLO,X
JZISTOL,X
JZISLTO,X
JZISLOT,O
JZISOTL,X
JZISOLT,O
JZIOTLS,X
JZIOTSL,X
JZIOLTS,X
JZIOLST,O
JZIOSTL,X
JZIOSLT,O
JZLTISO,X
JZLTIOS,X
JZLTSIO,X
JZLTSOI,X
JZLTOIS,X
JZLTOSI,X
JZLITSO,X
JZLITOS,X
JZLISTO,X
JZLISOT,O
JZLIOTS,X
JZLIOST,O
JZLSTIO,X
JZLSTOI,X
JZLSITO,X
JZLSIOT,O
JZLSOTI,X
JZLSOIT,O
JZLOTIS,X
JZLOTSI,X
JZLOITS,X
JZLOIST,O
JZLOSTI,X
JZLOSIT,O
JZSTILO,X
JZSTIOL,X
JZSTLIO,X
JZSTLOI,X
JZSTOIL,X
JZSTOLI,X
JZSITLO,X
JZSITOL,X
JZSILTO,X
JZSILOT,O
JZSIOTL,X
JZSIOLT,O
JZSLTIO,X
JZSLTOI,X
JZSLITO,X
JZSLIOT,O
JZSLOTI,X
JZSLOIT,O
JZSOTIL,X
JZSOTLI,X
JZSOITL,X
JZSOILT,O
JZSOLTI,X
JZSOLIT,O
JZOTILS,X
JZOTISL,X
JZOTLIS,X
JZOTLSI,X
JZOTSIL,X
JZOTSLI,X
JZOITLS,X
JZOITSL,X
JZOILTS,X
JZOILST,O
JZOISTL,X
JZOISLT,O
JZOLTIS,X
JZOLTSI,X
JZOLITS,X
JZOLIST,O
JZOLSTI,X
JZOLSIT,O
JZOSTIL,X
JZOSTLI,X
JZOSITL,X
JZOSILT,O
JZOSLTI,X
JZOSLIT,O
JOTILSZ,X
JOTILZS,O
JOTISLZ,X
JOTISZL,X
JOTIZLS,O
JOTIZSL,O
JOTLISZ,X
JOTLIZS,O
JOTLSIZ,X
JOTLSZI,X
JOTLZIS,O
JOTLZSI,O
JOTSILZ,X
JOTSIZL,X
JOTSLIZ,X
JOTSLZI,X
JOTSZIL,X
JOTSZLI,X
JOTZILS,O
JOTZISL,O
JOTZLIS,O
JOTZLSI,O
JOTZSIL,O
JOTZSLI,O
JOITLSZ,X
JOITLZS,O
JOITSLZ,X
JOITSZL,X
JOITZLS,O
JOITZSL,O
JOILTSZ,X
JOILTZS,O
JOILSTZ,X
JOILSZT,X
JOILZTS,X
JOILZST,O
JOISTLZ,X
JOISTZL,X
JOISLTZ,X
JOISLZT,X
JOISZTL,X
JOISZLT,X
JOIZTLS,X
JOIZTSL,X
JOIZLTS,X
JOIZLST,O
JOIZSTL,X
JOIZSLT,O
JOLTISZ,X
JOLTIZS,O
JOLTSIZ,X
JOLTSZI,X
JOLTZIS,O
JOLTZSI,O
JOLITSZ,X
JOLITZS,O
JOLISTZ,X
JOLISZT,X
JOLIZTS,X
JOLIZST,O
JOLSTIZ,X
JOLSTZI,X
JOLSITZ,X
JOLSIZT,X
JOLSZTI,X
JOLSZIT,X
JOLZTIS,X
JOLZTSI,X
JOLZITS,X
JOLZIST,O
JOLZSTI,X
JOLZSIT,O
JOSTILZ,X
JOSTIZL,X
JOSTLIZ,X
JOSTLZI,X
JOSTZIL,X
JOSTZLI,X
JOSITLZ,X
JOSITZL,X
JOSILTZ,X
JOSILZT,X
JOSIZTL,X
JOSIZLT,X
JOSLTIZ,X
JOSLTZI,X
JOSLITZ,X
JOSLIZT,X
JOSLZTI,X
JOSLZIT,X
JOSZTIL,X
JOSZTLI,X
JOSZITL,X
JOSZILT,X
JOSZLTI,X
JOSZLIT,X
JOZTILS,X
JOZTISL,X
JOZTLIS,X
JOZTLSI,X
JOZTSIL,X
JOZTSLI,X
JOZITLS,X
JOZITSL,X
JOZILTS,X
JOZILST,O
JOZISTL,X
JOZISLT,O
JOZLTIS,X
JOZLTSI,X
JOZLITS,X
JOZLIST,O
JOZLSTI,X
JOZLSIT,O
JOZSTIL,X
JOZSTLI,X
JOZSITL,X
JOZSILT,O
JOZSLTI,X
JOZSLIT,O
STILJZO,X
STILJOZ,X
STILZJO,X
STILZOJ,X
STILOJZ,X
STILOZJ,X
STIJLZO,X
STIJLOZ,X
STIJZLO,X
STIJZOL,X
STIJOLZ,X
STIJOZL,X
STIZLJO,X
STIZLOJ,X
STIZJLO,X
STIZJOL,X
STIZOLJ,X
STIZOJL,X
STIOLJZ,X
STIOLZJ,X
STIOJLZ,X
STIOJZL,X
STIOZLJ,X
STIOZJL,X
STLIJZO,X
STLIJOZ,X
STLIZJO,X
STLIZOJ,X
STLIOJZ,X
STLIOZJ,X
STLJIZO,X
STLJIOZ,X
STLJZIO,X
STLJZOI,X
STLJOIZ,X
STLJOZI,X
STLZIJO,X
STLZIOJ,X
STLZJIO,X
STLZJOI,X
STLZOIJ,X
STLZOJI,X
STLOIJZ,X
STLOIZJ,X
STLOJIZ,X
STLOJZI,X
STLOZIJ,X
STLOZJI,X
STJILZO,X
STJILOZ,X
STJIZLO,X
STJIZOL,X
STJIOLZ,X
STJIOZL,X
STJLIZO,X
STJLIOZ,X
STJLZIO,X
STJLZOI,X
STJLOIZ,X
STJLOZI,X
STJZILO,X
STJZIOL,X
STJZLIO,X
STJZLOI,X
STJZOIL,X
STJZOLI,X
STJOILZ,X
STJOIZL,X
STJOLIZ,X
STJOLZI,X
STJOZIL,X
STJOZLI,X
STZILJO,X
STZILOJ,X
STZIJLO,X
STZIJOL,X
STZIOLJ,X
STZIOJL,X
STZLIJO,X
STZLIOJ,X
STZLJIO,X
STZLJOI,X
STZLOIJ,X
STZLOJI,X
STZJILO,X
STZJIOL,X
STZJLIO,X
STZJLOI,X
STZJOIL,X
STZJOLI,X
STZOILJ,X
STZOIJL,X
STZOLIJ,X
STZOLJI,X
STZOJIL,X
STZOJLI,X
STOILJZ,X
STOILZJ,X
STOIJLZ,X
STOIJZL,X
STOIZLJ,X
STOIZJL,X
STOLIJZ,X
STOLIZJ,X
STOLJIZ,X
STOLJZI,X
STOLZIJ,X
STOLZJI,X
STOJILZ,X
STOJIZL,X
STOJLIZ,X
STOJLZI,X
STOJZIL,X
STOJZLI,X
STOZILJ,X
STOZIJL,X
STOZLIJ,X
STOZLJI,X
STOZJIL,X
STOZJLI,X
SITLJZO,X
SITLJOZ,X
SITLZJO,X
SITLZOJ,X
SITLOJZ,X
SITLOZJ,X
SITJLZO,X
SITJLOZ,X
SITJZLO,X
SITJZOL,X
SITJOLZ,X
SITJOZL,X
SITZLJO,X
SITZLOJ,X
SITZJLO,X
SITZJOL,X
SITZOLJ,X
SITZOJL,X
SITOLJZ,X
SITOLZJ,X
SITOJLZ,X
SITOJZL,X
SITOZLJ,X
SITOZJL,X
SILTJZO,X
SILTJOZ,X
SILTZJO,X
SILTZOJ,X
SILTOJZ,X
SILTOZJ,X
SILJTZO,X
SILJTOZ,X
SILJZTO,X
SILJZOT,X
SILJOTZ,X
SILJOZT,X
SILZTJO,X
SILZTOJ,X
SILZJTO,X
SILZJOT,X
SILZOTJ,X
SILZOJT,X
SILOTJZ,X
SILOTZJ,X
SILOJTZ,X
SILOJZT,X
SILOZTJ,X
SILOZJT,X
SIJTLZO,X
SIJTLOZ,X
SIJTZLO,X
SIJTZOL,X
SIJTOLZ,X
SIJTOZL,X
SIJLTZO,X
SIJLTOZ,X
SIJLZTO,X
SIJLZOT,X
SIJLOTZ,X
SIJLOZT,X
SIJZTLO,X
SIJZTOL,X
SIJZLTO,X
SIJZLOT,X
SIJZOTL,X
SIJZOLT,X
SIJOTLZ,X
SIJOTZL,X
SIJOLTZ,X
SIJOLZT,X
SIJOZTL,X
SIJOZLT,X
SIZTLJO,X
SIZTLOJ,X
SIZTJLO,X
SIZTJOL,X
SIZTOLJ,X
SIZTOJL,X
SIZLTJO,X
SIZLTOJ,X
SIZLJTO,X
SIZLJOT,X
SIZLOTJ,X
SIZLOJT,X
SIZJTLO,X
SIZJTOL,X
SIZJLTO,X
SIZJLOT,X
SIZJOTL,X
SIZJOLT,X
SIZOTLJ,X
SIZOTJL,X
SIZOLTJ,X
SIZOLJT,X
SIZOJTL,X
SIZOJLT,X
SIOTLJZ,X
SIOTLZJ,X
SIOTJLZ,X
SIOTJZL,X
SIOTZLJ,X
SIOTZJL,X
SIOLTJZ,X
SIOLTZJ,X
SIOLJTZ,X
SIOLJZT,X
SIOLZTJ,X
SIOLZJT,X
SIOJTLZ,X
SIOJTZL,X
SIOJLTZ,X
SIOJLZT,X
SIOJZTL,X
SIOJZLT,X
SIOZTLJ,X
SIOZTJL,X
SIOZLTJ,X
SIOZLJT,X
SIOZJTL,X
SIOZJLT,X
SLTIJZO,X
SLTIJOZ,X
SLTIZJO,X
SLTIZOJ,X
SLTIOJZ,X
SLTIOZJ,X
SLTJIZO,X
SLTJIOZ,X
SLTJZIO,X
SLTJZOI,X
SLTJOIZ,X
SLTJOZI,X
SLTZIJO,X
SLTZIOJ,X
SLTZJIO,X
SLTZJOI,X
SLTZOIJ,X
SLTZOJI,X
SLTOIJZ,X
SLTOIZJ,X
SLTOJIZ,X
SLTOJZI,X
SLTOZIJ,X
SLTOZJI,X
SLITJZO,X
SLITJOZ,X
SLITZJO,X
SLITZOJ,X
SLITOJZ,X
SLITOZJ,X
SLIJTZO,X
SLIJTOZ,X
SLIJZTO,X
SLIJZOT,X
SLIJOTZ,X
SLIJOZT,X
SLIZTJO,X
SLIZTOJ,X
SLIZJTO,X
SLIZJOT,X
SLIZOTJ,X
SLIZOJT,X
SLIOTJZ,X
SLIOTZJ,X
SLIOJTZ,X
SLIOJZT,X
SLIOZTJ,X
SLIOZJT,X
SLJTIZO,X
SLJTIOZ,X
SLJTZIO,X
SLJTZOI,X
SLJTOIZ,X
SLJTOZI,X
SLJITZO,X
SLJITOZ,X
SLJIZTO,X
SLJIZOT,X
SLJIOTZ,X
SLJIOZT,X
SLJZTIO,X
SLJZTOI,X
SLJZITO,X
SLJZIOT,X
SLJZOTI,X
SLJZOIT,X
SLJOTIZ,X
SLJOTZI,X
SLJOITZ,X
SLJOIZT,X
SLJOZTI,X
SLJOZIT,X
SLZTIJO,X
SLZTIOJ,X
SLZTJIO,X
SLZTJOI,X
SLZTOIJ,X
SLZTOJI,X
SLZITJO,X
SLZITOJ,X
SLZIJTO,X
SLZIJOT,X
SLZIOTJ,X
SLZIOJT,X
SLZJTIO,X
SLZJTOI,X
SLZJITO,X
SLZJIOT,X
SLZJOTI,X
SLZJOIT,X
SLZOTIJ,X
SLZOTJI,X
SLZOITJ,X
SLZOIJT,X
SLZOJTI,X
SLZOJIT,X
SLOTIJZ,X
SLOTIZJ,X
SLOTJIZ,X
SLOTJZI,X
SLOTZIJ,X
SLOTZJI,X
SLOITJZ,X
SLOITZJ,X
SLOIJTZ,X
SLOIJZT,X
SLOIZTJ,X
SLOIZJT,X
SLOJTIZ,X
SLOJTZI,X
SLOJITZ,X
SLOJIZT,X
SLOJZTI,X
SLOJZIT,X
SLOZTIJ,X
SLOZTJI,X
SLOZITJ,X
SLOZIJT,X
SLOZJTI,X
SLOZJIT,X
SJTILZO,X
SJTILOZ,X
SJTIZLO,X
SJTIZOL,X
SJTIOLZ,X
SJTIOZL,X
SJTLIZO,X
SJTLIOZ,X
SJTLZIO,X
SJTLZOI,X
SJTLOIZ,X
SJTLOZI,X
SJTZILO,X
SJTZIOL,X
SJTZLIO,X
SJTZLOI,X
SJTZOIL,X
SJTZOLI,X
SJTOILZ,X
SJTOIZL,X
SJTOLIZ,X
SJTOLZI,X
SJTOZIL,X
SJTOZLI,X
SJITLZO,X
SJITLOZ,X
SJITZLO,X
SJITZOL,X
SJITOLZ,X
SJITOZL,X
SJILTZO,X
SJILTOZ,X
SJILZTO,X
SJILZOT,X
SJILOTZ,X
SJILOZT,X
SJIZTLO,X
SJIZTOL,X
SJIZLTO,X
SJIZLOT,X
SJIZOTL,X
SJIZOLT,X
SJIOTLZ,X
SJIOTZL,X
SJIOLTZ,X
SJIOLZT,X
SJIOZTL,X
SJIOZLT,X
SJLTIZO,X
SJLTIOZ,X
SJLTZIO,X
SJLTZOI,X
SJLTOIZ,X
SJLTOZI,X
SJLITZO,X
SJLITOZ,X
SJLIZTO,X
SJLIZOT,X
SJLIOTZ,X
SJLIOZT,X
SJLZTIO,X
SJLZTOI,X
SJLZITO,X
SJLZIOT,X
SJLZOTI,X
SJLZOIT,X
SJLOTIZ,X
SJLOTZI,X
SJLOITZ,X
SJLOIZT,X
SJLOZTI,X
SJLOZIT,X
SJZTILO,X
SJZTIOL,X
SJZTLIO,X
SJZTLOI,X
SJZTOIL,X
SJZTOLI,X
SJZITLO,X
SJZITOL,X
SJZILTO,X
SJZILOT,X
SJZIOTL,X
SJZIOLT,X
SJZLTIO,X
SJZLTOI,X
SJZLITO,X
SJZLIOT,X
SJZLOTI,X
SJZLOIT,X
SJZOTIL,X
SJZOTLI,X
SJZOITL,X
SJZOILT,X
SJZOLTI,X
SJZOLIT,X
SJOTILZ,X
SJOTIZL,X
SJOTLIZ,X
SJOTLZI,X
SJOTZIL,X
SJOTZLI,X
SJOITLZ,X
SJOITZL,X
SJOILTZ,X
SJOILZT,X
SJOIZTL,X
SJOIZLT,X
SJOLTIZ,X
SJOLTZI,X
SJOLITZ,X
SJOLIZT,X
SJOLZTI,X
SJOLZIT,X
SJOZTIL,X
SJOZTLI,X
SJOZITL,X
SJOZILT,X
SJOZLTI,X
SJOZLIT,X
SZTILJO,X
SZTILOJ,X
SZTIJLO,X
SZTIJOL,X
SZTIOLJ,X
SZTIOJL,X
SZTLIJO,X
SZTLIOJ,X
SZTLJIO,X
SZTLJOI,X
SZTLOIJ,X
SZTLOJI,X
SZTJILO,X
SZTJIOL,X
SZTJLIO,X
SZTJLOI,X
SZTJOIL,X
SZTJOLI,X
SZTOILJ,X
SZTOIJL,X
SZTOLIJ,X
SZTOLJI,X
SZTOJIL,X
SZTOJLI,X
SZITLJO,X
SZITLOJ,X
SZITJLO,X
SZITJOL,X
SZITOLJ,X
SZITOJL,X
SZILTJO,X
SZILTOJ,X
SZILJTO,X
SZILJOT,X
SZILOTJ,X
SZILOJT,X
SZIJTLO,X
SZIJTOL,X
SZIJLTO,X
SZIJLOT,X
SZIJOTL,X
SZIJOLT,X
SZIOTLJ,X
SZIOTJL,X
SZIOLTJ,X
SZIOLJT,X
SZIOJTL,X
SZIOJLT,X
SZLTIJO,X
SZLTIOJ,X
SZLTJIO,X
SZLTJOI,X
SZLTOIJ,X
SZLTOJI,X
SZLITJO,X
SZLITOJ,X
SZLIJTO,X
SZLIJOT,X
SZLIOTJ,X
SZLIOJT,X
SZLJTIO,X
SZLJTOI,X
SZLJITO,X
SZLJIOT,X
SZLJOTI,X
SZLJOIT,X
SZLOTIJ,X
SZLOTJI,X
SZLOITJ,X
SZLOIJT,X
SZLOJTI,X
SZLOJIT,X
SZJTILO,X
SZJTIOL,X
SZJTLIO,X
SZJTLOI,X
SZJTOIL,X
SZJTOLI,X
SZJITLO,X
SZJITOL,X
SZJILTO,X
SZJILOT,X
SZJIOTL,X
SZJIOLT,X
SZJLTIO,X
SZJLTOI,X
SZJLITO,X
SZJLIOT,X
SZJLOTI,X
SZJLOIT,X
SZJOTIL,X
SZJOTLI,X
SZJOITL,X
SZJOILT,X
SZJOLTI,X
SZJOLIT,X
SZOTILJ,X
SZOTIJL,X
SZOTLIJ,X
SZOTLJI,X
SZOTJIL,X
SZOTJLI,X
SZOITLJ,X
SZOITJL,X
SZOILTJ,X
SZOILJT,X
SZOIJTL,X
SZOIJLT,X
SZOLTIJ,X
SZOLTJI,X
SZOLITJ,X
SZOLIJT,X
SZOLJTI,X
SZOLJIT,X
SZOJTIL,X
SZOJTLI,X
SZOJITL,X
SZOJILT,X
SZOJLTI,X
SZOJLIT,X
SOTILJZ,X
SOTILZJ,X
SOTIJLZ,X
SOTIJZL,X
SOTIZLJ,X
SOTIZJL,X
SOTLIJZ,X
SOTLIZJ,X
SOTLJIZ,X
SOTLJZI,X
SOTLZIJ,X
SOTLZJI,X
SOTJILZ,X
SOTJIZL,X
SOTJLIZ,X
SOTJLZI,X
SOTJZIL,X
SOTJZLI,X
SOTZILJ,X
SOTZIJL,X
SOTZLIJ,X
SOTZLJI,X
SOTZJIL,X
SOTZJLI,X
SOITLJZ,X
SOITLZJ,X
SOITJLZ,X
SOITJZL,X
SOITZLJ,X
SOITZJL,X
SOILTJZ,X
SOILTZJ,X
SOILJTZ,X
SOILJZT,X
SOILZTJ,X
SOILZJT,X
SOIJTLZ,X
SOIJTZL,X
SOIJLTZ,X
SOIJLZT,X
SOIJZTL,X
SOIJZLT,X
SOIZTLJ,X
SOIZTJL,X
SOIZLTJ,X
SOIZLJT,X
SOIZJTL,X
SOIZJLT,X
SOLTIJZ,X
SOLTIZJ,X
SOLTJIZ,X
SOLTJZI,X
SOLTZIJ,X
SOLTZJI,X
SOLITJZ,X
SOLITZJ,X
SOLIJTZ,X
SOLIJZT,X
SOLIZTJ,X
SOLIZJT,X
SOLJTIZ,X
SOLJTZI,X
SOLJITZ,X
SOLJIZT,X
SOLJZTI,X
SOLJZIT,X
SOLZTIJ,X
SOLZTJI,X
SOLZITJ,X
SOLZIJT,X
SOLZJTI,X
SOLZJIT,X
SOJTILZ,X
SOJTIZL,X
SOJTLIZ,X
SOJTLZI,X
SOJTZIL,X
SOJTZLI,X
SOJITLZ,X
SOJITZL,X
SOJILTZ,X
SOJILZT,X
SOJIZTL,X
SOJIZLT,X
SOJLTIZ,X
SOJLTZI,X
SOJLITZ,X
SOJLIZT,X
SOJLZTI,X
SOJLZIT,X
SOJZTIL,X
SOJZTLI,X
SOJZITL,X
SOJZILT,X
SOJZLTI,X
SOJZLIT,X
SOZTILJ,X
SOZTIJL,X
SOZTLIJ,X
SOZTLJI,X
SOZTJIL,X
SOZTJLI,X
SOZITLJ,X
SOZITJL,X
SOZILTJ,X
SOZILJT,X
SOZIJTL,X
SOZIJLT,X
SOZLTIJ,X
SOZLTJI,X
SOZLITJ,X
SOZLIJT,X
SOZLJTI,X
SOZLJIT,X
SOZJTIL,X
SOZJTLI,X
SOZJITL,X
SOZJILT,X
SOZJLTI,X
SOZJLIT,X
ZTILJSO,X
ZTILJOS,X
ZTILSJO,X
ZTILSOJ,X
ZTILOJS,X
ZTILOSJ,X
ZTIJLSO,X
ZTIJLOS,X
ZTIJSLO,X
ZTIJSOL,X
ZTIJOLS,X
ZTIJOSL,X
ZTISLJO,X
ZTISLOJ,X
ZTISJLO,X
ZTISJOL,X
ZTISOLJ,X
ZTISOJL,X
ZTIOLJS,X
ZTIOLSJ,X
ZTIOJLS,X
ZTIOJSL,X
ZTIOSLJ,X
ZTIOSJL,X
ZTLIJSO,X
ZTLIJOS,X
ZTLISJO,X
ZTLISOJ,X
ZTLIOJS,X
ZTLIOSJ,X
ZTLJISO,X
ZTLJIOS,X
ZTLJSIO,X
ZTLJSOI,X
ZTLJOIS,X
ZTLJOSI,X
ZTLSIJO,X
ZTLSIOJ,X
ZTLSJIO,X
ZTLSJOI,X
ZTLSOIJ,X
ZTLSOJI,X
ZTLOIJS,X
ZTLOISJ,X
ZTLOJIS,X
ZTLOJSI,X
ZTLOSIJ,X
ZTLOSJI,X
ZTJILSO,X
ZTJILOS,X
ZTJISLO,X
ZTJISOL,X
ZTJIOLS,X
ZTJIOSL,X
ZTJLISO,X
ZTJLIOS,X
ZTJLSIO,X
ZTJLSOI,X
ZTJLOIS,X
ZTJLOSI,X
ZTJSILO,X
ZTJSIOL,X
ZTJSLIO,X
ZTJSLOI,X
ZTJSOIL,X
ZTJSOLI,X
ZTJOILS,X
ZTJOISL,X
ZTJOLIS,X
ZTJOLSI,X
ZTJOSIL,X
ZTJOSLI,X
ZTSILJO,X
ZTSILOJ,X
ZTSIJLO,X
ZTSIJOL,X
ZTSIOLJ,X
ZTSIOJL,X
ZTSLIJO,X
ZTSLIOJ,X
ZTSLJIO,X
ZTSLJOI,X
ZTSLOIJ,X
ZTSLOJI,X
ZTSJILO,X
ZTSJIOL,X
ZTSJLIO,X
ZTSJLOI,X
ZTSJOIL,X
ZTSJOLI,X
ZTSOILJ,X
ZTSOIJL,X
ZTSOLIJ,X
ZTSOLJI,X
ZTSOJIL,X
ZTSOJLI,X
ZTOILJS,X
ZTOILSJ,X
ZTOIJLS,X
ZTOIJSL,X
ZTOISLJ,X
ZTOISJL,X
ZTOLIJS,X
ZTOLISJ,X
ZTOLJIS,X
ZTOLJSI,X
ZTOLSIJ,X
ZTOLSJI,X
ZTOJILS,X
ZTOJISL,X
ZTOJLIS,X
ZTOJLSI,X
ZTOJSIL,X
ZTOJSLI,X
ZTOSILJ,X
ZTOSIJL,X
ZTOSLIJ,X
ZTOSLJI,X
ZTOSJIL,X
ZTOSJLI,X
ZITLJSO,X
ZITLJOS,X
ZITLSJO,X
ZITLSOJ,X
ZITLOJS,X
ZITLOSJ,X
ZITJLSO,X
ZITJLOS,X
ZITJSLO,X
ZITJSOL,X
ZITJOLS,X
ZITJOSL,X
ZITSLJO,X
ZITSLOJ,X
ZITSJLO,X
ZITSJOL,X
ZITSOLJ,X
ZITSOJL,X
ZITOLJS,X
ZITOLSJ,X
ZITOJLS,X
ZITOJSL,X
ZITOSLJ,X
ZITOSJL,X
ZILTJSO,X
ZILTJOS,X
ZILTSJO,X
ZILTSOJ,X
ZILTOJS,X
ZILTOSJ,X
ZILJTSO,X
ZILJTOS,X
ZILJSTO,X
ZILJSOT,O
ZILJOTS,X
ZILJOST,O
ZILSTJO,X
ZILSTOJ,X
ZILSJTO,X
ZILSJOT,O
ZILSOTJ,X
ZILSOJT,O
ZILOTJS,X
ZILOTSJ,X
ZILOJTS,X
ZILOJST,O
ZILOSTJ,X
ZILOSJT,O
ZIJTLSO,X
ZIJTLOS,X
ZIJTSLO,X
ZIJTSOL,X
ZIJTOLS,X
ZIJTOSL,X
ZIJLTSO,X
ZIJLTOS,X
ZIJLSTO,X
ZIJLSOT,O
ZIJLOTS,X
ZIJLOST,O
ZIJSTLO,X
ZIJSTOL,X
ZIJSLTO,X
ZIJSLOT,O
ZIJSOTL,X
ZIJSOLT,O
ZIJOTLS,X
ZIJOTSL,X
ZIJOLTS,X
ZIJOLST,O
ZIJOSTL,X
ZIJOSLT,O
ZISTLJO,X
ZISTLOJ,X
ZISTJLO,X
ZISTJOL,X
ZISTOLJ,X
ZISTOJL,X
ZISLTJO,X
ZISLTOJ,X
ZISLJTO,X
ZISLJOT,O
ZISLOTJ,X
ZISLOJT,O
ZISJTLO,X
ZISJTOL,X
ZISJLTO,X
ZISJLOT,O
ZISJOTL,X
ZISJOLT,O
ZISOTLJ,X
ZISOTJL,X
ZISOLTJ,X
ZISOLJT,O
ZISOJTL,X
ZISOJLT,O
ZIOTLJS,X
ZIOTLSJ,X
ZIOTJLS,X
ZIOTJSL,X
ZIOTSLJ,X
ZIOTSJL,X
ZIOLTJS,X
ZIOLTSJ,X
ZIOLJTS,X
ZIOLJST,O
ZIOLSTJ,X
ZIOLSJT,O
ZIOJTLS,X
ZIOJTSL,X
ZIOJLTS,X
ZIOJLST,O
ZIOJSTL,X
ZIOJSLT,O
ZIOSTLJ,X
ZIOSTJL,X
ZIOSLTJ,X
ZIOSLJT,O
ZIOSJTL,X
ZIOSJLT,O
ZLTIJSO,X
ZLTIJOS,X
ZLTISJO,X
ZLTISOJ,X
ZLTIOJS,X
ZLTIOSJ,X
ZLTJISO,X
ZLTJIOS,X
ZLTJSIO,X
ZLTJSOI,X
ZLTJOIS,X
ZLTJOSI,X
ZLTSIJO,X
ZLTSIOJ,X
ZLTSJIO,X
ZLTSJOI,X
ZLTSOIJ,X
ZLTSOJI,X
ZLTOIJS,X
ZLTOISJ,X
ZLTOJIS,X
ZLTOJSI,X
ZLTOSIJ,X
ZLTOSJI,X
ZLITJSO,X
ZLITJOS,X
ZLITSJO,X
ZLITSOJ,X
ZLITOJS,X
ZLITOSJ,X
ZLIJTSO,X
ZLIJTOS,X
ZLIJSTO,X
ZLIJSOT,O
ZLIJOTS,X
ZLIJOST,O
ZLISTJO,X
ZLISTOJ,X
ZLISJTO,X
ZLISJOT,O
ZLISOTJ,X
ZLISOJT,O
ZLIOTJS,X
ZLIOTSJ,X
ZLIOJTS,X
ZLIOJST,O
ZLIOSTJ,X
ZLIOSJT,O
ZLJTISO,X
ZLJTIOS,X
ZLJTSIO,X
ZLJTSOI,X
ZLJTOIS,X
ZLJTOSI,X
ZLJITSO,X
ZLJITOS,X
ZLJISTO,X
ZLJISOT,O
ZLJIOTS,X
ZLJIOST,O
ZLJSTIO,X
ZLJSTOI,X
ZLJSITO,X
ZLJSIOT,O
ZLJSOTI,X
ZLJSOIT,O
ZLJOTIS,X
ZLJOTSI,X
ZLJOITS,X
ZLJOIST,O
ZLJOSTI,X
ZLJOSIT,O
ZLSTIJO,X
ZLSTIOJ,X
ZLSTJIO,X
ZLSTJOI,X
ZLSTOIJ,X
ZLSTOJI,X
ZLSITJO,X
ZLSITOJ,X
ZLSIJTO,X
ZLSIJOT,O
ZLSIOTJ,X
ZLSIOJT,O
ZLSJTIO,X
ZLSJTOI,X
ZLSJITO,X
ZLSJIOT,O
ZLSJOTI,X
ZLSJOIT,O
ZLSOTIJ,X
ZLSOTJI,X
ZLSOITJ,X
ZLSOIJT,O
ZLSOJTI,X
ZLSOJIT,O
ZLOTIJS,X
ZLOTISJ,X
ZLOTJIS,X
ZLOTJSI,X
ZLOTSIJ,X
ZLOTSJI,X
ZLOITJS,X
ZLOITSJ,X
ZLOIJTS,X
ZLOIJST,O
ZLOISTJ,X
ZLOISJT,O
ZLOJTIS,X
ZLOJTSI,X
ZLOJITS,X
ZLOJIST,O
ZLOJSTI,X
ZLOJSIT,O
ZLOSTIJ,X
ZLOSTJI,X
ZLOSITJ,X
ZLOSIJT,O
ZLOSJTI,X
ZLOSJIT,O
ZJTILSO,X
ZJTILOS,X
ZJTISLO,X
ZJTISOL,X
ZJTIOLS,X
ZJTIOSL,X
ZJTLISO,X
ZJTLIOS,X
ZJTLSIO,X
ZJTLSOI,X
ZJTLOIS,X
ZJTLOSI,X
ZJTSILO,X
ZJTSIOL,X
ZJTSLIO,X
ZJTSLOI,X
ZJTSOIL,X
ZJTSOLI,X
ZJTOILS,X
ZJTOISL,X
ZJTOLIS,X
ZJTOLSI,X
ZJTOSIL,X
ZJTOSLI,X
ZJITLSO,X
ZJITLOS,X
ZJITSLO,X
ZJITSOL,X
ZJITOLS,X
ZJITOSL,X
ZJILTSO,X
ZJILTOS,X
ZJILSTO,X
ZJILSOT,O
ZJILOTS,X
ZJILOST,O
ZJISTLO,X
ZJISTOL,X
ZJISLTO,X
ZJISLOT,O
ZJISOTL,X
ZJISOLT,O
ZJIOTLS,X
ZJIOTSL,X
ZJIOLTS,X
ZJIOLST,O
ZJIOSTL,X
ZJIOSLT,O
ZJLTISO,X
ZJLTIOS,X
ZJLTSIO,X
ZJLTSOI,X
ZJLTOIS,X
ZJLTOSI,X
ZJLITSO,X
ZJLITOS,X
ZJLISTO,X
ZJLISOT,O
ZJLIOTS,X
ZJLIOST,O
ZJLSTIO,X
ZJLSTOI,X
ZJLSITO,X
ZJLSIOT,O
ZJLSOTI,X
ZJLSOIT,O
ZJLOTIS,X
ZJLOTSI,X
ZJLOITS,X
ZJLOIST,O
ZJLOSTI,X
ZJLOSIT,O
ZJSTILO,X
ZJSTIOL,X
ZJSTLIO,X
ZJSTLOI,X
ZJSTOIL,X
ZJSTOLI,X
ZJSITLO,X
ZJSITOL,X
ZJSILTO,X
ZJSILOT,O
ZJSIOTL,X
ZJSIOLT,O
ZJSLTIO,X
ZJSLTOI,X
ZJSLITO,X
ZJSLIOT,O
ZJSLOTI,X
ZJSLOIT,O
ZJSOTIL,X
ZJSOTLI,X
ZJSOITL,X
ZJSOILT,O
ZJSOLTI,X
ZJSOLIT,O
ZJOTILS,X
ZJOTISL,X
ZJOTLIS,X
ZJOTLSI,X
ZJOTSIL,X
ZJOTSLI,X
ZJOITLS,X
ZJOITSL,X
ZJOILTS,X
ZJOILST,O
ZJOISTL,X
ZJOISLT,O
ZJOLTIS,X
ZJOLTSI,X
ZJOLITS,X
ZJOLIST,O
ZJOLSTI,X
ZJOLSIT,O
ZJOSTIL,X
ZJOSTLI,X
ZJOSITL,X
ZJOSILT,O
ZJOSLTI,X
ZJOSLIT,O
ZSTILJO,X
ZSTILOJ,X
ZSTIJLO,X
ZSTIJOL,X
ZSTIOLJ,X
ZSTIOJL,X
ZSTLIJO,X
ZSTLIOJ,X
ZSTLJIO,X
ZSTLJOI,X
ZSTLOIJ,X
ZSTLOJI,X
ZSTJILO,X
ZSTJIOL,X
ZSTJLIO,X
ZSTJLOI,X
ZSTJOIL,X
ZSTJOLI,X
ZSTOILJ,X
ZSTOIJL,X
ZSTOLIJ,X
ZSTOLJI,X
ZSTOJIL,X
ZSTOJLI,X
ZSITLJO,X
ZSITLOJ,X
ZSITJLO,X
ZSITJOL,X
ZSITOLJ,X
ZSITOJL,X
ZSILTJO,X
ZSILTOJ,X
ZSILJTO,X
ZSILJOT,O
ZSILOTJ,X
ZSILOJT,O
ZSIJTLO,X
ZSIJTOL,X
ZSIJLTO,X
ZSIJLOT,O
ZSIJOTL,X
ZSIJOLT,O
ZSIOTLJ,X
ZSIOTJL,X
ZSIOLTJ,X
ZSIOLJT,O
ZSIOJTL,X
ZSIOJLT,O
ZSLTIJO,X
ZSLTIOJ,X
ZSLTJIO,X
ZSLTJOI,X
ZSLTOIJ,X
ZSLTOJI,X
ZSLITJO,X
ZSLITOJ,X
ZSLIJTO,X
ZSLIJOT,O
ZSLIOTJ,X
ZSLIOJT,O
ZSLJTIO,X
ZSLJTOI,X
ZSLJITO,X
ZSLJIOT,O
ZSLJOTI,X
ZSLJOIT,O
ZSLOTIJ,X
ZSLOTJI,X
ZSLOITJ,X
ZSLOIJT,O
ZSLOJTI,X
ZSLOJIT,O
ZSJTILO,X
ZSJTIOL,X
ZSJTLIO,X
ZSJTLOI,X
ZSJTOIL,X
ZSJTOLI,X
ZSJITLO,X
ZSJITOL,X
ZSJILTO,X
ZSJILOT,O
ZSJIOTL,X
ZSJIOLT,O
ZSJLTIO,X
ZSJLTOI,X
ZSJLITO,X
ZSJLIOT,O
ZSJLOTI,X
ZSJLOIT,O
ZSJOTIL,X
ZSJOTLI,X
ZSJOITL,X
ZSJOILT,O
ZSJOLTI,X
ZSJOLIT,O
ZSOTILJ,X
ZSOTIJL,X
ZSOTLIJ,X
ZSOTLJI,X
ZSOTJIL,X
ZSOTJLI,X
ZSOITLJ,X
ZSOITJL,X
ZSOILTJ,X
ZSOILJT,O
ZSOIJTL,X
ZSOIJLT,O
ZSOLTIJ,X
ZSOLTJI,X
ZSOLITJ,X
ZSOLIJT,O
ZSOLJTI,X
ZSOLJIT,O
ZSOJTIL,X
ZSOJTLI,X
ZSOJITL,X
ZSOJILT,O
ZSOJLTI,X
ZSOJLIT,O
ZOTILJS,X
ZOTILSJ,X
ZOTIJLS,X
ZOTIJSL,X
ZOTISLJ,X
ZOTISJL,X
ZOTLIJS,X
ZOTLISJ,X
ZOTLJIS,X
ZOTLJSI,X
ZOTLSIJ,X
ZOTLSJI,X
ZOTJILS,X
ZOTJISL,X
ZOTJLIS,X
ZOTJLSI,X
ZOTJSIL,X
ZOTJSLI,X
ZOTSILJ,X
ZOTSIJL,X
ZOTSLIJ,X
ZOTSLJI,X
ZOTSJIL,X
ZOTSJLI,X
ZOITLJS,X
ZOITLSJ,X
ZOITJLS,X
ZOITJSL,X
ZOITSLJ,X
ZOITSJL,X
ZOILTJS,X
ZOILTSJ,X
ZOILJTS,X
ZOILJST,O
ZOILSTJ,X
ZOILSJT,O
ZOIJTLS,X
ZOIJTSL,X
ZOIJLTS,X
ZOIJLST,O
ZOIJSTL,X
ZOIJSLT,O
ZOISTLJ,X
ZOISTJL,X
ZOISLTJ,X
ZOISLJT,O
ZOISJTL,X
ZOISJLT,O
ZOLTIJS,X
ZOLTISJ,X
ZOLTJIS,X
ZOLTJSI,X
ZOLTSIJ,X
ZOLTSJI,X
ZOLITJS,X
ZOLITSJ,X
ZOLIJTS,X
ZOLIJST,O
ZOLISTJ,X
ZOLISJT,O
ZOLJTIS,X
ZOLJTSI,X
ZOLJITS,X
ZOLJIST,O
ZOLJSTI,X
ZOLJSIT,O
ZOLSTIJ,X
ZOLSTJI,X
ZOLSITJ,X
ZOLSIJT,O
ZOLSJTI,X
ZOLSJIT,O
ZOJTILS,X
ZOJTISL,X
ZOJTLIS,X
ZOJTLSI,X
ZOJTSIL,X
ZOJTSLI,X
ZOJITLS,X
ZOJITSL,X
ZOJILTS,X
ZOJILST,O
ZOJISTL,X
ZOJISLT,O
ZOJLTIS,X
ZOJLTSI,X
ZOJLITS,X
ZOJLIST,O
ZOJLSTI,X
ZOJLSIT,O
ZOJSTIL,X
ZOJSTLI,X
ZOJSITL,X
ZOJSILT,O
ZOJSLTI,X
ZOJSLIT,O
ZOSTILJ,X
ZOSTIJL,X
ZOSTLIJ,X
ZOSTLJI,X
ZOSTJIL,X
ZOSTJLI,X
ZOSITLJ,X
ZOSITJL,X
ZOSILTJ,X
ZOSILJT,O
ZOSIJTL,X
ZOSIJLT,O
ZOSLTIJ,X
ZOSLTJI,X
ZOSLITJ,X
ZOSLIJT,O
ZOSLJTI,X
ZOSLJIT,O
ZOSJTIL,X
ZOSJTLI,X
ZOSJITL,X
ZOSJILT,O
ZOSJLTI,X
ZOSJLIT,O
OTILJSZ,X
OTILJZS,O
OTILSJZ,X
OTILSZJ,X
OTILZJS,O
OTILZSJ,O
OTIJLSZ,X
OTIJLZS,O
OTIJSLZ,X
OTIJSZL,X
OTIJZLS,O
OTIJZSL,O
OTISLJZ,X
OTISLZJ,X
OTISJLZ,X
OTISJZL,X
OTISZLJ,X
OTISZJL,X
OTIZLJS,O
OTIZLSJ,O
OTIZJLS,O
OTIZJSL,O
OTIZSLJ,O
OTIZSJL,O
OTLIJSZ,X
OTLIJZS,O
OTLISJZ,X
OTLISZJ,X
OTLIZJS,O
OTLIZSJ,O
OTLJISZ,X
OTLJIZS,O
OTLJSIZ,X
OTLJSZI,X
OTLJZIS,O
OTLJZSI,O
OTLSIJZ,X
OTLSIZJ,X
OTLSJIZ,X
OTLSJZI,X
OTLSZIJ,X
OTLSZJI,X
OTLZIJS,O
OTLZISJ,O
OTLZJIS,O
OTLZJSI,O
OTLZSIJ,O
OTLZSJI,O
OTJILSZ,X
OTJILZS,O
OTJISLZ,X
OTJISZL,X
OTJIZLS,O
OTJIZSL,O
OTJLISZ,X
OTJLIZS,O
OTJLSIZ,X
OTJLSZI,X
OTJLZIS,O
OTJLZSI,O
OTJSILZ,X
OTJSIZL,X
OTJSLIZ,X
OTJSLZI,X
OTJSZIL,X
OTJSZLI,X
OTJZILS,O
OTJZISL,O
OTJZLIS,O
OTJZLSI,O
OTJZSIL,O
OTJZSLI,O
OTSILJZ,X
OTSILZJ,X
OTSIJLZ,X
OTSIJZL,X
OTSIZLJ,X
OTSIZJL,X
OTSLIJZ,X
OTSLIZJ,X
OTSLJIZ,X
OTSLJZI,X
OTSLZIJ,X
OTSLZJI,X
OTSJILZ,X
OTSJIZL,X
OTSJLIZ,X
OTSJLZI,X
OTSJZIL,X
OTSJZLI,X
OTSZILJ,X
OTSZIJL,X
OTSZLIJ,X
OTSZLJI,X
OTSZJIL,X
OTSZJLI,X
OTZILJS,O
OTZILSJ,O
OTZIJLS,O
OTZIJSL,O
OTZISLJ,O
OTZISJL,O
OTZLIJS,O
OTZLISJ,O
OTZLJIS,O
OTZLJSI,O
OTZLSIJ,O
OTZLSJI,O
OTZJILS,O
OTZJISL,O
OTZJLIS,O
OTZJLSI,O
OTZJSIL,O
OTZJSLI,O
OTZSILJ,O
OTZSIJL,O
OTZSLIJ,O
OTZSLJI,O
OTZSJIL,O
OTZSJLI,O
OITLJSZ,X
OITLJZS,O
OITLSJZ,X
OITLSZJ,X
OITLZJS,O
OITLZSJ,O
OITJLSZ,X
OITJLZS,O
OITJSLZ,X
OITJSZL,X
OITJZLS,O
OITJZSL,O
OITSLJZ,X
OITSLZJ,X
OITSJLZ,X
OITSJZL,X
OITSZLJ,X
OITSZJL,X
OITZLJS,O
OITZLSJ,O
OITZJLS,O
OITZJSL,O
OITZSLJ,O
OITZSJL,O
OILTJSZ,X
OILTJZS,O
OILTSJZ,X
OILTSZJ,X
OILTZJS,O
OILTZSJ,O
OILJTSZ,X
OILJTZS,O
OILJSTZ,X
OILJSZT,X
OILJZTS,X
OILJZST,O
OILSTJZ,X
OILSTZJ,X
OILSJTZ,X
OILSJZT,X
OILSZTJ,X
OILSZJT,X
OILZTJS,X
OILZTSJ,X
OILZJTS,X
OILZJST,O
OILZSTJ,X
OILZSJT,O
OIJTLSZ,X
OIJTLZS,O
OIJTSLZ,X
OIJTSZL,X
OIJTZLS,O
OIJTZSL,O
OIJLTSZ,X
OIJLTZS,O
OIJLSTZ,X
OIJLSZT,X
OIJLZTS,X
OIJLZST,O
OIJSTLZ,X
OIJSTZL,X
OIJSLTZ,X
OIJSLZT,X
OIJSZTL,X
OIJSZLT,X
OIJZTLS,X
OIJZTSL,X
OIJZLTS,X
OIJZLST,O
OIJZSTL,X
OIJZSLT,O
OISTLJZ,X
OISTLZJ,X
OISTJLZ,X
OISTJZL,X
OISTZLJ,X
OISTZJL,X
OISLTJZ,X
OISLTZJ,X
OISLJTZ,X
OISLJZT,X
OISLZTJ,X
OISLZJT,X
OISJTLZ,X
OISJTZL,X
OISJLTZ,X
OISJLZT,X
OISJZTL,X
OISJZLT,X
OISZTLJ,X
OISZTJL,X
OISZLTJ,X
OISZLJT,X
OISZJTL,X
OISZJLT,X
OIZTLJS,X
OIZTLSJ,X
OIZTJLS,X
OIZTJSL,X
OIZTSLJ,X
OIZTSJL,X
OIZLTJS,X
OIZLTSJ,X
OIZLJTS,X
OIZLJST,O
OIZLSTJ,X
OIZLSJT,O
OIZJTLS,X
OIZJTSL,X
OIZJLTS,X
OIZJLST,O
OIZJSTL,X
OIZJSLT,O
OIZSTLJ,X
OIZSTJL,X
OIZSLTJ,X
OIZSLJT,O
OIZSJTL,X
OIZSJLT,O
OLTIJSZ,X
OLTIJZS,O
OLTISJZ,X
OLTISZJ,X
OLTIZJS,O
OLTIZSJ,O
OLTJISZ,X
OLTJIZS,O
OLTJSIZ,X
OLTJSZI,X
OLTJZIS,O
OLTJZSI,O
OLTSIJZ,X
OLTSIZJ,X
OLTSJIZ,X
OLTSJZI,X
OLTSZIJ,X
OLTSZJI,X
OLTZIJS,O
OLTZISJ,O
OLTZJIS,O
OLTZJSI,O
OLTZSIJ,O
OLTZSJI,O
OLITJSZ,X
OLITJZS,O
OLITSJZ,X
OLITSZJ,X
OLITZJS,O
OLITZSJ,O
OLIJTSZ,X
OLIJTZS,O
OLIJSTZ,X
OLIJSZT,X
OLIJZTS,X
OLIJZST,O
OLISTJZ,X
OLISTZJ,X
OLISJTZ,X
OLISJZT,X
OLISZTJ,X
OLISZJT,X
OLIZTJS,X
OLIZTSJ,X
OLIZJTS,X
OLIZJST,O
OLIZSTJ,X
OLIZSJT,O
OLJTISZ,X
OLJTIZS,O
OLJTSIZ,X
OLJTSZI,X
OLJTZIS,O
OLJTZSI,O
OLJITSZ,X
OLJITZS,O
OLJISTZ,X
OLJISZT,X
OLJIZTS,X
OLJIZST,O
OLJSTIZ,X
OLJSTZI,X
OLJSITZ,X
OLJSIZT,X
OLJSZTI,X
OLJSZIT,X
OLJZTIS,X
OLJZTSI,X
OLJZITS,X
OLJZIST,O
OLJZSTI,X
OLJZSIT,O
OLSTIJZ,X
OLSTIZJ,X
OLSTJIZ,X
OLSTJZI,X
OLSTZIJ,X
OLSTZJI,X
OLSITJZ,X
OLSITZJ,X
OLSIJTZ,X
OLSIJZT,X
OLSIZTJ,X
OLSIZJT,X
OLSJTIZ,X
OLSJTZI,X
OLSJITZ,X
OLSJIZT,X
OLSJZTI,X
OLSJZIT,X
OLSZTIJ,X
OLSZTJI,X
OLSZITJ,X
OLSZIJT,X
OLSZJTI,X
OLSZJIT,X
OLZTIJS,X
OLZTISJ,X
OLZTJIS,X
OLZTJSI,X
OLZTSIJ,X
OLZTSJI,X
OLZITJS,X
OLZITSJ,X
OLZIJTS,X
OLZIJST,O
OLZISTJ,X
OLZISJT,O
OLZJTIS,X
OLZJTSI,X
OLZJITS,X
OLZJIST,O
OLZJSTI,X
OLZJSIT,O
OLZSTIJ,X
OLZSTJI,X
OLZSITJ,X
OLZSIJT,O
OLZSJTI,X
OLZSJIT,O
OJTILSZ,X
OJTILZS,O
OJTISLZ,X
OJTISZL,X
OJTIZLS,O
OJTIZSL,O
OJTLISZ,X
OJTLIZS,O
OJTLSIZ,X
OJTLSZI,X
OJTLZIS,O
OJTLZSI,O
OJTSILZ,X
OJTSIZL,X
OJTSLIZ,X
OJTSLZI,X
OJTSZIL,X
OJTSZLI,X
OJTZILS,O
OJTZISL,O
OJTZLIS,O
OJTZLSI,O
OJTZSIL,O
OJTZSLI,O
OJITLSZ,X
OJITLZS,O
OJITSLZ,X
OJITSZL,X
OJITZLS,O
OJITZSL,O
OJILTSZ,X
OJILTZS,O
OJILSTZ,X
OJILSZT,X
OJILZTS,X
OJILZST,O
OJISTLZ,X
OJISTZL,X
OJISLTZ,X
OJISLZT,X
OJISZTL,X
OJISZLT,X
OJIZTLS,X
OJIZTSL,X
OJIZLTS,X
OJIZLST,O
OJIZSTL,X
OJIZSLT,O
OJLTISZ,X
OJLTIZS,O
OJLTSIZ,X
OJLTSZI,X
OJLTZIS,O
OJLTZSI,O
OJLITSZ,X
OJLITZS,O
OJLISTZ,X
OJLISZT,X
OJLIZTS,X
OJLIZST,O
OJLSTIZ,X
OJLSTZI,X
OJLSITZ,X
OJLSIZT,X
OJLSZTI,X
OJLSZIT,X
OJLZTIS,X
OJLZTSI,X
OJLZITS,X
OJLZIST,O
OJLZSTI,X
OJLZSIT,O
OJSTILZ,X
OJSTIZL,X
OJSTLIZ,X
OJSTLZI,X
OJSTZIL,X
OJSTZLI,X
OJSITLZ,X
OJSITZL,X
OJSILTZ,X
OJSILZT,X
OJSIZTL,X
OJSIZLT,X
OJSLTIZ,X
OJSLTZI,X
OJSLITZ,X
OJSLIZT,X
OJSLZTI,X
OJSLZIT,X
OJSZTIL,X
OJSZTLI,X
OJSZITL,X
OJSZILT,X
OJSZLTI,X
OJSZLIT,X
OJZTILS,X
OJZTISL,X
OJZTLIS,X
OJZTLSI,X
OJZTSIL,X
OJZTSLI,X
OJZITLS,X
OJZITSL,X
OJZILTS,X
OJZILST,O
OJZISTL,X
OJZISLT,O
OJZLTIS,X
OJZLTSI,X
OJZLITS,X
OJZLIST,O
OJZLSTI,X
OJZLSIT,O
OJZSTIL,X
OJZSTLI,X
OJZSITL,X
OJZSILT,O
OJZSLTI,X
OJZSLIT,O
OSTILJZ,X
OSTILZJ,X
OSTIJLZ,X
OSTIJZL,X
OSTIZLJ,X
OSTIZJL,X
OSTLIJZ,X
OSTLIZJ,X
OSTLJIZ,X
OSTLJZI,X
OSTLZIJ,X
OSTLZJI,X
OSTJILZ,X
OSTJIZL,X
OSTJLIZ,X
OSTJLZI,X
OSTJZIL,X
OSTJZLI,X
OSTZILJ,X
OSTZIJL,X
OSTZLIJ,X
OSTZLJI,X
OSTZJIL,X
OSTZJLI,X
OSITLJZ,X
OSITLZJ,X
OSITJLZ,X
OSITJZL,X
OSITZLJ,X
OSITZJL,X
OSILTJZ,X
OSILTZJ,X
OSILJTZ,X
OSILJZT,X
OSILZTJ,X
OSILZJT,X
OSIJTLZ,X
OSIJTZL,X
OSIJLTZ,X
OSIJLZT,X
OSIJZTL,X
OSIJZLT,X
OSIZTLJ,X
OSIZTJL,X
OSIZLTJ,X
OSIZLJT,X
OSIZJTL,X
OSIZJLT,X
OSLTIJZ,X
OSLTIZJ,X
OSLTJIZ,X
OSLTJZI,X
OSLTZIJ,X
OSLTZJI,X
OSLITJZ,X
OSLITZJ,X
OSLIJTZ,X
OSLIJZT,X
OSLIZTJ,X
OSLIZJT,X
OSLJTIZ,X
OSLJTZI,X
OSLJITZ,X
OSLJIZT,X
OSLJZTI,X
OSLJZIT,X
OSLZTIJ,X
OSLZTJI,X
OSLZITJ,X
OSLZIJT,X
OSLZJTI,X
OSLZJIT,X
OSJTILZ,X
OSJTIZL,X
OSJTLIZ,X
OSJTLZI,X
OSJTZIL,X
OSJTZLI,X
OSJITLZ,X
OSJITZL,X
OSJILTZ,X
OSJILZT,X
OSJIZTL,X
OSJIZLT,X
OSJLTIZ,X
OSJLTZI,X
OSJLITZ,X
OSJLIZT,X
OSJLZTI,X
OSJLZIT,X
OSJZTIL,X
OSJZTLI,X
OSJZITL,X
OSJZILT,X
OSJZLTI,X
OSJZLIT,X
OSZTILJ,X
OSZTIJL,X
OSZTLIJ,X
OSZTLJI,X
OSZTJIL,X
OSZTJLI,X
OSZITLJ,X
OSZITJL,X
OSZILTJ,X
OSZILJT,X
OSZIJTL,X
OSZIJLT,X
OSZLTIJ,X
OSZLTJI,X
OSZLITJ,X
OSZLIJT,X
OSZLJTI,X
OSZLJIT,X
OSZJTIL,X
OSZJTLI,X
OSZJITL,X
OSZJILT,X
OSZJLTI,X
OSZJLIT,X
OZTILJS,X
OZTILSJ,X
OZTIJLS,X
OZTIJSL,X
OZTISLJ,X
OZTISJL,X
OZTLIJS,X
OZTLISJ,X
OZTLJIS,X
OZTLJSI,X
OZTLSIJ,X
OZTLSJI,X
OZTJILS,X
OZTJISL,X
OZTJLIS,X
OZTJLSI,X
OZTJSIL,X
OZTJSLI,X
OZTSILJ,X
OZTSIJL,X
OZTSLIJ,X
OZTSLJI,X
OZTSJIL,X
OZTSJLI,X
OZITLJS,X
OZITLSJ,X
OZITJLS,X
OZITJSL,X
OZITSLJ,X
OZITSJL,X
OZILTJS,X
OZILTSJ,X
OZILJTS,X
OZILJST,O
OZILSTJ,X
OZILSJT,O
OZIJTLS,X
OZIJTSL,X
OZIJLTS,X
OZIJLST,O
OZIJSTL,X
OZIJSLT,O
OZISTLJ,X
OZISTJL,X
OZISLTJ,X
OZISLJT,O
OZISJTL,X
OZISJLT,O
OZLTIJS,X
OZLTISJ,X
OZLTJIS,X
OZLTJSI,X
OZLTSIJ,X
OZLTSJI,X
OZLITJS,X
OZLITSJ,X
OZLIJTS,X
OZLIJST,O
OZLISTJ,X
OZLISJT,O
OZLJTIS,X
OZLJTSI,X
OZLJITS,X
OZLJIST,O
OZLJSTI,X
OZLJSIT,O
OZLSTIJ,X
OZLSTJI,X
OZLSITJ,X
OZLSIJT,O
OZLSJTI,X
OZLSJIT,O
OZJTILS,X
OZJTISL,X
OZJTLIS,X
OZJTLSI,X
OZJTSIL,X
OZJTSLI,X
OZJITLS,X
OZJITSL,X
OZJILTS,X
OZJILST,O
OZJISTL,X
OZJISLT,O
OZJLTIS,X
OZJLTSI,X
OZJLITS,X
OZJLIST,O
OZJLSTI,X
OZJLSIT,O
OZJSTIL,X
OZJSTLI,X
OZJSITL,X
OZJSILT,O
OZJSLTI,X
OZJSLIT,O
OZSTILJ,X
OZSTIJL,X
OZSTLIJ,X
OZSTLJI,X
OZSTJIL,X
OZSTJLI,X
OZSITLJ,X
OZSITJL,X
OZSILTJ,X
OZSILJT,O
OZSIJTL,X
OZSIJLT,O
OZSLTIJ,X
OZSLTJI,X
OZSLITJ,X
OZSLIJT,O
OZSLJTI,X
OZSLJIT,O
OZSJTIL,X
OZSJTLI,X
OZSJITL,X
OZSJILT,O
OZSJLTI,X
OZSJLIT,O
