sequence,v115@9gB8HeC8BeA8AeB8AeA8DeD8AeB8AeG8Jem6IvhFUc?BaiBzdB5jBfmBFqB
TILJSZO,O
TILJSOZ,O
TILJZSO,X
TILJZOS,X
TILJOSZ,O
TILJOZS,X
TILSJZO,O
TILSJOZ,O
TILSZJO,O
TILSZOJ,O
TILSOJZ,O
TILSOZJ,O
TILZJSO,X
TILZJOS,X
TILZSJO,X
TILZSOJ,X
TILZOJS,X
TILZOSJ,X
TILOJSZ,O
TILOJZS,X
TILOSJZ,O
TILOSZJ,O
TILOZJS,X
TILOZSJ,X
TIJLSZO,O
TIJLSOZ,O
TIJLZSO,X
TIJLZOS,X
TIJLOSZ,O
TIJLOZS,X
TIJSLZO,O
TIJSLOZ,O
TIJSZLO,O
TIJSZOL,O
TIJSOLZ,O
TIJSOZL,O
TIJZLSO,X
TIJZLOS,X
TIJZSLO,X
TIJZSOL,X
TIJZOLS,X
TIJZOSL,X
TIJOLSZ,O
TIJOLZS,X
TIJOSLZ,O
TIJOSZL,O
TIJOZLS,X
TIJOZSL,X
TISLJZO,O
TISLJOZ,O
TISLZJO,O
TISLZOJ,O
TISLOJZ,O
TISLOZJ,O
TISJLZO,O
TISJLOZ,O
TISJZLO,O
TISJZOL,O
TISJOLZ,O
TISJOZL,O
TISZLJO,O
TISZLOJ,O
TISZJLO,O
TISZJOL,O
TISZOLJ,O
TISZOJL,O
TISOLJZ,O
TISOLZJ,O
TISOJLZ,O
TISOJZL,O
TISOZLJ,O
TISOZJL,O
TIZLJSO,X
TIZLJOS,X
TIZLSJO,X
TIZLSOJ,X
TIZLOJS,X
TIZLOSJ,X
TIZJLSO,X
TIZJLOS,X
TIZJSLO,X
TIZJSOL,X
TIZJOLS,X
TIZJOSL,X
TIZSLJO,X
TIZSLOJ,X
TIZSJLO,X
TIZSJOL,X
TIZSOLJ,X
TIZSOJL,X
TIZOLJS,X
TIZOLSJ,X
TIZOJLS,X
TIZOJSL,X
TIZOSLJ,X
TIZOSJL,X
TIOLJSZ,O
TIOLJZS,X
TIOLSJZ,O
TIOLSZJ,O
TIOLZJS,X
TIOLZSJ,X
TIOJLSZ,O
TIOJLZS,X
TIOJSLZ,O
TIOJSZL,O
TIOJZLS,X
TIOJZSL,X
TIOSLJZ,O
TIOSLZJ,O
TIOSJLZ,O
TIOSJZL,O
TIOSZLJ,O
TIOSZJL,O
TIOZLJS,X
TIOZLSJ,X
TIOZJLS,X
TIOZJSL,X
TIOZSLJ,X
TIOZSJL,X
TLIJSZO,O
TLIJSOZ,O
TLIJZSO,X
TLIJZOS,X
TLIJOSZ,O
TLIJOZS,X
TLISJZO,O
TLISJOZ,O
TLISZJO,O
TLISZOJ,O
TLISOJZ,O
TLISOZJ,O
TLIZJSO,X
TLIZJOS,X
TLIZSJO,X
TLIZSOJ,X
TLIZOJS,X
TLIZOSJ,X
TLIOJSZ,O
TLIOJZS,X
TLIOSJZ,O
TLIOSZJ,O
TLIOZJS,X
TLIOZSJ,X
TLJISZO,O
TLJISOZ,O
TLJIZSO,X
TLJIZOS,X
TLJIOSZ,O
TLJIOZS,X
TLJSIZO,O
TLJSIOZ,O
TLJSZIO,O
TLJSZOI,O
TLJSOIZ,O
TLJSOZI,O
TLJZISO,X
TLJZIOS,X
TLJZSIO,X
TLJZSOI,X
TLJZOIS,X
TLJZOSI,X
TLJOISZ,O
TLJOIZS,X
TLJOSIZ,O
TLJOSZI,O
TLJOZIS,X
TLJOZSI,X
TLSIJZO,O
TLSIJOZ,O
TLSIZJO,O
TLSIZOJ,O
TLSIOJZ,O
TLSIOZJ,O
TLSJIZO,O
TLSJIOZ,O
TLSJZIO,O
TLSJZOI,O
TLSJOIZ,O
TLSJOZI,O
TLSZIJO,O
TLSZIOJ,O
TLSZJIO,O
TLSZJOI,O
TLSZOIJ,O
TLSZOJI,O
TLSOIJZ,O
TLSOIZJ,O
TLSOJIZ,O
TLSOJZI,O
TLSOZIJ,O
TLSOZJI,O
TLZIJSO,X
TLZIJOS,X
TLZISJO,X
TLZISOJ,X
TLZIOJS,X
TLZIOSJ,X
TLZJISO,X
TLZJIOS,X
TLZJSIO,X
TLZJSOI,X
TLZJOIS,X
TLZJOSI,X
TLZSIJO,X
TLZSIOJ,X
TLZSJIO,X
TLZSJOI,X
TLZSOIJ,X
TLZSOJI,X
TLZOIJS,X
TLZOISJ,X
TLZOJIS,X
TLZOJSI,X
TLZOSIJ,X
TLZOSJI,X
TLOIJSZ,O
TLOIJZS,X
TLOISJZ,O
TLOISZJ,O
TLOIZJS,X
TLOIZSJ,X
TLOJISZ,O
TLOJIZS,X
TLOJSIZ,O
TLOJSZI,O
TLOJZIS,X
TLOJZSI,X
TLOSIJZ,O
TLOSIZJ,O
TLOSJIZ,O
TLOSJZI,O
TLOSZIJ,O
TLOSZJI,O
TLOZIJS,X
TLOZISJ,X
TLOZJIS,X
TLOZJSI,X
TLOZSIJ,X
TLOZSJI,X
TJILSZO,O
TJILSOZ,O
TJILZSO,X
TJILZOS,X
TJILOSZ,O
TJILOZS,X
TJISLZO,O
TJISLOZ,O
TJISZLO,O
TJISZOL,O
TJISOLZ,O
TJISOZL,O
TJIZLSO,X
TJIZLOS,X
TJIZSLO,X
TJIZSOL,X
TJIZOLS,X
TJIZOSL,X
TJIOLSZ,O
TJIOLZS,X
TJIOSLZ,O
TJIOSZL,O
TJIOZLS,X
TJIOZSL,X
TJLISZO,O
TJLISOZ,O
TJLIZSO,X
TJLIZOS,X
TJLIOSZ,O
TJLIOZS,X
TJLSIZO,O
TJLSIOZ,O
TJLSZIO,O
TJLSZOI,O
TJLSOIZ,O
TJLSOZI,O
TJLZISO,X
TJLZIOS,X
TJLZSIO,X
TJLZSOI,X
TJLZOIS,X
TJLZOSI,X
TJLOISZ,O
TJLOIZS,X
TJLOSIZ,O
TJLOSZI,O
TJLOZIS,X
TJLOZSI,X
TJSILZO,O
TJSILOZ,O
TJSIZLO,O
TJSIZOL,O
TJSIOLZ,O
TJSIOZL,O
TJSLIZO,O
TJSLIOZ,O
TJSLZIO,O
TJSLZOI,O
TJSLOIZ,O
TJSLOZI,O
TJSZILO,O
TJSZIOL,O
TJSZLIO,O
TJSZLOI,O
TJSZOIL,O
TJSZOLI,O
TJSOILZ,O
TJSOIZL,O
TJSOLIZ,O
TJSOLZI,O
TJSOZIL,O
TJSOZLI,O
TJZILSO,X
TJZILOS,X
TJZISLO,X
TJZISOL,X
TJZIOLS,X
TJZIOSL,X
TJZLISO,X
TJZLIOS,X
TJZLSIO,X
TJZLSOI,X
TJZLOIS,X
TJZLOSI,X
TJZSILO,X
TJZSIOL,X
TJZSLIO,X
TJZSLOI,X
TJZSOIL,X
TJZSOLI,X
TJZOILS,X
TJZOISL,X
TJZOLIS,X
TJZOLSI,X
TJZOSIL,X
TJZOSLI,X
TJOILSZ,O
TJOILZS,X
TJOISLZ,O
TJOISZL,O
TJOIZLS,X
TJOIZSL,X
TJOLISZ,O
TJOLIZS,X
TJOLSIZ,O
TJOLSZI,O
TJOLZIS,X
TJOLZSI,X
TJOSILZ,O
TJOSIZL,O
TJOSLIZ,O
TJOSLZI,O
TJOSZIL,O
TJOSZLI,O
TJOZILS,X
TJOZISL,X
TJOZLIS,X
TJOZLSI,X
TJOZSIL,X
TJOZSLI,X
TSILJZO,O
TSILJOZ,O
TSILZJO,O
TSILZOJ,O
TSILOJZ,O
TSILOZJ,O
TSIJLZO,O
TSIJLOZ,O
TSIJZLO,O
TSIJZOL,O
TSIJOLZ,O
TSIJOZL,O
TSIZLJO,O
TSIZLOJ,O
TSIZJLO,O
TSIZJOL,O
TSIZOLJ,O
TSIZOJL,O
TSIOLJZ,O
TSIOLZJ,O
TSIOJLZ,O
TSIOJZL,O
TSIOZLJ,O
TSIOZJL,O
TSLIJZO,O
TSLIJOZ,O
TSLIZJO,O
TSLIZOJ,O
TSLIOJZ,O
TSLIOZJ,O
TSLJIZO,O
TSLJIOZ,O
TSLJZIO,O
TSLJZOI,O
TSLJOIZ,O
TSLJOZI,O
TSLZIJO,O
TSLZIOJ,O
TSLZJIO,O
TSLZJOI,O
TSLZOIJ,O
TSLZOJI,O
TSLOIJZ,O
TSLOIZJ,O
TSLOJIZ,O
TSLOJZI,O
TSLOZIJ,O
TSLOZJI,O
TSJILZO,O
TSJILOZ,O
TSJIZLO,O
TSJIZOL,O
TSJIOLZ,O
TSJIOZL,O
TSJLIZO,O
TSJLIOZ,O
TSJLZIO,O
TSJLZOI,O
TSJLOIZ,O
TSJLOZI,O
TSJZILO,O
TSJZIOL,O
TSJZLIO,O
TSJZLOI,O
TSJZOIL,O
TSJZOLI,O
TSJOILZ,O
TSJOIZL,O
TSJOLIZ,O
TSJOLZI,O
TSJOZIL,O
TSJOZLI,O
TSZILJO,O
TSZILOJ,O
TSZIJLO,O
TSZIJOL,O
TSZIOLJ,O
TSZIOJL,O
TSZLIJO,O
TSZLIOJ,O
TSZLJIO,O
TSZLJOI,O
TSZLOIJ,O
TSZLOJI,O
TSZJILO,O
TSZJIOL,O
TSZJLIO,O
TSZJLOI,O
TSZJOIL,O
TSZJOLI,O
TSZOILJ,O
TSZOIJL,O
TSZOLIJ,O
TSZOLJI,O
TSZOJIL,O
TSZOJLI,O
TSOILJZ,O
TSOILZJ,O
TSOIJLZ,O
TSOIJZL,O
TSOIZLJ,O
TSOIZJL,O
TSOLIJZ,O
TSOLIZJ,O
TSOLJIZ,O
TSOLJZI,O
TSOLZIJ,O
TSOLZJI,O
TSOJILZ,O
TSOJIZL,O
TSOJLIZ,O
TSOJLZI,O
TSOJZIL,O
TSOJZLI,O
TSOZILJ,O
TSOZIJL,O
TSOZLIJ,O
TSOZLJI,O
TSOZJIL,O
TSOZJLI,O
TZILJSO,X
TZILJOS,X
TZILSJO,X
TZILSOJ,X
TZILOJS,X
TZILOSJ,X
TZIJLSO,X
TZIJLOS,X
TZIJSLO,X
TZIJSOL,X
TZIJOLS,X
TZIJOSL,X
TZISLJO,X
TZISLOJ,X
TZISJLO,X
TZISJOL,X
TZISOLJ,X
TZISOJL,X
TZIOLJS,X
TZIOLSJ,X
TZIOJLS,X
TZIOJSL,X
TZIOSLJ,X
TZIOSJL,X
TZLIJSO,X
TZLIJOS,X
TZLISJO,X
TZLISOJ,X
TZLIOJS,X
TZLIOSJ,X
TZLJISO,X
TZLJIOS,X
TZLJSIO,X
TZLJSOI,X
TZLJOIS,X
TZLJOSI,X
TZLSIJO,X
TZLSIOJ,X
TZLSJIO,X
TZLSJOI,X
TZLSOIJ,X
TZLSOJI,X
TZLOIJS,X
TZLOISJ,X
TZLOJIS,X
TZLOJSI,X
TZLOSIJ,X
TZLOSJI,X
TZJILSO,X
TZJILOS,X
TZJISLO,X
TZJISOL,X
TZJIOLS,X
TZJIOSL,X
TZJLISO,X
TZJLIOS,X
TZJLSIO,X
TZJLSOI,X
TZJLOIS,X
TZJLOSI,X
TZJSILO,X
TZJSIOL,X
TZJSLIO,X
TZJSLOI,X
TZJSOIL,X
TZJSOLI,X
TZJOILS,X
TZJOISL,X
TZJOLIS,X
TZJOLSI,X
TZJOSIL,X
TZJOSLI,X
TZSILJO,X
TZSILOJ,X
TZSIJLO,X
TZSIJOL,X
TZSIOLJ,X
TZSIOJL,X
TZSLIJO,X
TZSLIOJ,X
TZSLJIO,X
TZSLJOI,X
TZSLOIJ,X
TZSLOJI,X
TZSJILO,X
TZSJIOL,X
TZSJLIO,X
TZSJLOI,X
TZSJOIL,X
TZSJOLI,X
TZSOILJ,X
TZSOIJL,X
TZSOLIJ,X
TZSOLJI,X
TZSOJIL,X
TZSOJLI,X
TZOILJS,X
TZOILSJ,X
TZOIJLS,X
TZOIJSL,X
TZOISLJ,X
TZOISJL,X
TZOLIJS,X
TZOLISJ,X
TZOLJIS,X
TZOLJSI,X
TZOLSIJ,X
TZOLSJI,X
TZOJILS,X
TZOJISL,X
TZOJLIS,X
TZOJLSI,X
TZOJSIL,X
TZOJSLI,X
TZOSILJ,X
TZOSIJL,X
TZOSLIJ,X
TZOSLJI,X
TZOSJIL,X
TZOSJLI,X
TOILJSZ,O
TOILJZS,X
TOILSJZ,O
TOILSZJ,O
TOILZJS,X
TOILZSJ,X
TOIJLSZ,O
TOIJLZS,X
TOIJSLZ,O
TOIJSZL,O
TOIJZLS,X
TOIJZSL,X
TOISLJZ,O
TOISLZJ,O
TOISJLZ,O
TOISJZL,O
TOISZLJ,O
TOISZJL,O
TOIZLJS,X
TOIZLSJ,X
TOIZJLS,X
TOIZJSL,X
TOIZSLJ,X
TOIZSJL,X
TOLIJSZ,O
TOLIJZS,X
TOLISJZ,O
TOLISZJ,O
TOLIZJS,X
TOLIZSJ,X
TOLJISZ,O
TOLJIZS,X
TOLJSIZ,O
TOLJSZI,O
TOLJZIS,X
TOLJZSI,X
TOLSIJZ,O
TOLSIZJ,O
TOLSJIZ,O
TOLSJZI,O
TOLSZIJ,O
TOLSZJI,O
TOLZIJS,X
TOLZISJ,X
TOLZJIS,X
TOLZJSI,X
TOLZSIJ,X
TOLZSJI,X
TOJILSZ,O
TOJILZS,X
TOJISLZ,O
TOJISZL,O
TOJIZLS,X
TOJIZSL,X
TOJLISZ,O
TOJLIZS,X
TOJLSIZ,O
TOJLSZI,O
TOJLZIS,X
TOJLZSI,X
TOJSILZ,O
TOJSIZL,O
TOJSLIZ,O
TOJSLZI,O
TOJSZIL,O
TOJSZLI,O
TOJZILS,X
TOJZISL,X
TOJZLIS,X
TOJZLSI,X
TOJZSIL,X
TOJZSLI,X
TOSILJZ,O
TOSILZJ,O
TOSIJLZ,O
TOSIJZL,O
TOSIZLJ,O
TOSIZJL,O
TOSLIJZ,O
TOSLIZJ,O
TOSLJIZ,O
TOSLJZI,O
TOSLZIJ,O
TOSLZJI,O
TOSJILZ,O
TOSJIZL,O
TOSJLIZ,O
TOSJLZI,O
TOSJZIL,O
TOSJZLI,O
TOSZILJ,O
TOSZIJL,O
TOSZLIJ,O
TOSZLJI,O
TOSZJIL,O
TOSZJLI,O
TOZILJS,X
TOZILSJ,X
TOZIJLS,X
TOZIJSL,X
TOZISLJ,X
TOZISJL,X
TOZLIJS,X
TOZLISJ,X
TOZLJIS,X
TOZLJSI,X
TOZLSIJ,X
TOZLSJI,X
TOZJILS,X
TOZJISL,X
TOZJLIS,X
TOZJLSI,X
TOZJSIL,X
TOZJSLI,X
TOZSILJ,X
TOZSIJL,X
TOZSLIJ,X
TOZSLJI,X
TOZSJIL,X
TOZSJLI,X
ITLJSZO,O
ITLJSOZ,O
ITLJZSO,X
ITLJZOS,X
ITLJOSZ,O
ITLJOZS,X
ITLSJZO,O
ITLSJOZ,O
ITLSZJO,O
ITLSZOJ,O
ITLSOJZ,O
ITLSOZJ,O
ITLZJSO,X
ITLZJOS,X
ITLZSJO,X
ITLZSOJ,X
ITLZOJS,X
ITLZOSJ,X
ITLOJSZ,O
ITLOJZS,X
ITLOSJZ,O
ITLOSZJ,O
ITLOZJS,X
ITLOZSJ,X
ITJLSZO,O
ITJLSOZ,O
ITJLZSO,X
ITJLZOS,X
ITJLOSZ,O
ITJLOZS,X
ITJSLZO,O
ITJSLOZ,O
ITJSZLO,O
ITJSZOL,O
ITJSOLZ,O
ITJSOZL,O
ITJZLSO,X
ITJZLOS,X
ITJZSLO,X
ITJZSOL,X
ITJZOLS,X
ITJZOSL,X
ITJOLSZ,O
ITJOLZS,X
ITJOSLZ,O
ITJOSZL,O
ITJOZLS,X
ITJOZSL,X
ITSLJZO,O
ITSLJOZ,O
ITSLZJO,O
ITSLZOJ,O
ITSLOJZ,O
ITSLOZJ,O
ITSJLZO,O
ITSJLOZ,O
ITSJZLO,O
ITSJZOL,O
ITSJOLZ,O
ITSJOZL,O
ITSZLJO,O
ITSZLOJ,O
ITSZJLO,O
ITSZJOL,O
ITSZOLJ,O
ITSZOJL,O
ITSOLJZ,O
ITSOLZJ,O
ITSOJLZ,O
ITSOJZL,O
ITSOZLJ,O
ITSOZJL,O
ITZLJSO,X
ITZLJOS,X
ITZLSJO,X
ITZLSOJ,X
ITZLOJS,X
ITZLOSJ,X
ITZJLSO,X
ITZJLOS,X
ITZJSLO,X
ITZJSOL,X
ITZJOLS,X
ITZJOSL,X
ITZSLJO,X
ITZSLOJ,X
ITZSJLO,X
ITZSJOL,X
ITZSOLJ,X
ITZSOJL,X
ITZOLJS,X
ITZOLSJ,X
ITZOJLS,X
ITZOJSL,X
ITZOSLJ,X
ITZOSJL,X
ITOLJSZ,O
ITOLJZS,X
ITOLSJZ,O
ITOLSZJ,O
ITOLZJS,X
ITOLZSJ,X
ITOJLSZ,O
ITOJLZS,X
ITOJSLZ,O
ITOJSZL,O
ITOJZLS,X
ITOJZSL,X
ITOSLJZ,O
ITOSLZJ,O
ITOSJLZ,O
ITOSJZL,O
ITOSZLJ,O
ITOSZJL,O
ITOZLJS,X
ITOZLSJ,X
ITOZJLS,X
ITOZJSL,X
ITOZSLJ,X
ITOZSJL,X
ILTJSZO,O
ILTJSOZ,O
ILTJZSO,X
ILTJZOS,X
ILTJOSZ,O
ILTJOZS,X
ILTSJZO,O
ILTSJOZ,O
ILTSZJO,O
ILTSZOJ,O
ILTSOJZ,O
ILTSOZJ,O
ILTZJSO,X
ILTZJOS,X
ILTZSJO,X
ILTZSOJ,X
ILTZOJS,X
ILTZOSJ,X
ILTOJSZ,O
ILTOJZS,X
ILTOSJZ,O
ILTOSZJ,O
ILTOZJS,X
ILTOZSJ,X
ILJTSZO,O
ILJTSOZ,O
ILJTZSO,X
ILJTZOS,X
ILJTOSZ,O
ILJTOZS,X
ILJSTZO,X
ILJSTOZ,X
ILJSZTO,X
ILJSZOT,O
ILJSOTZ,X
ILJSOZT,O
ILJZTSO,X
ILJZTOS,X
ILJZSTO,X
ILJZSOT,X
ILJZOTS,X
ILJZOST,X
ILJOTSZ,O
ILJOTZS,X
ILJOSTZ,X
ILJOSZT,O
ILJOZTS,X
ILJOZST,X
ILSTJZO,X
ILSTJOZ,X
ILSTZJO,X
ILSTZOJ,X
ILSTOJZ,X
ILSTOZJ,X
ILSJTZO,X
ILSJTOZ,X
ILSJZTO,X
ILSJZOT,O
ILSJOTZ,X
ILSJOZT,O
ILSZTJO,X
ILSZTOJ,X
ILSZJTO,X
ILSZJOT,O
ILSZOTJ,X
ILSZOJT,O
ILSOTJZ,X
ILSOTZJ,X
ILSOJTZ,X
ILSOJZT,O
ILSOZTJ,X
ILSOZJT,O
ILZTJSO,X
ILZTJOS,X
ILZTSJO,X
ILZTSOJ,X
ILZTOJS,X
ILZTOSJ,X
ILZJTSO,X
ILZJTOS,X
ILZJSTO,X
ILZJSOT,X
ILZJOTS,X
ILZJOST,X
ILZSTJO,X
ILZSTOJ,X
ILZSJTO,X
ILZSJOT,X
ILZSOTJ,X
ILZSOJT,X
ILZOTJS,X
ILZOTSJ,X
ILZOJTS,X
ILZOJST,X
ILZOSTJ,X
ILZOSJT,X
ILOTJSZ,O
ILOTJZS,X
ILOTSJZ,O
ILOTSZJ,O
ILOTZJS,X
ILOTZSJ,X
ILOJTSZ,O
ILOJTZS,X
ILOJSTZ,X
ILOJSZT,O
ILOJZTS,X
ILOJZST,X
ILOSTJZ,X
ILOSTZJ,X
ILOSJTZ,X
ILOSJZT,O
ILOSZTJ,X
ILOSZJT,O
ILOZTJS,X
ILOZTSJ,X
ILOZJTS,X
ILOZJST,X
ILOZSTJ,X
ILOZSJT,X
IJTLSZO,O
IJTLSOZ,O
IJTLZSO,X
IJTLZOS,X
IJTLOSZ,O
IJTLOZS,X
IJTSLZO,O
IJTSLOZ,O
IJTSZLO,O
IJTSZOL,O
IJTSOLZ,O
IJTSOZL,O
IJTZLSO,X
IJTZLOS,X
IJTZSLO,X
IJTZSOL,X
IJTZOLS,X
IJTZOSL,X
IJTOLSZ,O
IJTOLZS,X
IJTOSLZ,O
IJTOSZL,O
IJTOZLS,X
IJTOZSL,X
IJLTSZO,O
IJLTSOZ,O
IJLTZSO,X
IJLTZOS,X
IJLTOSZ,O
IJLTOZS,X
IJLSTZO,X
IJLSTOZ,X
IJLSZTO,X
IJLSZOT,O
IJLSOTZ,X
IJLSOZT,O
IJLZTSO,X
IJLZTOS,X
IJLZSTO,X
IJLZSOT,X
IJLZOTS,X
IJLZOST,X
IJLOTSZ,O
IJLOTZS,X
IJLOSTZ,X
IJLOSZT,O
IJLOZTS,X
IJLOZST,X
IJSTLZO,X
IJSTLOZ,X
IJSTZLO,X
IJSTZOL,X
IJSTOLZ,X
IJSTOZL,X
IJSLTZO,X
IJSLTOZ,X
IJSLZTO,X
IJSLZOT,O
IJSLOTZ,X
IJSLOZT,O
IJSZTLO,X
IJSZTOL,X
IJSZLTO,X
IJSZLOT,O
IJSZOTL,X
IJSZOLT,O
IJSOTLZ,X
IJSOTZL,X
IJSOLTZ,X
IJSOLZT,O
IJSOZTL,X
IJSOZLT,O
IJZTLSO,X
IJZTLOS,X
IJZTSLO,X
IJZTSOL,X
IJZTOLS,X
IJZTOSL,X
IJZLTSO,X
IJZLTOS,X
IJZLSTO,X
IJZLSOT,X
IJZLOTS,X
IJZLOST,X
IJZSTLO,X
IJZSTOL,X
IJZSLTO,X
IJZSLOT,X
IJZSOTL,X
IJZSOLT,X
IJZOTLS,X
IJZOTSL,X
IJZOLTS,X
IJZOLST,X
IJZOSTL,X
IJZOSLT,X
IJOTLSZ,O
IJOTLZS,X
IJOTSLZ,O
IJOTSZL,O
IJOTZLS,X
IJOTZSL,X
IJOLTSZ,O
IJOLTZS,X
IJOLSTZ,X
IJOLSZT,O
IJOLZTS,X
IJOLZST,X
IJOSTLZ,X
IJOSTZL,X
IJOSLTZ,X
IJOSLZT,O
IJOSZTL,X
IJOSZLT,O
IJOZTLS,X
IJOZTSL,X
IJOZLTS,X
IJOZLST,X
IJOZSTL,X
IJOZSLT,X
ISTLJZO,X
ISTLJOZ,X
ISTLZJO,X
ISTLZOJ,X
ISTLOJZ,X
ISTLOZJ,X
ISTJLZO,X
ISTJLOZ,X
ISTJZLO,X
ISTJZOL,X
ISTJOLZ,X
ISTJOZL,X
ISTZLJO,X
ISTZLOJ,X
ISTZJLO,X
ISTZJOL,X
ISTZOLJ,X
ISTZOJL,X
ISTOLJZ,X
ISTOLZJ,X
ISTOJLZ,X
ISTOJZL,X
ISTOZLJ,X
ISTOZJL,X
ISLTJZO,X
ISLTJOZ,X
ISLTZJO,X
ISLTZOJ,X
ISLTOJZ,X
ISLTOZJ,X
ISLJTZO,X
ISLJTOZ,X
ISLJZTO,X
ISLJZOT,O
ISLJOTZ,X
ISLJOZT,O
ISLZTJO,X
ISLZTOJ,X
ISLZJTO,X
ISLZJOT,O
ISLZOTJ,X
ISLZOJT,O
ISLOTJZ,X
ISLOTZJ,X
ISLOJTZ,X
ISLOJZT,O
ISLOZTJ,X
ISLOZJT,O
ISJTLZO,X
ISJTLOZ,X
ISJTZLO,X
ISJTZOL,X
ISJTOLZ,X
ISJTOZL,X
ISJLTZO,X
ISJLTOZ,X
ISJLZTO,X
ISJLZOT,O
ISJLOTZ,X
ISJLOZT,O
ISJZTLO,X
ISJZTOL,X
ISJZLTO,X
ISJZLOT,O
ISJZOTL,X
ISJZOLT,O
ISJOTLZ,X
ISJOTZL,X
ISJOLTZ,X
ISJOLZT,O
ISJOZTL,X
ISJOZLT,O
ISZTLJO,X
ISZTLOJ,X
ISZTJLO,X
ISZTJOL,X
ISZTOLJ,X
ISZTOJL,X
ISZLTJO,X
ISZLTOJ,X
ISZLJTO,X
ISZLJOT,O
ISZLOTJ,X
ISZLOJT,O
ISZJTLO,X
ISZJTOL,X
ISZJLTO,X
ISZJLOT,O
ISZJOTL,X
ISZJOLT,O
ISZOTLJ,X
ISZOTJL,X
ISZOLTJ,X
ISZOLJT,O
ISZOJTL,X
ISZOJLT,O
ISOTLJZ,X
ISOTLZJ,X
ISOTJLZ,X
ISOTJZL,X
ISOTZLJ,X
ISOTZJL,X
ISOLTJZ,X
ISOLTZJ,X
ISOLJTZ,X
ISOLJZT,O
ISOLZTJ,X
ISOLZJT,O
ISOJTLZ,X
ISOJTZL,X
ISOJLTZ,X
ISOJLZT,O
ISOJZTL,X
ISOJZLT,O
ISOZTLJ,X
ISOZTJL,X
ISOZLTJ,X
ISOZLJT,O
ISOZJTL,X
ISOZJLT,O
IZTLJSO,X
IZTLJOS,X
IZTLSJO,X
IZTLSOJ,X
IZTLOJS,X
IZTLOSJ,X
IZTJLSO,X
IZTJLOS,X
IZTJSLO,X
IZTJSOL,X
IZTJOLS,X
IZTJOSL,X
IZTSLJO,X
IZTSLOJ,X
IZTSJLO,X
IZTSJOL,X
IZTSOLJ,X
IZTSOJL,X
IZTOLJS,X
IZTOLSJ,X
IZTOJLS,X
IZTOJSL,X
IZTOSLJ,X
IZTOSJL,X
IZLTJSO,X
IZLTJOS,X
IZLTSJO,X
IZLTSOJ,X
IZLTOJS,X
IZLTOSJ,X
IZLJTSO,X
IZLJTOS,X
IZLJSTO,X
IZLJSOT,X
IZLJOTS,X
IZLJOST,X
IZLSTJO,X
IZLSTOJ,X
IZLSJTO,X
IZLSJOT,X
IZLSOTJ,X
IZLSOJT,X
IZLOTJS,X
IZLOTSJ,X
IZLOJTS,X
IZLOJST,X
IZLOSTJ,X
IZLOSJT,X
IZJTLSO,X
IZJTLOS,X
IZJTSLO,X
IZJTSOL,X
IZJTOLS,X
IZJTOSL,X
IZJLTSO,X
IZJLTOS,X
IZJLSTO,X
IZJLSOT,X
IZJLOTS,X
IZJLOST,X
IZJSTLO,X
IZJSTOL,X
IZJSLTO,X
IZJSLOT,X
IZJSOTL,X
IZJSOLT,X
IZJOTLS,X
IZJOTSL,X
IZJOLTS,X
IZJOLST,X
IZJOSTL,X
IZJOSLT,X
IZSTLJO,X
IZSTLOJ,X
IZSTJLO,X
IZSTJOL,X
IZSTOLJ,X
IZSTOJL,X
IZSLTJO,X
IZSLTOJ,X
IZSLJTO,X
IZSLJOT,X
IZSLOTJ,X
IZSLOJT,X
IZSJTLO,X
IZSJTOL,X
IZSJLTO,X
IZSJLOT,X
IZSJOTL,X
IZSJOLT,X
IZSOTLJ,X
IZSOTJL,X
IZSOLTJ,X
IZSOLJT,X
IZSOJTL,X
IZSOJLT,X
IZOTLJS,X
IZOTLSJ,X
IZOTJLS,X
IZOTJSL,X
IZOTSLJ,X
IZOTSJL,X
IZOLTJS,X
IZOLTSJ,X
IZOLJTS,X
IZOLJST,X
IZOLSTJ,X
IZOLSJT,X
IZOJTLS,X
IZOJTSL,X
IZOJLTS,X
IZOJLST,X
IZOJSTL,X
IZOJSLT,X
IZOSTLJ,X
IZOSTJL,X
IZOSLTJ,X
IZOSLJT,X
IZOSJTL,X
IZOSJLT,X
IOTLJSZ,O
IOTLJZS,X
IOTLSJZ,O
IOTLSZJ,O
IOTLZJS,X
IOTLZSJ,X
IOTJLSZ,O
IOTJLZS,X
IOTJSLZ,O
IOTJSZL,O
IOTJZLS,X
IOTJZSL,X
IOTSLJZ,O
IOTSLZJ,O
IOTSJLZ,O
IOTSJZL,O
IOTSZLJ,O
IOTSZJL,O
IOTZLJS,X
IOTZLSJ,X
IOTZJLS,X
IOTZJSL,X
IOTZSLJ,X
IOTZSJL,X
IOLTJSZ,O
IOLTJZS,X
IOLTSJZ,O
IOLTSZJ,O
IOLTZJS,X
IOLTZSJ,X
IOLJTSZ,O
IOLJTZS,X
IOLJSTZ,X
IOLJSZT,O
IOLJZTS,X
IOLJZST,X
IOLSTJZ,X
IOLSTZJ,X
IOLSJTZ,X
IOLSJZT,O
IOLSZTJ,X
IOLSZJT,O
IOLZTJS,X
IOLZTSJ,X
IOLZJTS,X
IOLZJST,X
IOLZSTJ,X
IOLZSJT,X
IOJTLSZ,O
IOJTLZS,X
IOJTSLZ,O
IOJTSZL,O
IOJTZLS,X
IOJTZSL,X
IOJLTSZ,O
IOJLTZS,X
IOJLSTZ,X
IOJLSZT,O
IOJLZTS,X
IOJLZST,X
IOJSTLZ,X
IOJSTZL,X
IOJSLTZ,X
IOJSLZT,O
IOJSZTL,X
IOJSZLT,O
IOJZTLS,X
IOJZTSL,X
IOJZLTS,X
IOJZLST,X
IOJZSTL,X
IOJZSLT,X
IOSTLJZ,X
IOSTLZJ,X
IOSTJLZ,X
IOSTJZL,X
IOSTZLJ,X
IOSTZJL,X
IOSLTJZ,X
IOSLTZJ,X
IOSLJTZ,X
IOSLJZT,O
IOSLZTJ,X
IOSLZJT,O
IOSJTLZ,X
IOSJTZL,X
IOSJLTZ,X
IOSJLZT,O
IOSJZTL,X
IOSJZLT,O
IOSZTLJ,X
IOSZTJL,X
IOSZLTJ,X
IOSZLJT,O
IOSZJTL,X
IOSZJLT,O
IOZTLJS,X
IOZTLSJ,X
IOZTJLS,X
IOZTJSL,X
IOZTSLJ,X
IOZTSJL,X
IOZLTJS,X
IOZLTSJ,X
IOZLJTS,X
IOZLJST,X
IOZLSTJ,X
IOZLSJT,X
IOZJTLS,X
IOZJTSL,X
IOZJLTS,X
IOZJLST,X
IOZJSTL,X
IOZJSLT,X
IOZSTLJ,X
IOZSTJL,X
IOZSLTJ,X
IOZSLJT,X
IOZSJTL,X
IOZSJLT,X
LTIJSZO,O
LTIJSOZ,O
LTIJZSO,X
LTIJZOS,X
LTIJOSZ,O
LTIJOZS,X
LTISJZO,O
LTISJOZ,O
LTISZJO,O
LTISZOJ,O
LTISOJZ,O
LTISOZJ,O
LTIZJSO,X
LTIZJOS,X
LTIZSJO,X
LTIZSOJ,X
LTIZOJS,X
LTIZOSJ,X
LTIOJSZ,O
LTIOJZS,X
LTIOSJZ,O
LTIOSZJ,O
LTIOZJS,X
LTIOZSJ,X
LTJISZO,O
LTJISOZ,O
LTJIZSO,X
LTJIZOS,X
LTJIOSZ,O
LTJIOZS,X
LTJSIZO,O
LTJSIOZ,O
LTJSZIO,O
LTJSZOI,O
LTJSOIZ,O
LTJSOZI,O
LTJZISO,X
LTJZIOS,X
LTJZSIO,X
LTJZSOI,X
LTJZOIS,X
LTJZOSI,X
LTJOISZ,O
LTJOIZS,X
LTJOSIZ,O
LTJOSZI,O
LTJOZIS,X
LTJOZSI,X
LTSIJZO,O
LTSIJOZ,O
LTSIZJO,O
LTSIZOJ,O
LTSIOJZ,O
LTSIOZJ,O
LTSJIZO,O
LTSJIOZ,O
LTSJZIO,O
LTSJZOI,O
LTSJOIZ,O
LTSJOZI,O
LTSZIJO,O
LTSZIOJ,O
LTSZJIO,O
LTSZJOI,O
LTSZOIJ,O
LTSZOJI,O
LTSOIJZ,O
LTSOIZJ,O
LTSOJIZ,O
LTSOJZI,O
LTSOZIJ,O
LTSOZJI,O
LTZIJSO,X
LTZIJOS,X
LTZISJO,X
LTZISOJ,X
LTZIOJS,X
LTZIOSJ,X
LTZJISO,X
LTZJIOS,X
LTZJSIO,X
LTZJSOI,X
LTZJOIS,X
LTZJOSI,X
LTZSIJO,X
LTZSIOJ,X
LTZSJIO,X
LTZSJOI,X
LTZSOIJ,X
LTZSOJI,X
LTZOIJS,X
LTZOISJ,X
LTZOJIS,X
LTZOJSI,X
LTZOSIJ,X
LTZOSJI,X
LTOIJSZ,O
LTOIJZS,X
LTOISJZ,O
LTOISZJ,O
LTOIZJS,X
LTOIZSJ,X
LTOJISZ,O
LTOJIZS,X
LTOJSIZ,O
LTOJSZI,O
LTOJZIS,X
LTOJZSI,X
LTOSIJZ,O
LTOSIZJ,O
LTOSJIZ,O
LTOSJZI,O
LTOSZIJ,O
LTOSZJI,O
LTOZIJS,X
LTOZISJ,X
LTOZJIS,X
LTOZJSI,X
LTOZSIJ,X
LTOZSJI,X
LITJSZO,O
LITJSOZ,O
LITJZSO,X
LITJZOS,X
LITJOSZ,O
LITJOZS,X
LITSJZO,O
LITSJOZ,O
LITSZJO,O
LITSZOJ,O
LITSOJZ,O
LITSOZJ,O
LITZJSO,X
LITZJOS,X
LITZSJO,X
LITZSOJ,X
LITZOJS,X
LITZOSJ,X
LITOJSZ,O
LITOJZS,X
LITOSJZ,O
LITOSZJ,O
LITOZJS,X
LITOZSJ,X
LIJTSZO,O
LIJTSOZ,O
LIJTZSO,X
LIJTZOS,X
LIJTOSZ,O
LIJTOZS,X
LIJSTZO,X
LIJSTOZ,X
LIJSZTO,X
LIJSZOT,O
LIJSOTZ,X
LIJSOZT,O
LIJZTSO,X
LIJZTOS,X
LIJZSTO,X
LIJZSOT,X
LIJZOTS,X
LIJZOST,X
LIJOTSZ,O
LIJOTZS,X
LIJOSTZ,X
LIJOSZT,O
LIJOZTS,X
LIJOZST,X
LISTJZO,X
LISTJOZ,X
LISTZJO,X
LISTZOJ,X
LISTOJZ,X
LISTOZJ,X
LISJTZO,X
LISJTOZ,X
LISJZTO,X
LISJZOT,O
LISJOTZ,X
LISJOZT,O
LISZTJO,X
LISZTOJ,X
LISZJTO,X
LISZJOT,O
LISZOTJ,X
LISZOJT,O
LISOTJZ,X
LISOTZJ,X
LISOJTZ,X
LISOJZT,O
LISOZTJ,X
LISOZJT,O
LIZTJSO,X
LIZTJOS,X
LIZTSJO,X
LIZTSOJ,X
LIZTOJS,X
LIZTOSJ,X
LIZJTSO,X
LIZJTOS,X
LIZJSTO,X
LIZJSOT,X
LIZJOTS,X
LIZJOST,X
LIZSTJO,X
LIZSTOJ,X
LIZSJTO,X
LIZSJOT,X
LIZSOTJ,X
LIZSOJT,X
LIZOTJS,X
LIZOTSJ,X
LIZOJTS,X
LIZOJST,X
LIZOSTJ,X
LIZOSJT,X
LIOTJSZ,O
LIOTJZS,X
LIOTSJZ,O
LIOTSZJ,O
LIOTZJS,X
LIOTZSJ,X
LIOJTSZ,O
LIOJTZS,X
LIOJSTZ,X
LIOJSZT,O
LIOJZTS,X
LIOJZST,X
LIOSTJZ,X
LIOSTZJ,X
LIOSJTZ,X
LIOSJZT,O
LIOSZTJ,X
LIOSZJT,O
LIOZTJS,X
LIOZTSJ,X
LIOZJTS,X
LIOZJST,X
LIOZSTJ,X
LIOZSJT,X
LJTISZO,O
LJTISOZ,O
LJTIZSO,X
LJTIZOS,X
LJTIOSZ,O
LJTIOZS,X
LJTSIZO,O
LJTSIOZ,O
LJTSZIO,O
LJTSZOI,O
LJTSOIZ,O
LJTSOZI,O
LJTZISO,X
LJTZIOS,X
LJTZSIO,X
LJTZSOI,X
LJTZOIS,X
LJTZOSI,X
LJTOISZ,O
LJTOIZS,X
LJTOSIZ,O
LJTOSZI,O
LJTOZIS,X
LJTOZSI,X
LJITSZO,O
LJITSOZ,O
LJITZSO,X
LJITZOS,X
LJITOSZ,O
LJITOZS,X
LJISTZO,X
LJISTOZ,X
LJISZTO,X
LJISZOT,O
LJISOTZ,X
LJISOZT,O
LJIZTSO,X
LJIZTOS,X
LJIZSTO,X
LJIZSOT,X
LJIZOTS,X
LJIZOST,X
LJIOTSZ,O
LJIOTZS,X
LJIOSTZ,X
LJIOSZT,O
LJIOZTS,X
LJIOZST,X
LJSTIZO,X
LJSTIOZ,X
LJSTZIO,X
LJSTZOI,X
LJSTOIZ,X
LJSTOZI,X
LJSITZO,X
LJSITOZ,X
LJSIZTO,X
LJSIZOT,O
LJSIOTZ,X
LJSIOZT,O
LJSZTIO,X
LJSZTOI,X
LJSZITO,X
LJSZIOT,O
LJSZOTI,X
LJSZOIT,O
LJSOTIZ,X
LJSOTZI,X
LJSOITZ,X
LJSOIZT,O
LJSOZTI,X
LJSOZIT,O
LJZTISO,X
LJZTIOS,X
LJZTSIO,X
LJZTSOI,X
LJZTOIS,X
LJZTOSI,X
LJZITSO,X
LJZITOS,X
LJZISTO,X
LJZISOT,X
LJZIOTS,X
LJZIOST,X
LJZSTIO,X
LJZSTOI,X
LJZSITO,X
LJZSIOT,X
LJZSOTI,X
LJZSOIT,X
LJZOTIS,X
LJZOTSI,X
LJZOITS,X
LJZOIST,X
LJZOSTI,X
LJZOSIT,X
LJOTISZ,O
LJOTIZS,X
LJOTSIZ,O
LJOTSZI,O
LJOTZIS,X
LJOTZSI,X
LJOITSZ,O
LJOITZS,X
LJOISTZ,X
LJOISZT,O
LJOIZTS,X
LJOIZST,X
LJOSTIZ,X
LJOSTZI,X
LJOSITZ,X
LJOSIZT,O
LJOSZTI,X
LJOSZIT,O
LJOZTIS,X
LJOZTSI,X
LJOZITS,X
LJOZIST,X
LJOZSTI,X
LJOZSIT,X
LSTIJZO,X
LSTIJOZ,X
LSTIZJO,X
LSTIZOJ,X
LSTIOJZ,X
LSTIOZJ,X
LSTJIZO,X
LSTJIOZ,X
LSTJZIO,X
LSTJZOI,X
LSTJOIZ,X
LSTJOZI,X
LSTZIJO,X
LSTZIOJ,X
LSTZJIO,X
LSTZJOI,X
LSTZOIJ,X
LSTZOJI,X
LSTOIJZ,X
LSTOIZJ,X
LSTOJIZ,X
LSTOJZI,X
LSTOZIJ,X
LSTOZJI,X
LSITJZO,X
LSITJOZ,X
LSITZJO,X
LSITZOJ,X
LSITOJZ,X
LSITOZJ,X
LSIJTZO,X
LSIJTOZ,X
LSIJZTO,X
LSIJZOT,O
LSIJOTZ,X
LSIJOZT,O
LSIZTJO,X
LSIZTOJ,X
LSIZJTO,X
LSIZJOT,O
LSIZOTJ,X
LSIZOJT,O
LSIOTJZ,X
LSIOTZJ,X
LSIOJTZ,X
LSIOJZT,O
LSIOZTJ,X
LSIOZJT,O
LSJTIZO,X
LSJTIOZ,X
LSJTZIO,X
LSJTZOI,X
LSJTOIZ,X
LSJTOZI,X
LSJITZO,X
LSJITOZ,X
LSJIZTO,X
LSJIZOT,O
LSJIOTZ,X
LSJIOZT,O
LSJZTIO,X
LSJZTOI,X
LSJZITO,X
LSJZIOT,O
LSJZOTI,X
LSJZOIT,O
LSJOTIZ,X
LSJOTZI,X
LSJOITZ,X
LSJOIZT,O
LSJOZTI,X
LSJOZIT,O
LSZTIJO,X
LSZTIOJ,X
LSZTJIO,X
LSZTJOI,X
LSZTOIJ,X
LSZTOJI,X
LSZITJO,X
LSZITOJ,X
LSZIJTO,X
LSZIJOT,O
LSZIOTJ,X
LSZIOJT,O
LSZJTIO,X
LSZJTOI,X
LSZJITO,X
LSZJIOT,O
LSZJOTI,X
LSZJOIT,O
LSZOTIJ,X
LSZOTJI,X
LSZOITJ,X
LSZOIJT,O
LSZOJTI,X
LSZOJIT,O
LSOTIJZ,X
LSOTIZJ,X
LSOTJIZ,X
LSOTJZI,X
LSOTZIJ,X
LSOTZJI,X
LSOITJZ,X
LSOITZJ,X
LSOIJTZ,X
LSOIJZT,O
LSOIZTJ,X
LSOIZJT,O
LSOJTIZ,X
LSOJTZI,X
LSOJITZ,X
LSOJIZT,O
LSOJZTI,X
LSOJZIT,O
LSOZTIJ,X
LSOZTJI,X
LSOZITJ,X
LSOZIJT,O
LSOZJTI,X
LSOZJIT,O
LZTIJSO,X
LZTIJOS,X
LZTISJO,X
LZTISOJ,X
LZTIOJS,X
LZTIOSJ,X
LZTJISO,X
LZTJIOS,X
LZTJSIO,X
LZTJSOI,X
LZTJOIS,X
LZTJOSI,X
LZTSIJO,X
LZTSIOJ,X
LZTSJIO,X
LZTSJOI,X
LZTSOIJ,X
LZTSOJI,X
LZTOIJS,X
LZTOISJ,X
LZTOJIS,X
LZTOJSI,X
LZTOSIJ,X
LZTOSJI,X
LZITJSO,X
LZITJOS,X
LZITSJO,X
LZITSOJ,X
LZITOJS,X
LZITOSJ,X
LZIJTSO,X
LZIJTOS,X
LZIJSTO,X
LZIJSOT,X
LZIJOTS,X
LZIJOST,X
LZISTJO,X
LZISTOJ,X
LZISJTO,X
LZISJOT,X
LZISOTJ,X
LZISOJT,X
LZIOTJS,X
LZIOTSJ,X
LZIOJTS,X
LZIOJST,X
LZIOSTJ,X
LZIOSJT,X
LZJTISO,X
LZJTIOS,X
LZJTSIO,X
LZJTSOI,X
LZJTOIS,X
LZJTOSI,X
LZJITSO,X
LZJITOS,X
LZJISTO,X
LZJISOT,X
LZJIOTS,X
LZJIOST,X
LZJSTIO,X
LZJSTOI,X
LZJSITO,X
LZJSIOT,X
LZJSOTI,X
LZJSOIT,X
LZJOTIS,X
LZJOTSI,X
LZJOITS,X
LZJOIST,X
LZJOSTI,X
LZJOSIT,X
LZSTIJO,X
LZSTIOJ,X
LZSTJIO,X
LZSTJOI,X
LZSTOIJ,X
LZSTOJI,X
LZSITJO,X
LZSITOJ,X
LZSIJTO,X
LZSIJOT,X
LZSIOTJ,X
LZSIOJT,X
LZSJTIO,X
LZSJTOI,X
LZSJITO,X
LZSJIOT,X
LZSJOTI,X
LZSJOIT,X
LZSOTIJ,X
LZSOTJI,X
LZSOITJ,X
LZSOIJT,X
LZSOJTI,X
LZSOJIT,X
LZOTIJS,X
LZOTISJ,X
LZOTJIS,X
LZOTJSI,X
LZOTSIJ,X
LZOTSJI,X
LZOITJS,X
LZOITSJ,X
LZOIJTS,X
LZOIJST,X
LZOISTJ,X
LZOISJT,X
LZOJTIS,X
LZOJTSI,X
LZOJITS,X
LZOJIST,X
LZOJSTI,X
LZOJSIT,X
LZOSTIJ,X
LZOSTJI,X
LZOSITJ,X
LZOSIJT,X
LZOSJTI,X
LZOSJIT,X
LOTIJSZ,O
LOTIJZS,X
LOTISJZ,O
LOTISZJ,O
LOTIZJS,X
LOTIZSJ,X
LOTJISZ,O
LOTJIZS,X
LOTJSIZ,O
LOTJSZI,O
LOTJZIS,X
LOTJZSI,X
LOTSIJZ,O
LOTSIZJ,O
LOTSJIZ,O
LOTSJZI,O
LOTSZIJ,O
LOTSZJI,O
LOTZIJS,X
LOTZISJ,X
LOTZJIS,X
LOTZJSI,X
LOTZSIJ,X
LOTZSJI,X
LOITJSZ,O
LOITJZS,X
LOITSJZ,O
LOITSZJ,O
LOITZJS,X
LOITZSJ,X
LOIJTSZ,O
LOIJTZS,X
LOIJSTZ,X
LOIJSZT,O
LOIJZTS,X
LOIJZST,X
LOISTJZ,X
LOISTZJ,X
LOISJTZ,X
LOISJZT,O
LOISZTJ,X
LOISZJT,O
LOIZTJS,X
LOIZTSJ,X
LOIZJTS,X
LOIZJST,X
LOIZSTJ,X
LOIZSJT,X
LOJTISZ,O
LOJTIZS,X
LOJTSIZ,O
LOJTSZI,O
LOJTZIS,X
LOJTZSI,X
LOJITSZ,O
LOJITZS,X
LOJISTZ,X
LOJISZT,O
LOJIZTS,X
LOJIZST,X
LOJSTIZ,X
LOJSTZI,X
LOJSITZ,X
LOJSIZT,O
LOJSZTI,X
LOJSZIT,O
LOJZTIS,X
LOJZTSI,X
LOJZITS,X
LOJZIST,X
LOJZSTI,X
LOJZSIT,X
LOSTIJZ,X
LOSTIZJ,X
LOSTJIZ,X
LOSTJZI,X
LOSTZIJ,X
LOSTZJI,X
LOSITJZ,X
LOSITZJ,X
LOSIJTZ,X
LOSIJZT,O
LOSIZTJ,X
LOSIZJT,O
LOSJTIZ,X
LOSJTZI,X
LOSJITZ,X
LOSJIZT,O
LOSJZTI,X
LOSJZIT,O
LOSZTIJ,X
LOSZTJI,X
LOSZITJ,X
LOSZIJT,O
LOSZJTI,X
LOSZJIT,O
LOZTIJS,X
LOZTISJ,X
LOZTJIS,X
LOZTJSI,X
LOZTSIJ,X
LOZTSJI,X
LOZITJS,X
LOZITSJ,X
LOZIJTS,X
LOZIJST,X
LOZISTJ,X
LOZISJT,X
LOZJTIS,X
LOZJTSI,X
LOZJITS,X
LOZJIST,X
LOZJSTI,X
LOZJSIT,X
LOZSTIJ,X
LOZSTJI,X
LOZSITJ,X
LOZSIJT,X
LOZSJTI,X
LOZSJIT,X
JTILSZO,O
JTILSOZ,O
JTILZSO,X
JTILZOS,X
JTILOSZ,O
JTILOZS,X
JTISLZO,O
JTISLOZ,O
JTISZLO,O
JTISZOL,O
JTISOLZ,O
JTISOZL,O
JTIZLSO,X
JTIZLOS,X
JTIZSLO,X
JTIZSOL,X
JTIZOLS,X
JTIZOSL,X
JTIOLSZ,O
JTIOLZS,X
JTIOSLZ,O
JTIOSZL,O
JTIOZLS,X
JTIOZSL,X
JTLISZO,O
JTLISOZ,O
JTLIZSO,X
JTLIZOS,X
JTLIOSZ,O
JTLIOZS,X
JTLSIZO,O
JTLSIOZ,O
JTLSZIO,O
JTLSZOI,O
JTLSOIZ,O
JTLSOZI,O
JTLZISO,X
JTLZIOS,X
JTLZSIO,X
JTLZSOI,X
JTLZOIS,X
JTLZOSI,X
JTLOISZ,O
JTLOIZS,X
JTLOSIZ,O
JTLOSZI,O
JTLOZIS,X
JTLOZSI,X
JTSILZO,O
JTSILOZ,O
JTSIZLO,O
JTSIZOL,O
JTSIOLZ,O
JTSIOZL,O
JTSLIZO,O
JTSLIOZ,O
JTSLZIO,O
JTSLZOI,O
JTSLOIZ,O
JTSLOZI,O
JTSZILO,O
JTSZIOL,O
JTSZLIO,O
JTSZLOI,O
JTSZOIL,O
JTSZOLI,O
JTSOILZ,O
JTSOIZL,O
JTSOLIZ,O
JTSOLZI,O
JTSOZIL,O
JTSOZLI,O
JTZILSO,X
JTZILOS,X
JTZISLO,X
JTZISOL,X
JTZIOLS,X
JTZIOSL,X
JTZLISO,X
JTZLIOS,X
JTZLSIO,X
JTZLSOI,X
JTZLOIS,X
JTZLOSI,X
JTZSILO,X
JTZSIOL,X
JTZSLIO,X
JTZSLOI,X
JTZSOIL,X
JTZSOLI,X
JTZOILS,X
JTZOISL,X
JTZOLIS,X
JTZOLSI,X
JTZOSIL,X
JTZOSLI,X
JTOILSZ,O
JTOILZS,X
JTOISLZ,O
JTOISZL,O
JTOIZLS,X
JTOIZSL,X
JTOLISZ,O
JTOLIZS,X
JTOLSIZ,O
JTOLSZI,O
JTOLZIS,X
JTOLZSI,X
JTOSILZ,O
JTOSIZL,O
JTOSLIZ,O
JTOSLZI,O
JTOSZIL,O
JTOSZLI,O
JTOZILS,X
JTOZISL,X
JTOZLIS,X
JTOZLSI,X
JTOZSIL,X
JTOZSLI,X
JITLSZO,O
JITLSOZ,O
JITLZSO,X
JITLZOS,X
JITLOSZ,O
JITLOZS,X
JITSLZO,O
JITSLOZ,O
JITSZLO,O
JITSZOL,O
JITSOLZ,O
JITSOZL,O
JITZLSO,X
JITZLOS,X
JITZSLO,X
JITZSOL,X
JITZOLS,X
JITZOSL,X
JITOLSZ,O
JITOLZS,X
JITOSLZ,O
JITOSZL,O
JITOZLS,X
JITOZSL,X
JILTSZO,O
JILTSOZ,O
JILTZSO,X
JILTZOS,X
JILTOSZ,O
JILTOZS,X
JILSTZO,X
JILSTOZ,X
JILSZTO,X
JILSZOT,O
JILSOTZ,X
JILSOZT,O
JILZTSO,X
JILZTOS,X
JILZSTO,X
JILZSOT,X
JILZOTS,X
JILZOST,X
JILOTSZ,O
JILOTZS,X
JILOSTZ,X
JILOSZT,O
JILOZTS,X
JILOZST,X
JISTLZO,X
JISTLOZ,X
JISTZLO,X
JISTZOL,X
JISTOLZ,X
JISTOZL,X
JISLTZO,X
JISLTOZ,X
JISLZTO,X
JISLZOT,O
JISLOTZ,X
JISLOZT,O
JISZTLO,X
JISZTOL,X
JISZLTO,X
JISZLOT,O
JISZOTL,X
JISZOLT,O
JISOTLZ,X
JISOTZL,X
JISOLTZ,X
JISOLZT,O
JISOZTL,X
JISOZLT,O
JIZTLSO,X
JIZTLOS,X
JIZTSLO,X
JIZTSOL,X
JIZTOLS,X
JIZTOSL,X
JIZLTSO,X
JIZLTOS,X
JIZLSTO,X
JIZLSOT,X
JIZLOTS,X
JIZLOST,X
JIZSTLO,X
JIZSTOL,X
JIZSLTO,X
JIZSLOT,X
JIZSOTL,X
JIZSOLT,X
JIZOTLS,X
JIZOTSL,X
JIZOLTS,X
JIZOLST,X
JIZOSTL,X
JIZOSLT,X
JIOTLSZ,O
JIOTLZS,X
JIOTSLZ,O
JIOTSZL,O
JIOTZLS,X
JIOTZSL,X
JIOLTSZ,O
JIOLTZS,X
JIOLSTZ,X
JIOLSZT,O
JIOLZTS,X
JIOLZST,X
JIOSTLZ,X
JIOSTZL,X
JIOSLTZ,X
JIOSLZT,O
JIOSZTL,X
JIOSZLT,O
JIOZTLS,X
JIOZTSL,X
JIOZLTS,X
JIOZLST,X
JIOZSTL,X
JIOZSLT,X
JLTISZO,O
JLTISOZ,O
JLTIZSO,X
JLTIZOS,X
JLTIOSZ,O
JLTIOZS,X
JLTSIZO,O
JLTSIOZ,O
JLTSZIO,O
JLTSZOI,O
JLTSOIZ,O
JLTSOZI,O
JLTZISO,X
JLTZIOS,X
JLTZSIO,X
JLTZSOI,X
JLTZOIS,X
JLTZOSI,X
JLTOISZ,O
JLTOIZS,X
JLTOSIZ,O
JLTOSZI,O
JLTOZIS,X
JLTOZSI,X
JLITSZO,O
JLITSOZ,O
JLITZSO,X
JLITZOS,X
JLITOSZ,O
JLITOZS,X
JLISTZO,X
JLISTOZ,X
JLISZTO,X
JLISZOT,O
JLISOTZ,X
JLISOZT,O
JLIZTSO,X
JLIZTOS,X
JLIZSTO,X
JLIZSOT,X
JLIZOTS,X
JLIZOST,X
JLIOTSZ,O
JLIOTZS,X
JLIOSTZ,X
JLIOSZT,O
JLIOZTS,X
JLIOZST,X
JLSTIZO,X
JLSTIOZ,X
JLSTZIO,X
JLSTZOI,X
JLSTOIZ,X
JLSTOZI,X
JLSITZO,X
JLSITOZ,X
JLSIZTO,X
JLSIZOT,O
JLSIOTZ,X
JLSIOZT,O
JLSZTIO,X
JLSZTOI,X
JLSZITO,X
JLSZIOT,O
JLSZOTI,X
JLSZOIT,O
JLSOTIZ,X
JLSOTZI,X
JLSOITZ,X
JLSOIZT,O
JLSOZTI,X
JLSOZIT,O
JLZTISO,X
JLZTIOS,X
JLZTSIO,X
JLZTSOI,X
JLZTOIS,X
JLZTOSI,X
JLZITSO,X
JLZITOS,X
JLZISTO,X
JLZISOT,X
JLZIOTS,X
JLZIOST,X
JLZSTIO,X
JLZSTOI,X
JLZSITO,X
JLZSIOT,X
JLZSOTI,X
JLZSOIT,X
JLZOTIS,X
JLZOTSI,X
JLZOITS,X
JLZOIST,X
JLZOSTI,X
JLZOSIT,X
JLOTISZ,O
JLOTIZS,X
JLOTSIZ,O
JLOTSZI,O
JLOTZIS,X
JLOTZSI,X
JLOITSZ,O
JLOITZS,X
JLOISTZ,X
JLOISZT,O
JLOIZTS,X
JLOIZST,X
JLOSTIZ,X
JLOSTZI,X
JLOSITZ,X
JLOSIZT,O
JLOSZTI,X
JLOSZIT,O
JLOZTIS,X
JLOZTSI,X
JLOZITS,X
JLOZIST,X
JLOZSTI,X
JLOZSIT,X
JSTILZO,X
JSTILOZ,X
JSTIZLO,X
JSTIZOL,X
JSTIOLZ,X
JSTIOZL,X
JSTLIZO,X
JSTLIOZ,X
JSTLZIO,X
JSTLZOI,X
JSTLOIZ,X
JSTLOZI,X
JSTZILO,X
JSTZIOL,X
JSTZLIO,X
JSTZLOI,X
JSTZOIL,X
JSTZOLI,X
JSTOILZ,X
JSTOIZL,X
JSTOLIZ,X
JSTOLZI,X
JSTOZIL,X
JSTOZLI,X
JSITLZO,X
JSITLOZ,X
JSITZLO,X
JSITZOL,X
JSITOLZ,X
JSITOZL,X
JSILTZO,X
JSILTOZ,X
JSILZTO,X
JSILZOT,O
JSILOTZ,X
JSILOZT,O
JSIZTLO,X
JSIZTOL,X
JSIZLTO,X
JSIZLOT,O
JSIZOTL,X
JSIZOLT,O
JSIOTLZ,X
JSIOTZL,X
JSIOLTZ,X
JSIOLZT,O
JSIOZTL,X
JSIOZLT,O
JSLTIZO,X
JSLTIOZ,X
JSLTZIO,X
JSLTZOI,X
JSLTOIZ,X
JSLTOZI,X
JSLITZO,X
JSLITOZ,X
JSLIZTO,X
JSLIZOT,O
JSLIOTZ,X
JSLIOZT,O
JSLZTIO,X
JSLZTOI,X
JSLZITO,X
JSLZIOT,O
JSLZOTI,X
JSLZOIT,O
JSLOTIZ,X
JSLOTZI,X
JSLOITZ,X
JSLOIZT,O
JSLOZTI,X
JSLOZIT,O
JSZTILO,X
JSZTIOL,X
JSZTLIO,X
JSZTLOI,X
JSZTOIL,X
JSZTOLI,X
JSZITLO,X
JSZITOL,X
JSZILTO,X
JSZILOT,O
JSZIOTL,X
JSZIOLT,O
JSZLTIO,X
JSZLTOI,X
JSZLITO,X
JSZLIOT,O
JSZLOTI,X
JSZLOIT,O
JSZOTIL,X
JSZOTLI,X
JSZOITL,X
JSZOILT,O
JSZOLTI,X
JSZOLIT,O
JSOTILZ,X
JSOTIZL,X
JSOTLIZ,X
JSOTLZI,X
JSOTZIL,X
JSOTZLI,X
JSOITLZ,X
JSOITZL,X
JSOILTZ,X
JSOILZT,O
JSOIZTL,X
JSOIZLT,O
JSOLTIZ,X
JSOLTZI,X
JSOLITZ,X
JSOLIZT,O
JSOLZTI,X
JSOLZIT,O
JSOZTIL,X
JSOZTLI,X
JSOZITL,X
JSOZILT,O
JSOZLTI,X
JSOZLIT,O
JZTILSO,X
JZTILOS,X
JZTISLO,X
JZTISOL,X
JZTIOLS,X
JZTIOSL,X
JZTLISO,X
JZTLIOS,X
JZTLSIO,X
JZTLSOI,X
JZTLOIS,X
JZTLOSI,X
JZTSILO,X
JZTSIOL,X
JZTSLIO,X
JZTSLOI,X
JZTSOIL,X
JZTSOLI,X
JZTOILS,X
JZTOISL,X
JZTOLIS,X
JZTOLSI,X
JZTOSIL,X
JZTOSLI,X
JZITLSO,X
JZITLOS,X
JZITSLO,X
JZITSOL,X
JZITOLS,X
JZITOSL,X
JZILTSO,X
JZILTOS,X
JZILSTO,X
JZILSOT,X
JZILOTS,X
JZILOST,X
JZISTLO,X
JZISTOL,X
JZISLTO,X
JZISLOT,X
JZISOTL,X
JZISOLT,X
JZIOTLS,X
JZIOTSL,X
JZIOLTS,X
JZIOLST,X
JZIOSTL,X
JZIOSLT,X
JZLTISO,X
JZLTIOS,X
JZLTSIO,X
JZLTSOI,X
JZLTOIS,X
JZLTOSI,X
JZLITSO,X
JZLITOS,X
JZLISTO,X
JZLISOT,X
JZLIOTS,X
JZLIOST,X
JZLSTIO,X
JZLSTOI,X
JZLSITO,X
JZLSIOT,X
JZLSOTI,X
JZLSOIT,X
JZLOTIS,X
JZLOTSI,X
JZLOITS,X
JZLOIST,X
JZLOSTI,X
JZLOSIT,X
JZSTILO,X
JZSTIOL,X
JZSTLIO,X
JZSTLOI,X
JZSTOIL,X
JZSTOLI,X
JZSITLO,X
JZSITOL,X
JZSILTO,X
JZSILOT,X
JZSIOTL,X
JZSIOLT,X
JZSLTIO,X
JZSLTOI,X
JZSLITO,X
JZSLIOT,X
JZSLOTI,X
JZSLOIT,X
JZSOTIL,X
JZSOTLI,X
JZSOITL,X
JZSOILT,X
JZSOLTI,X
JZSOLIT,X
JZOTILS,X
JZOTISL,X
JZOTLIS,X
JZOTLSI,X
JZOTSIL,X
JZOTSLI,X
JZOITLS,X
JZOITSL,X
JZOILTS,X
JZOILST,X
JZOISTL,X
JZOISLT,X
JZOLTIS,X
JZOLTSI,X
JZOLITS,X
JZOLIST,X
JZOLSTI,X
JZOLSIT,X
JZOSTIL,X
JZOSTLI,X
JZOSITL,X
JZOSILT,X
JZOSLTI,X
JZOSLIT,X
JOTILSZ,O
JOTILZS,X
JOTISLZ,O
JOTISZL,O
JOTIZLS,X
JOTIZSL,X
JOTLISZ,O
JOTLIZS,X
JOTLSIZ,O
JOTLSZI,O
JOTLZIS,X
JOTLZSI,X
JOTSILZ,O
JOTSIZL,O
JOTSLIZ,O
JOTSLZI,O
JOTSZIL,O
JOTSZLI,O
JOTZILS,X
JOTZISL,X
JOTZLIS,X
JOTZLSI,X
JOTZSIL,X
JOTZSLI,X
JOITLSZ,O
JOITLZS,X
JOITSLZ,O
JOITSZL,O
JOITZLS,X
JOITZSL,X
JOILTSZ,O
JOILTZS,X
JOILSTZ,X
JOILSZT,O
JOILZTS,X
JOILZST,X
JOISTLZ,X
JOISTZL,X
JOISLTZ,X
JOISLZT,O
JOISZTL,X
JOISZLT,O
JOIZTLS,X
JOIZTSL,X
JOIZLTS,X
JOIZLST,X
JOIZSTL,X
JOIZSLT,X
JOLTISZ,O
JOLTIZS,X
JOLTSIZ,O
JOLTSZI,O
JOLTZIS,X
JOLTZSI,X
JOLITSZ,O
JOLITZS,X
JOLISTZ,X
JOLISZT,O
JOLIZTS,X
JOLIZST,X
JOLSTIZ,X
JOLSTZI,X
JOLSITZ,X
JOLSIZT,O
JOLSZTI,X
JOLSZIT,O
JOLZTIS,X
JOLZTSI,X
JOLZITS,X
JOLZIST,X
JOLZSTI,X
JOLZSIT,X
JOSTILZ,X
JOSTIZL,X
JOSTLIZ,X
JOSTLZI,X
JOSTZIL,X
JOSTZLI,X
JOSITLZ,X
JOSITZL,X
JOSILTZ,X
JOSILZT,O
JOSIZTL,X
JOSIZLT,O
JOSLTIZ,X
JOSLTZI,X
JOSLITZ,X
JOSLIZT,O
JOSLZTI,X
JOSLZIT,O
JOSZTIL,X
JOSZTLI,X
JOSZITL,X
JOSZILT,O
JOSZLTI,X
JOSZLIT,O
JOZTILS,X
JOZTISL,X
JOZTLIS,X
JOZTLSI,X
JOZTSIL,X
JOZTSLI,X
JOZITLS,X
JOZITSL,X
JOZILTS,X
JOZILST,X
JOZISTL,X
JOZISLT,X
JOZLTIS,X
JOZLTSI,X
JOZLITS,X
JOZLIST,X
JOZLSTI,X
JOZLSIT,X
JOZSTIL,X
JOZSTLI,X
JOZSITL,X
JOZSILT,X
JOZSLTI,X
JOZSLIT,X
STILJZO,X
STILJOZ,X
STILZJO,X
STILZOJ,X
STILOJZ,X
STILOZJ,X
STIJLZO,X
STIJLOZ,X
STIJZLO,X
STIJZOL,X
STIJOLZ,X
STIJOZL,X
STIZLJO,X
STIZLOJ,X
STIZJLO,X
STIZJOL,X
STIZOLJ,X
STIZOJL,X
STIOLJZ,X
STIOLZJ,X
STIOJLZ,X
STIOJZL,X
STIOZLJ,X
STIOZJL,X
STLIJZO,X
STLIJOZ,X
STLIZJO,X
STLIZOJ,X
STLIOJZ,X
STLIOZJ,X
STLJIZO,X
STLJIOZ,X
STLJZIO,X
STLJZOI,X
STLJOIZ,X
STLJOZI,X
STLZIJO,X
STLZIOJ,X
STLZJIO,X
STLZJOI,X
STLZOIJ,X
STLZOJI,X
STLOIJZ,X
STLOIZJ,X
STLOJIZ,X
STLOJZI,X
STLOZIJ,X
STLOZJI,X
STJILZO,X
STJILOZ,X
STJIZLO,X
STJIZOL,X
STJIOLZ,X
STJIOZL,X
STJLIZO,X
STJLIOZ,X
STJLZIO,X
STJLZOI,X
STJLOIZ,X
STJLOZI,X
STJZILO,X
STJZIOL,X
STJZLIO,X
STJZLOI,X
STJZOIL,X
STJZOLI,X
STJOILZ,X
STJOIZL,X
STJOLIZ,X
STJOLZI,X
STJOZIL,X
STJOZLI,X
STZILJO,X
STZILOJ,X
STZIJLO,X
STZIJOL,X
STZIOLJ,X
STZIOJL,X
STZLIJO,X
STZLIOJ,X
STZLJIO,X
STZLJOI,X
STZLOIJ,X
STZLOJI,X
STZJILO,X
STZJIOL,X
STZJLIO,X
STZJLOI,X
STZJOIL,X
STZJOLI,X
STZOILJ,X
STZOIJL,X
STZOLIJ,X
STZOLJI,X
STZOJIL,X
STZOJLI,X
STOILJZ,X
STOILZJ,X
STOIJLZ,X
STOIJZL,X
STOIZLJ,X
STOIZJL,X
STOLIJZ,X
STOLIZJ,X
STOLJIZ,X
STOLJZI,X
STOLZIJ,X
STOLZJI,X
STOJILZ,X
STOJIZL,X
STOJLIZ,X
STOJLZI,X
STOJZIL,X
STOJZLI,X
STOZILJ,X
STOZIJL,X
STOZLIJ,X
STOZLJI,X
STOZJIL,X
STOZJLI,X
SITLJZO,X
SITLJOZ,X
SITLZJO,X
SITLZOJ,X
SITLOJZ,X
SITLOZJ,X
SITJLZO,X
SITJLOZ,X
SITJZLO,X
SITJZOL,X
SITJOLZ,X
SITJOZL,X
SITZLJO,X
SITZLOJ,X
SITZJLO,X
SITZJOL,X
SITZOLJ,X
SITZOJL,X
SITOLJZ,X
SITOLZJ,X
SITOJLZ,X
SITOJZL,X
SITOZLJ,X
SITOZJL,X
SILTJZO,X
SILTJOZ,X
SILTZJO,X
SILTZOJ,X
SILTOJZ,X
SILTOZJ,X
SILJTZO,X
SILJTOZ,X
SILJZTO,X
SILJZOT,O
SILJOTZ,X
SILJOZT,O
SILZTJO,X
SILZTOJ,X
SILZJTO,X
SILZJOT,O
SILZOTJ,X
SILZOJT,O
SILOTJZ,X
SILOTZJ,X
SILOJTZ,X
SILOJZT,O
SILOZTJ,X
SILOZJT,O
SIJTLZO,X
SIJTLOZ,X
SIJTZLO,X
SIJTZOL,X
SIJTOLZ,X
SIJTOZL,X
SIJLTZO,X
SIJLTOZ,X
SIJLZTO,X
SIJLZOT,O
SIJLOTZ,X
SIJLOZT,O
SIJZTLO,X
SIJZTOL,X
SIJZLTO,X
SIJZLOT,O
SIJZOTL,X
SIJZOLT,O
SIJOTLZ,X
SIJOTZL,X
SIJOLTZ,X
SIJOLZT,O
SIJOZTL,X
SIJOZLT,O
SIZTLJO,X
SIZTLOJ,X
SIZTJLO,X
SIZTJOL,X
SIZTOLJ,X
SIZTOJL,X
SIZLTJO,X
SIZLTOJ,X
SIZLJTO,X
SIZLJOT,O
SIZLOTJ,X
SIZLOJT,O
SIZJTLO,X
SIZJTOL,X
SIZJLTO,X
SIZJLOT,O
SIZJOTL,X
SIZJOLT,O
SIZOTLJ,X
SIZOTJL,X
SIZOLTJ,X
SIZOLJT,O
SIZOJTL,X
SIZOJLT,O
SIOTLJZ,X
SIOTLZJ,X
SIOTJLZ,X
SIOTJZL,X
SIOTZLJ,X
SIOTZJL,X
SIOLTJZ,X
SIOLTZJ,X
SIOLJTZ,X
SIOLJZT,O
SIOLZTJ,X
SIOLZJT,O
SIOJTLZ,X
SIOJTZL,X
SIOJLTZ,X
SIOJLZT,O
SIOJZTL,X
SIOJZLT,O
SIOZTLJ,X
SIOZTJL,X
SIOZLTJ,X
SIOZLJT,O
SIOZJTL,X
SIOZJLT,O
SLTIJZO,X
SLTIJOZ,X
SLTIZJO,X
SLTIZOJ,X
SLTIOJZ,X
SLTIOZJ,X
SLTJIZO,X
SLTJIOZ,X
SLTJZIO,X
SLTJZOI,X
SLTJOIZ,X
SLTJOZI,X
SLTZIJO,X
SLTZIOJ,X
SLTZJIO,X
SLTZJOI,X
SLTZOIJ,X
SLTZOJI,X
SLTOIJZ,X
SLTOIZJ,X
SLTOJIZ,X
SLTOJZI,X
SLTOZIJ,X
SLTOZJI,X
SLITJZO,X
SLITJOZ,X
SLITZJO,X
SLITZOJ,X
SLITOJZ,X
SLITOZJ,X
SLIJTZO,X
SLIJTOZ,X
SLIJZTO,X
SLIJZOT,O
SLIJOTZ,X
SLIJOZT,O
SLIZTJO,X
SLIZTOJ,X
SLIZJTO,X
SLIZJOT,O
SLIZOTJ,X
SLIZOJT,O
SLIOTJZ,X
SLIOTZJ,X
SLIOJTZ,X
SLIOJZT,O
SLIOZTJ,X
SLIOZJT,O
SLJTIZO,X
SLJTIOZ,X
SLJTZIO,X
SLJTZOI,X
SLJTOIZ,X
SLJTOZI,X
SLJITZO,X
SLJITOZ,X
SLJIZTO,X
SLJIZOT,O
SLJIOTZ,X
SLJIOZT,O
SLJZTIO,X
SLJZTOI,X
SLJZITO,X
SLJZIOT,O
SLJZOTI,X
SLJZOIT,O
SLJOTIZ,X
SLJOTZI,X
SLJOITZ,X
SLJOIZT,O
SLJOZTI,X
SLJOZIT,O
SLZTIJO,X
SLZTIOJ,X
SLZTJIO,X
SLZTJOI,X
SLZTOIJ,X
SLZTOJI,X
SLZITJO,X
SLZITOJ,X
SLZIJTO,X
SLZIJOT,O
SLZIOTJ,X
SLZIOJT,O
SLZJTIO,X
SLZJTOI,X
SLZJITO,X
SLZJIOT,O
SLZJOTI,X
SLZJOIT,O
SLZOTIJ,X
SLZOTJI,X
SLZOITJ,X
SLZOIJT,O
SLZOJTI,X
SLZOJIT,O
SLOTIJZ,X
SLOTIZJ,X
SLOTJIZ,X
SLOTJZI,X
SLOTZIJ,X
SLOTZJI,X
SLOITJZ,X
SLOITZJ,X
SLOIJTZ,X
SLOIJZT,O
SLOIZTJ,X
SLOIZJT,O
SLOJTIZ,X
SLOJTZI,X
SLOJITZ,X
SLOJIZT,O
SLOJZTI,X
SLOJZIT,O
SLOZTIJ,X
SLOZTJI,X
SLOZITJ,X
SLOZIJT,O
SLOZJTI,X
SLOZJIT,O
SJTILZO,X
SJTILOZ,X
SJTIZLO,X
SJTIZOL,X
SJTIOLZ,X
SJTIOZL,X
SJTLIZO,X
SJTLIOZ,X
SJTLZIO,X
SJTLZOI,X
SJTLOIZ,X
SJTLOZI,X
SJTZILO,X
SJTZIOL,X
SJTZLIO,X
SJTZLOI,X
SJTZOIL,X
SJTZOLI,X
SJTOILZ,X
SJTOIZL,X
SJTOLIZ,X
SJTOLZI,X
SJTOZIL,X
SJTOZLI,X
SJITLZO,X
SJITLOZ,X
SJITZLO,X
SJITZOL,X
SJITOLZ,X
SJITOZL,X
SJILTZO,X
SJILTOZ,X
SJILZTO,X
SJILZOT,O
SJILOTZ,X
SJILOZT,O
SJIZTLO,X
SJIZTOL,X
SJIZLTO,X
SJIZLOT,O
SJIZOTL,X
SJIZOLT,O
SJIOTLZ,X
SJIOTZL,X
SJIOLTZ,X
SJIOLZT,O
SJIOZTL,X
SJIOZLT,O
SJLTIZO,X
SJLTIOZ,X
SJLTZIO,X
SJLTZOI,X
SJLTOIZ,X
SJLTOZI,X
SJLITZO,X
SJLITOZ,X
SJLIZTO,X
SJLIZOT,O
SJLIOTZ,X
SJLIOZT,O
SJLZTIO,X
SJLZTOI,X
SJLZITO,X
SJLZIOT,O
SJLZOTI,X
SJLZOIT,O
SJLOTIZ,X
SJLOTZI,X
SJLOITZ,X
SJLOIZT,O
SJLOZTI,X
SJLOZIT,O
SJZTILO,X
SJZTIOL,X
SJZTLIO,X
SJZTLOI,X
SJZTOIL,X
SJZTOLI,X
SJZITLO,X
SJZITOL,X
SJZILTO,X
SJZILOT,O
SJZIOTL,X
SJZIOLT,O
SJZLTIO,X
SJZLTOI,X
SJZLITO,X
SJZLIOT,O
SJZLOTI,X
SJZLOIT,O
SJZOTIL,X
SJZOTLI,X
SJZOITL,X
SJZOILT,O
SJZOLTI,X
SJZOLIT,O
SJOTILZ,X
SJOTIZL,X
SJOTLIZ,X
SJOTLZI,X
SJOTZIL,X
SJOTZLI,X
SJOITLZ,X
SJOITZL,X
SJOILTZ,X
SJOILZT,O
SJOIZTL,X
SJOIZLT,O
SJOLTIZ,X
SJOLTZI,X
SJOLITZ,X
SJOLIZT,O
SJOLZTI,X
SJOLZIT,O
SJOZTIL,X
SJOZTLI,X
SJOZITL,X
SJOZILT,O
SJOZLTI,X
SJOZLIT,O
SZTILJO,X
SZTILOJ,X
SZTIJLO,X
SZTIJOL,X
SZTIOLJ,X
SZTIOJL,X
SZTLIJO,X
SZTLIOJ,X
SZTLJIO,X
SZTLJOI,X
SZTLOIJ,X
SZTLOJI,X
SZTJILO,X
SZTJIOL,X
SZTJLIO,X
SZTJLOI,X
SZTJOIL,X
SZTJOLI,X
SZTOILJ,X
SZTOIJL,X
SZTOLIJ,X
SZTOLJI,X
SZTOJIL,X
SZTOJLI,X
SZITLJO,X
SZITLOJ,X
SZITJLO,X
SZITJOL,X
SZITOLJ,X
SZITOJL,X
SZILTJO,X
SZILTOJ,X
SZILJTO,X
SZILJOT,O
SZILOTJ,X
SZILOJT,O
SZIJTLO,X
SZIJTOL,X
SZIJLTO,X
SZIJLOT,O
SZIJOTL,X
SZIJOLT,O
SZIOTLJ,X
SZIOTJL,X
SZIOLTJ,X
SZIOLJT,O
SZIOJTL,X
SZIOJLT,O
SZLTIJO,X
SZLTIOJ,X
SZLTJIO,X
SZLTJOI,X
SZLTOIJ,X
SZLTOJI,X
SZLITJO,X
SZLITOJ,X
SZLIJTO,X
SZLIJOT,O
SZLIOTJ,X
SZLIOJT,O
SZLJTIO,X
SZLJTOI,X
SZLJITO,X
SZLJIOT,O
SZLJOTI,X
SZLJOIT,O
SZLOTIJ,X
SZLOTJI,X
SZLOITJ,X
SZLOIJT,O
SZLOJTI,X
SZLOJIT,O
SZJTILO,X
SZJTIOL,X
SZJTLIO,X
SZJTLOI,X
SZJTOIL,X
SZJTOLI,X
SZJITLO,X
SZJITOL,X
SZJILTO,X
SZJILOT,O
SZJIOTL,X
SZJIOLT,O
SZJLTIO,X
SZJLTOI,X
SZJLITO,X
SZJLIOT,O
SZJLOTI,X
SZJLOIT,O
SZJOTIL,X
SZJOTLI,X
SZJOITL,X
SZJOILT,O
SZJOLTI,X
SZJOLIT,O
SZOTILJ,X
SZOTIJL,X
SZOTLIJ,X
SZOTLJI,X
SZOTJIL,X
SZOTJLI,X
SZOITLJ,X
SZOITJL,X
SZOILTJ,X
SZOILJT,O
SZOIJTL,X
SZOIJLT,O
SZOLTIJ,X
SZOLTJI,X
SZOLITJ,X
SZOLIJT,O
SZOLJTI,X
SZOLJIT,O
SZOJTIL,X
SZOJTLI,X
SZOJITL,X
SZOJILT,O
SZOJLTI,X
SZOJLIT,O
SOTILJZ,X
SOTILZJ,X
SOTIJLZ,X
SOTIJZL,X
SOTIZLJ,X
SOTIZJL,X
SOTLIJZ,X
SOTLIZJ,X
SOTLJIZ,X
SOTLJZI,X
SOTLZIJ,X
SOTLZJI,X
SOTJILZ,X
SOTJIZL,X
SOTJLIZ,X
SOTJLZI,X
SOTJZIL,X
SOTJZLI,X
SOTZILJ,X
SOTZIJL,X
SOTZLIJ,X
SOTZLJI,X
SOTZJIL,X
SOTZJLI,X
SOITLJZ,X
SOITLZJ,X
SOITJLZ,X
SOITJZL,X
SOITZLJ,X
SOITZJL,X
SOILTJZ,X
SOILTZJ,X
SOILJTZ,X
SOILJZT,O
SOILZTJ,X
SOILZJT,O
SOIJTLZ,X
SOIJTZL,X
SOIJLTZ,X
SOIJLZT,O
SOIJZTL,X
SOIJZLT,O
SOIZTLJ,X
SOIZTJL,X
SOIZLTJ,X
SOIZLJT,O
SOIZJTL,X
SOIZJLT,O
SOLTIJZ,X
SOLTIZJ,X
SOLTJIZ,X
SOLTJZI,X
SOLTZIJ,X
SOLTZJI,X
SOLITJZ,X
SOLITZJ,X
SOLIJTZ,X
SOLIJZT,O
SOLIZTJ,X
SOLIZJT,O
SOLJTIZ,X
SOLJTZI,X
SOLJITZ,X
SOLJIZT,O
SOLJZTI,X
SOLJZIT,O
SOLZTIJ,X
SOLZTJI,X
SOLZITJ,X
SOLZIJT,O
SOLZJTI,X
SOLZJIT,O
SOJTILZ,X
SOJTIZL,X
SOJTLIZ,X
SOJTLZI,X
SOJTZIL,X
SOJTZLI,X
SOJITLZ,X
SOJITZL,X
SOJILTZ,X
SOJILZT,O
SOJIZTL,X
SOJIZLT,O
SOJLTIZ,X
SOJLTZI,X
SOJLITZ,X
SOJLIZT,O
SOJLZTI,X
SOJLZIT,O
SOJZTIL,X
SOJZTLI,X
SOJZITL,X
SOJZILT,O
SOJZLTI,X
SOJZLIT,O
SOZTILJ,X
SOZTIJL,X
SOZTLIJ,X
SOZTLJI,X
SOZTJIL,X
SOZTJLI,X
SOZITLJ,X
SOZITJL,X
SOZILTJ,X
SOZILJT,O
SOZIJTL,X
SOZIJLT,O
SOZLTIJ,X
SOZLTJI,X
SOZLITJ,X
SOZLIJT,O
SOZLJTI,X
SOZLJIT,O
SOZJTIL,X
SOZJTLI,X
SOZJITL,X
SOZJILT,O
SOZJLTI,X
SOZJLIT,O
ZTILJSO,X
ZTILJOS,X
ZTILSJO,X
ZTILSOJ,X
ZTILOJS,X
ZTILOSJ,X
ZTIJLSO,X
ZTIJLOS,X
ZTIJSLO,X
ZTIJSOL,X
ZTIJOLS,X
ZTIJOSL,X
ZTISLJO,X
ZTISLOJ,X
ZTISJLO,X
ZTISJOL,X
ZTISOLJ,X
ZTISOJL,X
ZTIOLJS,X
ZTIOLSJ,X
ZTIOJLS,X
ZTIOJSL,X
ZTIOSLJ,X
ZTIOSJL,X
ZTLIJSO,X
ZTLIJOS,X
ZTLISJO,X
ZTLISOJ,X
ZTLIOJS,X
ZTLIOSJ,X
ZTLJISO,X
ZTLJIOS,X
ZTLJSIO,X
ZTLJSOI,X
ZTLJOIS,X
ZTLJOSI,X
ZTLSIJO,X
ZTLSIOJ,X
ZTLSJIO,X
ZTLSJOI,X
ZTLSOIJ,X
ZTLSOJI,X
ZTLOIJS,X
ZTLOISJ,X
ZTLOJIS,X
ZTLOJSI,X
ZTLOSIJ,X
ZTLOSJI,X
ZTJILSO,X
ZTJILOS,X
ZTJISLO,X
ZTJISOL,X
ZTJIOLS,X
ZTJIOSL,X
ZTJLISO,X
ZTJLIOS,X
ZTJLSIO,X
ZTJLSOI,X
ZTJLOIS,X
ZTJLOSI,X
ZTJSILO,X
ZTJSIOL,X
ZTJSLIO,X
ZTJSLOI,X
ZTJSOIL,X
ZTJSOLI,X
ZTJOILS,X
ZTJOISL,X
ZTJOLIS,X
ZTJOLSI,X
ZTJOSIL,X
ZTJOSLI,X
ZTSILJO,X
ZTSILOJ,X
ZTSIJLO,X
ZTSIJOL,X
ZTSIOLJ,X
ZTSIOJL,X
ZTSLIJO,X
ZTSLIOJ,X
ZTSLJIO,X
ZTSLJOI,X
ZTSLOIJ,X
ZTSLOJI,X
ZTSJILO,X
ZTSJIOL,X
ZTSJLIO,X
ZTSJLOI,X
ZTSJOIL,X
ZTSJOLI,X
ZTSOILJ,X
ZTSOIJL,X
ZTSOLIJ,X
ZTSOLJI,X
ZTSOJIL,X
ZTSOJLI,X
ZTOILJS,X
ZTOILSJ,X
ZTOIJLS,X
ZTOIJSL,X
ZTOISLJ,X
ZTOISJL,X
ZTOLIJS,X
ZTOLISJ,X
ZTOLJIS,X
ZTOLJSI,X
ZTOLSIJ,X
ZTOLSJI,X
ZTOJILS,X
ZTOJISL,X
ZTOJLIS,X
ZTOJLSI,X
ZTOJSIL,X
ZTOJSLI,X
ZTOSILJ,X
ZTOSIJL,X
ZTOSLIJ,X
ZTOSLJI,X
ZTOSJIL,X
ZTOSJLI,X
ZITLJSO,X
ZITLJOS,X
ZITLSJO,X
ZITLSOJ,X
ZITLOJS,X
ZITLOSJ,X
ZITJLSO,X
ZITJLOS,X
ZITJSLO,X
ZITJSOL,X
ZITJOLS,X
ZITJOSL,X
ZITSLJO,X
ZITSLOJ,X
ZITSJLO,X
ZITSJOL,X
ZITSOLJ,X
ZITSOJL,X
ZITOLJS,X
ZITOLSJ,X
ZITOJLS,X
ZITOJSL,X
ZITOSLJ,X
ZITOSJL,X
ZILTJSO,X
ZILTJOS,X
ZILTSJO,X
ZILTSOJ,X
ZILTOJS,X
ZILTOSJ,X
ZILJTSO,X
ZILJTOS,X
ZILJSTO,X
ZILJSOT,X
ZILJOTS,X
ZILJOST,X
ZILSTJO,X
ZILSTOJ,X
ZILSJTO,X
ZILSJOT,X
ZILSOTJ,X
ZILSOJT,X
ZILOTJS,X
ZILOTSJ,X
ZILOJTS,X
ZILOJST,X
ZILOSTJ,X
ZILOSJT,X
ZIJTLSO,X
ZIJTLOS,X
ZIJTSLO,X
ZIJTSOL,X
ZIJTOLS,X
ZIJTOSL,X
ZIJLTSO,X
ZIJLTOS,X
ZIJLSTO,X
ZIJLSOT,X
ZIJLOTS,X
ZIJLOST,X
ZIJSTLO,X
ZIJSTOL,X
ZIJSLTO,X
ZIJSLOT,X
ZIJSOTL,X
ZIJSOLT,X
ZIJOTLS,X
ZIJOTSL,X
ZIJOLTS,X
ZIJOLST,X
ZIJOSTL,X
ZIJOSLT,X
ZISTLJO,X
ZISTLOJ,X
ZISTJLO,X
ZISTJOL,X
ZISTOLJ,X
ZISTOJL,X
ZISLTJO,X
ZISLTOJ,X
ZISLJTO,X
ZISLJOT,X
ZISLOTJ,X
ZISLOJT,X
ZISJTLO,X
ZISJTOL,X
ZISJLTO,X
ZISJLOT,X
ZISJOTL,X
ZISJOLT,X
ZISOTLJ,X
ZISOTJL,X
ZISOLTJ,X
ZISOLJT,X
ZISOJTL,X
ZISOJLT,X
ZIOTLJS,X
ZIOTLSJ,X
ZIOTJLS,X
ZIOTJSL,X
ZIOTSLJ,X
ZIOTSJL,X
ZIOLTJS,X
ZIOLTSJ,X
ZIOLJTS,X
ZIOLJST,X
ZIOLSTJ,X
ZIOLSJT,X
ZIOJTLS,X
ZIOJTSL,X
ZIOJLTS,X
ZIOJLST,X
ZIOJSTL,X
ZIOJSLT,X
ZIOSTLJ,X
ZIOSTJL,X
ZIOSLTJ,X
ZIOSLJT,X
ZIOSJTL,X
ZIOSJLT,X
ZLTIJSO,X
ZLTIJOS,X
ZLTISJO,X
ZLTISOJ,X
ZLTIOJS,X
ZLTIOSJ,X
ZLTJISO,X
ZLTJIOS,X
ZLTJSIO,X
ZLTJSOI,X
ZLTJOIS,X
ZLTJOSI,X
ZLTSIJO,X
ZLTSIOJ,X
ZLTSJIO,X
ZLTSJOI,X
ZLTSOIJ,X
ZLTSOJI,X
ZLTOIJS,X
ZLTOISJ,X
ZLTOJIS,X
ZLTOJSI,X
ZLTOSIJ,X
ZLTOSJI,X
ZLITJSO,X
ZLITJOS,X
ZLITSJO,X
ZLITSOJ,X
ZLITOJS,X
ZLITOSJ,X
ZLIJTSO,X
ZLIJTOS,X
ZLIJSTO,X
ZLIJSOT,X
ZLIJOTS,X
ZLIJOST,X
ZLISTJO,X
ZLISTOJ,X
ZLISJTO,X
ZLISJOT,X
ZLISOTJ,X
ZLISOJT,X
ZLIOTJS,X
ZLIOTSJ,X
ZLIOJTS,X
ZLIOJST,X
ZLIOSTJ,X
ZLIOSJT,X
ZLJTISO,X
ZLJTIOS,X
ZLJTSIO,X
ZLJTSOI,X
ZLJTOIS,X
ZLJTOSI,X
ZLJITSO,X
ZLJITOS,X
ZLJISTO,X
ZLJISOT,X
ZLJIOTS,X
ZLJIOST,X
ZLJSTIO,X
ZLJSTOI,X
ZLJSITO,X
ZLJSIOT,X
ZLJSOTI,X
ZLJSOIT,X
ZLJOTIS,X
ZLJOTSI,X
ZLJOITS,X
ZLJOIST,X
ZLJOSTI,X
ZLJOSIT,X
ZLSTIJO,X
ZLSTIOJ,X
ZLSTJIO,X
ZLSTJOI,X
ZLSTOIJ,X
ZLSTOJI,X
ZLSITJO,X
ZLSITOJ,X
ZLSIJTO,X
ZLSIJOT,X
ZLSIOTJ,X
ZLSIOJT,X
ZLSJTIO,X
ZLSJTOI,X
ZLSJITO,X
ZLSJIOT,X
ZLSJOTI,X
ZLSJOIT,X
ZLSOTIJ,X
ZLSOTJI,X
ZLSOITJ,X
ZLSOIJT,X
ZLSOJTI,X
ZLSOJIT,X
ZLOTIJS,X
ZLOTISJ,X
ZLOTJIS,X
ZLOTJSI,X
ZLOTSIJ,X
ZLOTSJI,X
ZLOITJS,X
ZLOITSJ,X
ZLOIJTS,X
ZLOIJST,X
ZLOISTJ,X
ZLOISJT,X
ZLOJTIS,X
ZLOJTSI,X
ZLOJITS,X
ZLOJIST,X
ZLOJSTI,X
ZLOJSIT,X
ZLOSTIJ,X
ZLOSTJI,X
ZLOSITJ,X
ZLOSIJT,X
ZLOSJTI,X
ZLOSJIT,X
ZJTILSO,X
ZJTILOS,X
ZJTISLO,X
ZJTISOL,X
ZJTIOLS,X
ZJTIOSL,X
ZJTLISO,X
ZJTLIOS,X
ZJTLSIO,X
ZJTLSOI,X
ZJTLOIS,X
ZJTLOSI,X
ZJTSILO,X
ZJTSIOL,X
ZJTSLIO,X
ZJTSLOI,X
ZJTSOIL,X
ZJTSOLI,X
ZJTOILS,X
ZJTOISL,X
ZJTOLIS,X
ZJTOLSI,X
ZJTOSIL,X
ZJTOSLI,X
ZJITLSO,X
ZJITLOS,X
ZJITSLO,X
ZJITSOL,X
ZJITOLS,X
ZJITOSL,X
ZJILTSO,X
ZJILTOS,X
ZJILSTO,X
ZJILSOT,X
ZJILOTS,X
ZJILOST,X
ZJISTLO,X
ZJISTOL,X
ZJISLTO,X
ZJISLOT,X
ZJISOTL,X
ZJISOLT,X
ZJIOTLS,X
ZJIOTSL,X
ZJIOLTS,X
ZJIOLST,X
ZJIOSTL,X
ZJIOSLT,X
ZJLTISO,X
ZJLTIOS,X
ZJLTSIO,X
ZJLTSOI,X
ZJLTOIS,X
ZJLTOSI,X
ZJLITSO,X
ZJLITOS,X
ZJLISTO,X
ZJLISOT,X
ZJLIOTS,X
ZJLIOST,X
ZJLSTIO,X
ZJLSTOI,X
ZJLSITO,X
ZJLSIOT,X
ZJLSOTI,X
ZJLSOIT,X
ZJLOTIS,X
ZJLOTSI,X
ZJLOITS,X
ZJLOIST,X
ZJLOSTI,X
ZJLOSIT,X
ZJSTILO,X
ZJSTIOL,X
ZJSTLIO,X
ZJSTLOI,X
ZJSTOIL,X
ZJSTOLI,X
ZJSITLO,X
ZJSITOL,X
ZJSILTO,X
ZJSILOT,X
ZJSIOTL,X
ZJSIOLT,X
ZJSLTIO,X
ZJSLTOI,X
ZJSLITO,X
ZJSLIOT,X
ZJSLOTI,X
ZJSLOIT,X
ZJSOTIL,X
ZJSOTLI,X
ZJSOITL,X
ZJSOILT,X
ZJSOLTI,X
ZJSOLIT,X
ZJOTILS,X
ZJOTISL,X
ZJOTLIS,X
ZJOTLSI,X
ZJOTSIL,X
ZJOTSLI,X
ZJOITLS,X
ZJOITSL,X
ZJOILTS,X
ZJOILST,X
ZJOISTL,X
ZJOISLT,X
ZJOLTIS,X
ZJOLTSI,X
ZJOLITS,X
ZJOLIST,X
ZJOLSTI,X
ZJOLSIT,X
ZJOSTIL,X
ZJOSTLI,X
ZJOSITL,X
ZJOSILT,X
ZJOSLTI,X
ZJOSLIT,X
ZSTILJO,X
ZSTILOJ,X
ZSTIJLO,X
ZSTIJOL,X
ZSTIOLJ,X
ZSTIOJL,X
ZSTLIJO,X
ZSTLIOJ,X
ZSTLJIO,X
ZSTLJOI,X
ZSTLOIJ,X
ZSTLOJI,X
ZSTJILO,X
ZSTJIOL,X
ZSTJLIO,X
ZSTJLOI,X
ZSTJOIL,X
ZSTJOLI,X
ZSTOILJ,X
ZSTOIJL,X
ZSTOLIJ,X
ZSTOLJI,X
ZSTOJIL,X
ZSTOJLI,X
ZSITLJO,X
ZSITLOJ,X
ZSITJLO,X
ZSITJOL,X
ZSITOLJ,X
ZSITOJL,X
ZSILTJO,X
ZSILTOJ,X
ZSILJTO,X
ZSILJOT,X
ZSILOTJ,X
ZSILOJT,X
ZSIJTLO,X
ZSIJTOL,X
ZSIJLTO,X
ZSIJLOT,X
ZSIJOTL,X
ZSIJOLT,X
ZSIOTLJ,X
ZSIOTJL,X
ZSIOLTJ,X
ZSIOLJT,X
ZSIOJTL,X
ZSIOJLT,X
ZSLTIJO,X
ZSLTIOJ,X
ZSLTJIO,X
ZSLTJOI,X
ZSLTOIJ,X
ZSLTOJI,X
ZSLITJO,X
ZSLITOJ,X
ZSLIJTO,X
ZSLIJOT,X
ZSLIOTJ,X
ZSLIOJT,X
ZSLJTIO,X
ZSLJTOI,X
ZSLJITO,X
ZSLJIOT,X
ZSLJOTI,X
ZSLJOIT,X
ZSLOTIJ,X
ZSLOTJI,X
ZSLOITJ,X
ZSLOIJT,X
ZSLOJTI,X
ZSLOJIT,X
ZSJTILO,X
ZSJTIOL,X
ZSJTLIO,X
ZSJTLOI,X
ZSJTOIL,X
ZSJTOLI,X
ZSJITLO,X
ZSJITOL,X
ZSJILTO,X
ZSJILOT,X
ZSJIOTL,X
ZSJIOLT,X
ZSJLTIO,X
ZSJLTOI,X
ZSJLITO,X
ZSJLIOT,X
ZSJLOTI,X
ZSJLOIT,X
ZSJOTIL,X
ZSJOTLI,X
ZSJOITL,X
ZSJOILT,X
ZSJOLTI,X
ZSJOLIT,X
ZSOTILJ,X
ZSOTIJL,X
ZSOTLIJ,X
ZSOTLJI,X
ZSOTJIL,X
ZSOTJLI,X
ZSOITLJ,X
ZSOITJL,X
ZSOILTJ,X
ZSOILJT,X
ZSOIJTL,X
ZSOIJLT,X
ZSOLTIJ,X
ZSOLTJI,X
ZSOLITJ,X
ZSOLIJT,X
ZSOLJTI,X
ZSOLJIT,X
ZSOJTIL,X
ZSOJTLI,X
ZSOJITL,X
ZSOJILT,X
ZSOJLTI,X
ZSOJLIT,X
ZOTILJS,X
ZOTILSJ,X
ZOTIJLS,X
ZOTIJSL,X
ZOTISLJ,X
ZOTISJL,X
ZOTLIJS,X
ZOTLISJ,X
ZOTLJIS,X
ZOTLJSI,X
ZOTLSIJ,X
ZOTLSJI,X
ZOTJILS,X
ZOTJISL,X
ZOTJLIS,X
ZOTJLSI,X
ZOTJSIL,X
ZOTJSLI,X
ZOTSILJ,X
ZOTSIJL,X
ZOTSLIJ,X
ZOTSLJI,X
ZOTSJIL,X
ZOTSJLI,X
ZOITLJS,X
ZOITLSJ,X
ZOITJLS,X
ZOITJSL,X
ZOITSLJ,X
ZOITSJL,X
ZOILTJS,X
ZOILTSJ,X
ZOILJTS,X
ZOILJST,X
ZOILSTJ,X
ZOILSJT,X
ZOIJTLS,X
ZOIJTSL,X
ZOIJLTS,X
ZOIJLST,X
ZOIJSTL,X
ZOIJSLT,X
ZOISTLJ,X
ZOISTJL,X
ZOISLTJ,X
ZOISLJT,X
ZOISJTL,X
ZOISJLT,X
ZOLTIJS,X
ZOLTISJ,X
ZOLTJIS,X
ZOLTJSI,X
ZOLTSIJ,X
ZOLTSJI,X
ZOLITJS,X
ZOLITSJ,X
ZOLIJTS,X
ZOLIJST,X
ZOLISTJ,X
ZOLISJT,X
ZOLJTIS,X
ZOLJTSI,X
ZOLJITS,X
ZOLJIST,X
ZOLJSTI,X
ZOLJSIT,X
ZOLSTIJ,X
ZOLSTJI,X
ZOLSITJ,X
ZOLSIJT,X
ZOLSJTI,X
ZOLSJIT,X
ZOJTILS,X
ZOJTISL,X
ZOJTLIS,X
ZOJTLSI,X
ZOJTSIL,X
ZOJTSLI,X
ZOJITLS,X
ZOJITSL,X
ZOJILTS,X
ZOJILST,X
ZOJISTL,X
ZOJISLT,X
ZOJLTIS,X
ZOJLTSI,X
ZOJLITS,X
ZOJLIST,X
ZOJLSTI,X
ZOJLSIT,X
ZOJSTIL,X
ZOJSTLI,X
ZOJSITL,X
ZOJSILT,X
ZOJSLTI,X
ZOJSLIT,X
ZOSTILJ,X
ZOSTIJL,X
ZOSTLIJ,X
ZOSTLJI,X
ZOSTJIL,X
ZOSTJLI,X
ZOSITLJ,X
ZOSITJL,X
ZOSILTJ,X
ZOSILJT,X
ZOSIJTL,X
ZOSIJLT,X
ZOSLTIJ,X
ZOSLTJI,X
ZOSLITJ,X
ZOSLIJT,X
ZOSLJTI,X
ZOSLJIT,X
ZOSJTIL,X
ZOSJTLI,X
ZOSJITL,X
ZOSJILT,X
ZOSJLTI,X
ZOSJLIT,X
OTILJSZ,O
OTILJZS,X
OTILSJZ,O
OTILSZJ,O
OTILZJS,X
OTILZSJ,X
OTIJLSZ,O
OTIJLZS,X
OTIJSLZ,O
OTIJSZL,O
OTIJZLS,X
OTIJZSL,X
OTISLJZ,O
OTISLZJ,O
OTISJLZ,O
OTISJZL,O
OTISZLJ,O
OTISZJL,O
OTIZLJS,X
OTIZLSJ,X
OTIZJLS,X
OTIZJSL,X
OTIZSLJ,X
OTIZSJL,X
OTLIJSZ,O
OTLIJZS,X
OTLISJZ,O
OTLISZJ,O
OTLIZJS,X
OTLIZSJ,X
OTLJISZ,O
OTLJIZS,X
OTLJSIZ,O
OTLJSZI,O
OTLJZIS,X
OTLJZSI,X
OTLSIJZ,O
OTLSIZJ,O
OTLSJIZ,O
OTLSJZI,O
OTLSZIJ,O
OTLSZJI,O
OTLZIJS,X
OTLZISJ,X
OTLZJIS,X
OTLZJSI,X
OTLZSIJ,X
OTLZSJI,X
OTJILSZ,O
OTJILZS,X
OTJISLZ,O
OTJISZL,O
OTJIZLS,X
OTJIZSL,X
OTJLISZ,O
OTJLIZS,X
OTJLSIZ,O
OTJLSZI,O
OTJLZIS,X
OTJLZSI,X
OTJSILZ,O
OTJSIZL,O
OTJSLIZ,O
OTJSLZI,O
OTJSZIL,O
OTJSZLI,O
OTJZILS,X
OTJZISL,X
OTJZLIS,X
OTJZLSI,X
OTJZSIL,X
OTJZSLI,X
OTSILJZ,O
OTSILZJ,O
OTSIJLZ,O
OTSIJZL,O
OTSIZLJ,O
OTSIZJL,O
OTSLIJZ,O
OTSLIZJ,O
OTSLJIZ,O
OTSLJZI,O
OTSLZIJ,O
OTSLZJI,O
OTSJILZ,O
OTSJIZL,O
OTSJLIZ,O
OTSJLZI,O
OTSJZIL,O
OTSJZLI,O
OTSZILJ,O
OTSZIJL,O
OTSZLIJ,O
OTSZLJI,O
OTSZJIL,O
OTSZJLI,O
OTZILJS,X
OTZILSJ,X
OTZIJLS,X
OTZIJSL,X
OTZISLJ,X
OTZISJL,X
OTZLIJS,X
OTZLISJ,X
OTZLJIS,X
OTZLJSI,X
OTZLSIJ,X
OTZLSJI,X
OTZJILS,X
OTZJISL,X
OTZJLIS,X
OTZJLSI,X
OTZJSIL,X
OTZJSLI,X
OTZSILJ,X
OTZSIJL,X
OTZSLIJ,X
OTZSLJI,X
OTZSJIL,X
OTZSJLI,X
OITLJSZ,O
OITLJZS,X
OITLSJZ,O
OITLSZJ,O
OITLZJS,X
OITLZSJ,X
OITJLSZ,O
OITJLZS,X
OITJSLZ,O
OITJSZL,O
OITJZLS,X
OITJZSL,X
OITSLJZ,O
OITSLZJ,O
OITSJLZ,O
OITSJZL,O
OITSZLJ,O
OITSZJL,O
OITZLJS,X
OITZLSJ,X
OITZJLS,X
OITZJSL,X
OITZSLJ,X
OITZSJL,X
OILTJSZ,O
OILTJZS,X
OILTSJZ,O
OILTSZJ,O
OILTZJS,X
OILTZSJ,X
OILJTSZ,O
OILJTZS,X
OILJSTZ,X
OILJSZT,O
OILJZTS,X
OILJZST,X
OILSTJZ,X
OILSTZJ,X
OILSJTZ,X
OILSJZT,O
OILSZTJ,X
OILSZJT,O
OILZTJS,X
OILZTSJ,X
OILZJTS,X
OILZJST,X
OILZSTJ,X
OILZSJT,X
OIJTLSZ,O
OIJTLZS,X
OIJTSLZ,O
OIJTSZL,O
OIJTZLS,X
OIJTZSL,X
OIJLTSZ,O
OIJLTZS,X
OIJLSTZ,X
OIJLSZT,O
OIJLZTS,X
OIJLZST,X
OIJSTLZ,X
OIJSTZL,X
OIJSLTZ,X
OIJSLZT,O
OIJSZTL,X
OIJSZLT,O
OIJZTLS,X
OIJZTSL,X
OIJZLTS,X
OIJZLST,X
OIJZSTL,X
OIJZSLT,X
OISTLJZ,X
OISTLZJ,X
OISTJLZ,X
OISTJZL,X
OISTZLJ,X
OISTZJL,X
OISLTJZ,X
OISLTZJ,X
OISLJTZ,X
OISLJZT,O
OISLZTJ,X
OISLZJT,O
OISJTLZ,X
OISJTZL,X
OISJLTZ,X
OISJLZT,O
OISJZTL,X
OISJZLT,O
OISZTLJ,X
OISZTJL,X
OISZLTJ,X
OISZLJT,O
OISZJTL,X
OISZJLT,O
OIZTLJS,X
OIZTLSJ,X
OIZTJLS,X
OIZTJSL,X
OIZTSLJ,X
OIZTSJL,X
OIZLTJS,X
OIZLTSJ,X
OIZLJTS,X
OIZLJST,X
OIZLSTJ,X
OIZLSJT,X
OIZJTLS,X
OIZJTSL,X
OIZJLTS,X
OIZJLST,X
OIZJSTL,X
OIZJSLT,X
OIZSTLJ,X
OIZSTJL,X
OIZSLTJ,X
OIZSLJT,X
OIZSJTL,X
OIZSJLT,X
OLTIJSZ,O
OLTIJZS,X
OLTISJZ,O
OLTISZJ,O
OLTIZJS,X
OLTIZSJ,X
OLTJISZ,O
OLTJIZS,X
OLTJSIZ,O
OLTJSZI,O
OLTJZIS,X
OLTJZSI,X
OLTSIJZ,O
OLTSIZJ,O
OLTSJIZ,O
OLTSJZI,O
OLTSZIJ,O
OLTSZJI,O
OLTZIJS,X
OLTZISJ,X
OLTZJIS,X
OLTZJSI,X
OLTZSIJ,X
OLTZSJI,X
OLITJSZ,O
OLITJZS,X
OLITSJZ,O
OLITSZJ,O
OLITZJS,X
OLITZSJ,X
OLIJTSZ,O
OLIJTZS,X
OLIJSTZ,X
OLIJSZT,O
OLIJZTS,X
OLIJZST,X
OLISTJZ,X
OLISTZJ,X
OLISJTZ,X
OLISJZT,O
OLISZTJ,X
OLISZJT,O
OLIZTJS,X
OLIZTSJ,X
OLIZJTS,X
OLIZJST,X
OLIZSTJ,X
OLIZSJT,X
OLJTISZ,O
OLJTIZS,X
OLJTSIZ,O
OLJTSZI,O
OLJTZIS,X
OLJTZSI,X
OLJITSZ,O
OLJITZS,X
OLJISTZ,X
OLJISZT,O
OLJIZTS,X
OLJIZST,X
OLJSTIZ,X
OLJSTZI,X
OLJSITZ,X
OLJSIZT,O
OLJSZTI,X
OLJSZIT,O
OLJZTIS,X
OLJZTSI,X
OLJZITS,X
OLJZIST,X
OLJZSTI,X
OLJZSIT,X
OLSTIJZ,X
OLSTIZJ,X
OLSTJIZ,X
OLSTJZI,X
OLSTZIJ,X
OLSTZJI,X
OLSITJZ,X
OLSITZJ,X
OLSIJTZ,X
OLSIJZT,O
OLSIZTJ,X
OLSIZJT,O
OLSJTIZ,X
OLSJTZI,X
OLSJITZ,X
OLSJIZT,O
OLSJZTI,X
OLSJZIT,O
OLSZTIJ,X
OLSZTJI,X
OLSZITJ,X
OLSZIJT,O
OLSZJTI,X
OLSZJIT,O
OLZTIJS,X
OLZTISJ,X
OLZTJIS,X
OLZTJSI,X
OLZTSIJ,X
OLZTSJI,X
OLZITJS,X
OLZITSJ,X
OLZIJTS,X
OLZIJST,X
OLZISTJ,X
OLZISJT,X
OLZJTIS,X
OLZJTSI,X
OLZJITS,X
OLZJIST,X
OLZJSTI,X
OLZJSIT,X
OLZSTIJ,X
OLZSTJI,X
OLZSITJ,X
OLZSIJT,X
OLZSJTI,X
OLZSJIT,X
OJTILSZ,O
OJTILZS,X
OJTISLZ,O
OJTISZL,O
OJTIZLS,X
OJTIZSL,X
OJTLISZ,O
OJTLIZS,X
OJTLSIZ,O
OJTLSZI,O
OJTLZIS,X
OJTLZSI,X
OJTSILZ,O
OJTSIZL,O
OJTSLIZ,O
OJTSLZI,O
OJTSZIL,O
OJTSZLI,O
OJTZILS,X
OJTZISL,X
OJTZLIS,X
OJTZLSI,X
OJTZSIL,X
OJTZSLI,X
OJITLSZ,O
OJITLZS,X
OJITSLZ,O
OJITSZL,O
OJITZLS,X
OJITZSL,X
OJILTSZ,O
OJILTZS,X
OJILSTZ,X
OJILSZT,O
OJILZTS,X
OJILZST,X
OJISTLZ,X
OJISTZL,X
OJISLTZ,X
OJISLZT,O
OJISZTL,X
OJISZLT,O
OJIZTLS,X
OJIZTSL,X
OJIZLTS,X
OJIZLST,X
OJIZSTL,X
OJIZSLT,X
OJLTISZ,O
OJLTIZS,X
OJLTSIZ,O
OJLTSZI,O
OJLTZIS,X
OJLTZSI,X
OJLITSZ,O
OJLITZS,X
OJLISTZ,X
OJLISZT,O
OJLIZTS,X
OJLIZST,X
OJLSTIZ,X
OJLSTZI,X
OJLSITZ,X
OJLSIZT,O
OJLSZTI,X
OJLSZIT,O
OJLZTIS,X
OJLZTSI,X
OJLZITS,X
OJLZIST,X
OJLZSTI,X
OJLZSIT,X
OJSTILZ,X
OJSTIZL,X
OJSTLIZ,X
OJSTLZI,X
OJSTZIL,X
OJSTZLI,X
OJSITLZ,X
OJSITZL,X
OJSILTZ,X
OJSILZT,O
OJSIZTL,X
OJSIZLT,O
OJSLTIZ,X
OJSLTZI,X
OJSLITZ,X
OJSLIZT,O
OJSLZTI,X
OJSLZIT,O
OJSZTIL,X
OJSZTLI,X
OJSZITL,X
OJSZILT,O
OJSZLTI,X
OJSZLIT,O
OJZTILS,X
OJZTISL,X
OJZTLIS,X
OJZTLSI,X
OJZTSIL,X
OJZTSLI,X
OJZITLS,X
OJZITSL,X
OJZILTS,X
OJZILST,X
OJZISTL,X
OJZISLT,X
OJZLTIS,X
OJZLTSI,X
OJZLITS,X
OJZLIST,X
OJZLSTI,X
OJZLSIT,X
OJZSTIL,X
OJZSTLI,X
OJZSITL,X
OJZSILT,X
OJZSLTI,X
OJZSLIT,X
OSTILJZ,X
OSTILZJ,X
OSTIJLZ,X
OSTIJZL,X
OSTIZLJ,X
OSTIZJL,X
OSTLIJZ,X
OSTLIZJ,X
OSTLJIZ,X
OSTLJZI,X
OSTLZIJ,X
OSTLZJI,X
OSTJILZ,X
OSTJIZL,X
OSTJLIZ,X
OSTJLZI,X
OSTJZIL,X
OSTJZLI,X
OSTZILJ,X
OSTZIJL,X
OSTZLIJ,X
OSTZLJI,X
OSTZJIL,X
OSTZJLI,X
OSITLJZ,X
OSITLZJ,X
OSITJLZ,X
OSITJZL,X
OSITZLJ,X
OSITZJL,X
OSILTJZ,X
OSILTZJ,X
OSILJTZ,X
OSILJZT,O
OSILZTJ,X
OSILZJT,O
OSIJTLZ,X
OSIJTZL,X
OSIJLTZ,X
OSIJLZT,O
OSIJZTL,X
OSIJZLT,O
OSIZTLJ,X
OSIZTJL,X
OSIZLTJ,X
OSIZLJT,O
OSIZJTL,X
OSIZJLT,O
OSLTIJZ,X
OSLTIZJ,X
OSLTJIZ,X
OSLTJZI,X
OSLTZIJ,X
OSLTZJI,X
OSLITJZ,X
OSLITZJ,X
OSLIJTZ,X
OSLIJZT,O
OSLIZTJ,X
OSLIZJT,O
OSLJTIZ,X
OSLJTZI,X
OSLJITZ,X
OSLJIZT,O
OSLJZTI,X
OSLJZIT,O
OSLZTIJ,X
OSLZTJI,X
OSLZITJ,X
OSLZIJT,O
OSLZJTI,X
OSLZJIT,O
OSJTILZ,X
OSJTIZL,X
OSJTLIZ,X
OSJTLZI,X
OSJTZIL,X
OSJTZLI,X
OSJITLZ,X
OSJITZL,X
OSJILTZ,X
OSJILZT,O
OSJIZTL,X
OSJIZLT,O
OSJLTIZ,X
OSJLTZI,X
OSJLITZ,X
OSJLIZT,O
OSJLZTI,X
OSJLZIT,O
OSJZTIL,X
OSJZTLI,X
OSJZITL,X
OSJZILT,O
OSJZLTI,X
OSJZLIT,O
OSZTILJ,X
OSZTIJL,X
OSZTLIJ,X
OSZTLJI,X
OSZTJIL,X
OSZTJLI,X
OSZITLJ,X
OSZITJL,X
OSZILTJ,X
OSZILJT,O
OSZIJTL,X
OSZIJLT,O
OSZLTIJ,X
OSZLTJI,X
OSZLITJ,X
OSZLIJT,O
OSZLJTI,X
OSZLJIT,O
OSZJTIL,X
OSZJTLI,X
OSZJITL,X
OSZJILT,O
OSZJLTI,X
OSZJLIT,O
OZTILJS,X
OZTILSJ,X
OZTIJLS,X
OZTIJSL,X
OZTISLJ,X
OZTISJL,X
OZTLIJS,X
OZTLISJ,X
OZTLJIS,X
OZTLJSI,X
OZTLSIJ,X
OZTLSJI,X
OZTJILS,X
OZTJISL,X
OZTJLIS,X
OZTJLSI,X
OZTJSIL,X
OZTJSLI,X
OZTSILJ,X
OZTSIJL,X
OZTSLIJ,X
OZTSLJI,X
OZTSJIL,X
OZTSJLI,X
OZITLJS,X
OZITLSJ,X
OZITJLS,X
OZITJSL,X
OZITSLJ,X
OZITSJL,X
OZILTJS,X
OZILTSJ,X
OZILJTS,X
OZILJST,X
OZILSTJ,X
OZILSJT,X
OZIJTLS,X
OZIJTSL,X
OZIJLTS,X
OZIJLST,X
OZIJSTL,X
OZIJSLT,X
OZISTLJ,X
OZISTJL,X
OZISLTJ,X
OZISLJT,X
OZISJTL,X
OZISJLT,X
OZLTIJS,X
OZLTISJ,X
OZLTJIS,X
OZLTJSI,X
OZLTSIJ,X
OZLTSJI,X
OZLITJS,X
OZLITSJ,X
OZLIJTS,X
OZLIJST,X
OZLISTJ,X
OZLISJT,X
OZLJTIS,X
OZLJTSI,X
OZLJITS,X
OZLJIST,X
OZLJSTI,X
OZLJSIT,X
OZLSTIJ,X
OZLSTJI,X
OZLSITJ,X
OZLSIJT,X
OZLSJTI,X
OZLSJIT,X
OZJTILS,X
OZJTISL,X
OZJTLIS,X
OZJTLSI,X
OZJTSIL,X
OZJTSLI,X
OZJITLS,X
OZJITSL,X
OZJILTS,X
OZJILST,X
OZJISTL,X
OZJISLT,X
OZJLTIS,X
OZJLTSI,X
OZJLITS,X
OZJLIST,X
OZJLSTI,X
OZJLSIT,X
OZJSTIL,X
OZJSTLI,X
OZJSITL,X
OZJSILT,X
OZJSLTI,X
OZJSLIT,X
OZSTILJ,X
OZSTIJL,X
OZSTLIJ,X
OZSTLJI,X
OZSTJIL,X
OZSTJLI,X
OZSITLJ,X
OZSITJL,X
OZSILTJ,X
OZSILJT,X
OZSIJTL,X
OZSIJLT,X
OZSLTIJ,X
OZSLTJI,X
OZSLITJ,X
OZSLIJT,X
OZSLJTI,X
OZSLJIT,X
OZSJTIL,X
OZSJTLI,X
OZSJITL,X
OZSJILT,X
OZSJLTI,X
OZSJLIT,X
