sequence,v115@/gB8GeB8HeB8GeC8BeB8AeA8KeOEJvhFXhB8mBaoB5?oB9sBzqB,v115@/gB8GeB8HeB8GeC8BeB8AeA8KeOEJvhFNmB3iB5oBq?qB8sBzrB
TILJSZO,X,X
TILJSOZ,X,X
TILJZSO,O,X
TILJZOS,X,X
TILJOSZ,X,X
TILJOZS,O,X
TILSJZO,X,X
TILSJOZ,X,X
TILSZJO,X,X
TILSZOJ,X,X
TILSOJZ,X,X
TILSOZJ,X,X
TILZJSO,O,X
TILZJOS,X,X
TILZSJO,O,X
TILZSOJ,X,X
TILZOJS,X,X
TILZOSJ,X,X
TILOJSZ,X,X
TILOJZS,O,X
TILOSJZ,X,X
TILOSZJ,X,X
TILOZJS,O,X
TILOZSJ,O,X
TIJLSZO,X,X
TIJLSOZ,X,X
TIJLZSO,O,X
TIJLZOS,X,X
TIJLOSZ,X,X
TIJLOZS,O,X
TIJSLZO,X,X
TIJSLOZ,X,X
TIJSZLO,X,X
TIJSZOL,X,X
TIJSOLZ,X,X
TIJSOZL,X,X
TIJZLSO,O,X
TIJZLOS,X,X
TIJZSLO,O,X
TIJZSOL,X,X
TIJZOLS,X,X
TIJZOSL,X,X
TIJOLSZ,X,X
TIJOLZS,O,X
TIJOSLZ,X,X
TIJOSZL,X,X
TIJOZLS,O,X
TIJOZSL,O,X
TISLJZO,X,X
TISLJOZ,X,X
TISLZJO,X,X
TISLZOJ,X,X
TISLOJZ,X,X
TISLOZJ,X,X
TISJLZO,X,X
TISJLOZ,X,X
TISJZLO,X,X
TISJZOL,X,X
TISJOLZ,X,X
TISJOZL,X,X
TISZLJO,X,X
TISZLOJ,X,X
TISZJLO,X,X
TISZJOL,X,X
TISZOLJ,X,X
TISZOJL,X,X
TISOLJZ,X,X
TISOLZJ,X,X
TISOJLZ,X,X
TISOJZL,X,X
TISOZLJ,X,X
TISOZJL,X,X
TIZLJSO,O,X
TIZLJOS,X,X
TIZLSJO,O,X
TIZLSOJ,X,X
TIZLOJS,X,X
TIZLOSJ,X,X
TIZJLSO,O,X
TIZJLOS,X,X
TIZJSLO,O,X
TIZJSOL,X,X
TIZJOLS,X,X
TIZJOSL,X,X
TIZSLJO,O,X
TIZSLOJ,X,X
TIZSJLO,O,X
TIZSJOL,X,X
TIZSOLJ,X,X
TIZSOJL,X,X
TIZOLJS,X,X
TIZOLSJ,X,X
TIZOJLS,X,X
TIZOJSL,X,X
TIZOSLJ,X,X
TIZOSJL,X,X
TIOLJSZ,X,X
TIOLJZS,O,X
TIOLSJZ,X,X
TIOLSZJ,X,X
TIOLZJS,O,X
TIOLZSJ,O,X
TIOJLSZ,X,X
TIOJLZS,O,X
TIOJSLZ,X,X
TIOJSZL,X,X
TIOJZLS,O,X
TIOJZSL,O,X
TIOSLJZ,X,X
TIOSLZJ,X,X
TIOSJLZ,X,X
TIOSJZL,X,X
TIOSZLJ,X,X
TIOSZJL,X,X
TIOZLJS,O,X
TIOZLSJ,O,X
TIOZJLS,O,X
TIOZJSL,O,X
TIOZSLJ,O,X
TIOZSJL,O,X
TLIJSZO,X,X
TLIJSOZ,X,X
TLIJZSO,O,X
TLIJZOS,X,X
TLIJOSZ,X,X
TLIJOZS,O,X
TLISJZO,X,X
TLISJOZ,X,X
TLISZJO,X,X
TLISZOJ,X,X
TLISOJZ,X,X
TLISOZJ,X,X
TLIZJSO,O,X
TLIZJOS,X,X
TLIZSJO,O,X
TLIZSOJ,X,X
TLIZOJS,X,X
TLIZOSJ,X,X
TLIOJSZ,X,X
TLIOJZS,O,X
TLIOSJZ,X,X
TLIOSZJ,X,X
TLIOZJS,O,X
TLIOZSJ,O,X
TLJISZO,X,X
TLJISOZ,X,X
TLJIZSO,O,X
TLJIZOS,X,X
TLJIOSZ,X,X
TLJIOZS,O,X
TLJSIZO,X,X
TLJSIOZ,X,X
TLJSZIO,X,X
TLJSZOI,X,X
TLJSOIZ,X,X
TLJSOZI,X,X
TLJZISO,O,X
TLJZIOS,X,X
TLJZSIO,O,X
TLJZSOI,X,X
TLJZOIS,X,X
TLJZOSI,X,X
TLJOISZ,X,X
TLJOIZS,O,X
TLJOSIZ,X,X
TLJOSZI,X,X
TLJOZIS,O,X
TLJOZSI,O,X
TLSIJZO,X,X
TLSIJOZ,X,X
TLSIZJO,X,X
TLSIZOJ,X,X
TLSIOJZ,X,X
TLSIOZJ,X,X
TLSJIZO,X,X
TLSJIOZ,X,X
TLSJZIO,X,X
TLSJZOI,X,X
TLSJOIZ,X,X
TLSJOZI,X,X
TLSZIJO,X,X
TLSZIOJ,X,X
TLSZJIO,X,X
TLSZJOI,X,X
TLSZOIJ,X,X
TLSZOJI,X,X
TLSOIJZ,X,X
TLSOIZJ,X,X
TLSOJIZ,X,X
TLSOJZI,X,X
TLSOZIJ,X,X
TLSOZJI,X,X
TLZIJSO,O,X
TLZIJOS,X,X
TLZISJO,O,X
TLZISOJ,X,X
TLZIOJS,X,X
TLZIOSJ,X,X
TLZJISO,O,X
TLZJIOS,X,X
TLZJSIO,O,X
TLZJSOI,X,X
TLZJOIS,X,X
TLZJOSI,X,X
TLZSIJO,O,X
TLZSIOJ,X,X
TLZSJIO,O,X
TLZSJOI,X,X
TLZSOIJ,X,X
TLZSOJI,X,X
TLZOIJS,X,X
TLZOISJ,X,X
TLZOJIS,X,X
TLZOJSI,X,X
TLZOSIJ,X,X
TLZOSJI,X,X
TLOIJSZ,X,X
TLOIJZS,O,X
TLOISJZ,X,X
TLOISZJ,X,X
TLOIZJS,O,X
TLOIZSJ,O,X
TLOJISZ,X,X
TLOJIZS,O,X
TLOJSIZ,X,X
TLOJSZI,X,X
TLOJZIS,O,X
TLOJZSI,O,X
TLOSIJZ,X,X
TLOSIZJ,X,X
TLOSJIZ,X,X
TLOSJZI,X,X
TLOSZIJ,X,X
TLOSZJI,X,X
TLOZIJS,O,X
TLOZISJ,O,X
TLOZJIS,O,X
TLOZJSI,O,X
TLOZSIJ,O,X
TLOZSJI,O,X
TJILSZO,X,X
TJILSOZ,X,X
TJILZSO,O,X
TJILZOS,X,X
TJILOSZ,X,X
TJILOZS,O,X
TJISLZO,X,X
TJISLOZ,X,X
TJISZLO,X,X
TJISZOL,X,X
TJISOLZ,X,X
TJISOZL,X,X
TJIZLSO,O,X
TJIZLOS,X,X
TJIZSLO,O,X
TJIZSOL,X,X
TJIZOLS,X,X
TJIZOSL,X,X
TJIOLSZ,X,X
TJIOLZS,O,X
TJIOSLZ,X,X
TJIOSZL,X,X
TJIOZLS,O,X
TJIOZSL,O,X
TJLISZO,X,X
TJLISOZ,X,X
TJLIZSO,O,X
TJLIZOS,X,X
TJLIOSZ,X,X
TJLIOZS,O,X
TJLSIZO,X,X
TJLSIOZ,X,X
TJLSZIO,X,X
TJLSZOI,X,X
TJLSOIZ,X,X
TJLSOZI,X,X
TJLZISO,O,X
TJLZIOS,X,X
TJLZSIO,O,X
TJLZSOI,X,X
TJLZOIS,X,X
TJLZOSI,X,X
TJLOISZ,X,X
TJLOIZS,O,X
TJLOSIZ,X,X
TJLOSZI,X,X
TJLOZIS,O,X
TJLOZSI,O,X
TJSILZO,X,X
TJSILOZ,X,X
TJSIZLO,X,X
TJSIZOL,X,X
TJSIOLZ,X,X
TJSIOZL,X,X
TJSLIZO,X,X
TJSLIOZ,X,X
TJSLZIO,X,X
TJSLZOI,X,X
TJSLOIZ,X,X
TJSLOZI,X,X
TJSZILO,X,X
TJSZIOL,X,X
TJSZLIO,X,X
TJSZLOI,X,X
TJSZOIL,X,X
TJSZOLI,X,X
TJSOILZ,X,X
TJSOIZL,X,X
TJSOLIZ,X,X
TJSOLZI,X,X
TJSOZIL,X,X
TJSOZLI,X,X
TJZILSO,O,X
TJZILOS,X,X
TJZISLO,O,X
TJZISOL,X,X
TJZIOLS,X,X
TJZIOSL,X,X
TJZLISO,O,X
TJZLIOS,X,X
TJZLSIO,O,X
TJZLSOI,X,X
TJZLOIS,X,X
TJZLOSI,X,X
TJZSILO,O,X
TJZSIOL,X,X
TJZSLIO,O,X
TJZSLOI,X,X
TJZSOIL,X,X
TJZSOLI,X,X
TJZOILS,X,X
TJZOISL,X,X
TJZOLIS,X,X
TJZOLSI,X,X
TJZOSIL,X,X
TJZOSLI,X,X
TJOILSZ,X,X
TJOILZS,O,X
TJOISLZ,X,X
TJOISZL,X,X
TJOIZLS,O,X
TJOIZSL,O,X
TJOLISZ,X,X
TJOLIZS,O,X
TJOLSIZ,X,X
TJOLSZI,X,X
TJOLZIS,O,X
TJOLZSI,O,X
TJOSILZ,X,X
TJOSIZL,X,X
TJOSLIZ,X,X
TJOSLZI,X,X
TJOSZIL,X,X
TJOSZLI,X,X
TJOZILS,O,X
TJOZISL,O,X
TJOZLIS,O,X
TJOZLSI,O,X
TJOZSIL,O,X
TJOZSLI,O,X
TSILJZO,X,X
TSILJOZ,X,X
TSILZJO,X,X
TSILZOJ,X,X
TSILOJZ,X,X
TSILOZJ,X,X
TSIJLZO,X,X
TSIJLOZ,X,X
TSIJZLO,X,X
TSIJZOL,X,X
TSIJOLZ,X,X
TSIJOZL,X,X
TSIZLJO,X,X
TSIZLOJ,X,X
TSIZJLO,X,X
TSIZJOL,X,X
TSIZOLJ,X,X
TSIZOJL,X,X
TSIOLJZ,X,X
TSIOLZJ,X,X
TSIOJLZ,X,X
TSIOJZL,X,X
TSIOZLJ,X,X
TSIOZJL,X,X
TSLIJZO,X,X
TSLIJOZ,X,X
TSLIZJO,X,X
TSLIZOJ,X,X
TSLIOJZ,X,X
TSLIOZJ,X,X
TSLJIZO,X,X
TSLJIOZ,X,X
TSLJZIO,X,X
TSLJZOI,X,X
TSLJOIZ,X,X
TSLJOZI,X,X
TSLZIJO,X,X
TSLZIOJ,X,X
TSLZJIO,X,X
TSLZJOI,X,X
TSLZOIJ,X,X
TSLZOJI,X,X
TSLOIJZ,X,X
TSLOIZJ,X,X
TSLOJIZ,X,X
TSLOJZI,X,X
TSLOZIJ,X,X
TSLOZJI,X,X
TSJILZO,X,X
TSJILOZ,X,X
TSJIZLO,X,X
TSJIZOL,X,X
TSJIOLZ,X,X
TSJIOZL,X,X
TSJLIZO,X,X
TSJLIOZ,X,X
TSJLZIO,X,X
TSJLZOI,X,X
TSJLOIZ,X,X
TSJLOZI,X,X
TSJZILO,X,X
TSJZIOL,X,X
TSJZLIO,X,X
TSJZLOI,X,X
TSJZOIL,X,X
TSJZOLI,X,X
TSJOILZ,X,X
TSJOIZL,X,X
TSJOLIZ,X,X
TSJOLZI,X,X
TSJOZIL,X,X
TSJOZLI,X,X
TSZILJO,X,X
TSZILOJ,X,X
TSZIJLO,X,X
TSZIJOL,X,X
TSZIOLJ,X,X
TSZIOJL,X,X
TSZLIJO,X,X
TSZLIOJ,X,X
TSZLJIO,X,X
TSZLJOI,X,X
TSZLOIJ,X,X
TSZLOJI,X,X
TSZJILO,X,X
TSZJIOL,X,X
TSZJLIO,X,X
TSZJLOI,X,X
TSZJOIL,X,X
TSZJOLI,X,X
TSZOILJ,X,X
TSZOIJL,X,X
TSZOLIJ,X,X
TSZOLJI,X,X
TSZOJIL,X,X
TSZOJLI,X,X
TSOILJZ,X,X
TSOILZJ,X,X
TSOIJLZ,X,X
TSOIJZL,X,X
TSOIZLJ,X,X
TSOIZJL,X,X
TSOLIJZ,X,X
TSOLIZJ,X,X
TSOLJIZ,X,X
TSOLJZI,X,X
TSOLZIJ,X,X
TSOLZJI,X,X
TSOJILZ,X,X
TSOJIZL,X,X
TSOJLIZ,X,X
TSOJLZI,X,X
TSOJZIL,X,X
TSOJZLI,X,X
TSOZILJ,X,X
TSOZIJL,X,X
TSOZLIJ,X,X
TSOZLJI,X,X
TSOZJIL,X,X
TSOZJLI,X,X
TZILJSO,O,X
TZILJOS,X,X
TZILSJO,O,X
TZILSOJ,X,X
TZILOJS,X,X
TZILOSJ,X,X
TZIJLSO,O,X
TZIJLOS,X,X
TZIJSLO,O,X
TZIJSOL,X,X
TZIJOLS,X,X
TZIJOSL,X,X
TZISLJO,O,X
TZISLOJ,X,X
TZISJLO,O,X
TZISJOL,X,X
TZISOLJ,X,X
TZISOJL,X,X
TZIOLJS,X,X
TZIOLSJ,X,X
TZIOJLS,X,X
TZIOJSL,X,X
TZIOSLJ,X,X
TZIOSJL,X,X
TZLIJSO,O,X
TZLIJOS,X,X
TZLISJO,O,X
TZLISOJ,X,X
TZLIOJS,X,X
TZLIOSJ,X,X
TZLJISO,O,X
TZLJIOS,X,X
TZLJSIO,O,X
TZLJSOI,X,X
TZLJOIS,X,X
TZLJOSI,X,X
TZLSIJO,O,X
TZLSIOJ,X,X
TZLSJIO,O,X
TZLSJOI,X,X
TZLSOIJ,X,X
TZLSOJI,X,X
TZLOIJS,X,X
TZLOISJ,X,X
TZLOJIS,X,X
TZLOJSI,X,X
TZLOSIJ,X,X
TZLOSJI,X,X
TZJILSO,O,X
TZJILOS,X,X
TZJISLO,O,X
TZJISOL,X,X
TZJIOLS,X,X
TZJIOSL,X,X
TZJLISO,O,X
TZJLIOS,X,X
TZJLSIO,O,X
TZJLSOI,X,X
TZJLOIS,X,X
TZJLOSI,X,X
TZJSILO,O,X
TZJSIOL,X,X
TZJSLIO,O,X
TZJSLOI,X,X
TZJSOIL,X,X
TZJSOLI,X,X
TZJOILS,X,X
TZJOISL,X,X
TZJOLIS,X,X
TZJOLSI,X,X
TZJOSIL,X,X
TZJOSLI,X,X
TZSILJO,O,X
TZSILOJ,X,X
TZSIJLO,O,X
TZSIJOL,X,X
TZSIOLJ,X,X
TZSIOJL,X,X
TZSLIJO,O,X
TZSLIOJ,X,X
TZSLJIO,O,X
TZSLJOI,X,X
TZSLOIJ,X,X
TZSLOJI,X,X
TZSJILO,O,X
TZSJIOL,X,X
TZSJLIO,O,X
TZSJLOI,X,X
TZSJOIL,X,X
TZSJOLI,X,X
TZSOILJ,X,X
TZSOIJL,X,X
TZSOLIJ,X,X
TZSOLJI,X,X
TZSOJIL,X,X
TZSOJLI,X,X
TZOILJS,X,X
TZOILSJ,X,X
TZOIJLS,X,X
TZOIJSL,X,X
TZOISLJ,X,X
TZOISJL,X,X
TZOLIJS,X,X
TZOLISJ,X,X
TZOLJIS,X,X
TZOLJSI,X,X
TZOLSIJ,X,X
TZOLSJI,X,X
TZOJILS,X,X
TZOJISL,X,X
TZOJLIS,X,X
TZOJLSI,X,X
TZOJSIL,X,X
TZOJSLI,X,X
TZOSILJ,X,X
TZOSIJL,X,X
TZOSLIJ,X,X
TZOSLJI,X,X
TZOSJIL,X,X
TZOSJLI,X,X
TOILJSZ,X,X
TOILJZS,O,X
TOILSJZ,X,X
TOILSZJ,X,X
TOILZJS,O,X
TOILZSJ,O,X
TOIJLSZ,X,X
TOIJLZS,O,X
TOIJSLZ,X,X
TOIJSZL,X,X
TOIJZLS,O,X
TOIJZSL,O,X
TOISLJZ,X,X
TOISLZJ,X,X
TOISJLZ,X,X
TOISJZL,X,X
TOISZLJ,X,X
TOISZJL,X,X
TOIZLJS,O,X
TOIZLSJ,O,X
TOIZJLS,O,X
TOIZJSL,O,X
TOIZSLJ,O,X
TOIZSJL,O,X
TOLIJSZ,X,X
TOLIJZS,O,X
TOLISJZ,X,X
TOLISZJ,X,X
TOLIZJS,O,X
TOLIZSJ,O,X
TOLJISZ,X,X
TOLJIZS,O,X
TOLJSIZ,X,X
TOLJSZI,X,X
TOLJZIS,O,X
TOLJZSI,O,X
TOLSIJZ,X,X
TOLSIZJ,X,X
TOLSJIZ,X,X
TOLSJZI,X,X
TOLSZIJ,X,X
TOLSZJI,X,X
TOLZIJS,O,X
TOLZISJ,O,X
TOLZJIS,O,X
TOLZJSI,O,X
TOLZSIJ,O,X
TOLZSJI,O,X
TOJILSZ,X,X
TOJILZS,O,X
TOJISLZ,X,X
TOJISZL,X,X
TOJIZLS,O,X
TOJIZSL,O,X
TOJLISZ,X,X
TOJLIZS,O,X
TOJLSIZ,X,X
TOJLSZI,X,X
TOJLZIS,O,X
TOJLZSI,O,X
TOJSILZ,X,X
TOJSIZL,X,X
TOJSLIZ,X,X
TOJSLZI,X,X
TOJSZIL,X,X
TOJSZLI,X,X
TOJZILS,O,X
TOJZISL,O,X
TOJZLIS,O,X
TOJZLSI,O,X
TOJZSIL,O,X
TOJZSLI,O,X
TOSILJZ,X,X
TOSILZJ,X,X
TOSIJLZ,X,X
TOSIJZL,X,X
TOSIZLJ,X,X
TOSIZJL,X,X
TOSLIJZ,X,X
TOSLIZJ,X,X
TOSLJIZ,X,X
TOSLJZI,X,X
TOSLZIJ,X,X
TOSLZJI,X,X
TOSJILZ,X,X
TOSJIZL,X,X
TOSJLIZ,X,X
TOSJLZI,X,X
TOSJZIL,X,X
TOSJZLI,X,X
TOSZILJ,X,X
TOSZIJL,X,X
TOSZLIJ,X,X
TOSZLJI,X,X
TOSZJIL,X,X
TOSZJLI,X,X
TOZILJS,O,X
TOZILSJ,O,X
TOZIJLS,O,X
TOZIJSL,O,X
TOZISLJ,O,X
TOZISJL,O,X
TOZLIJS,O,X
TOZLISJ,O,X
TOZLJIS,O,X
TOZLJSI,O,X
TOZLSIJ,O,X
TOZLSJI,O,X
TOZJILS,O,X
TOZJISL,O,X
TOZJLIS,O,X
TOZJLSI,O,X
TOZJSIL,O,X
TOZJSLI,O,X
TOZSILJ,O,X
TOZSIJL,O,X
TOZSLIJ,O,X
TOZSLJI,O,X
TOZSJIL,O,X
TOZSJLI,O,X
ITLJSZO,X,X
ITLJSOZ,X,X
ITLJZSO,O,X
ITLJZOS,X,X
ITLJOSZ,X,X
ITLJOZS,O,X
ITLSJZO,X,X
ITLSJOZ,X,X
ITLSZJO,X,X
ITLSZOJ,X,X
ITLSOJZ,X,X
ITLSOZJ,X,X
ITLZJSO,O,X
ITLZJOS,X,X
ITLZSJO,O,X
ITLZSOJ,X,X
ITLZOJS,X,X
ITLZOSJ,X,X
ITLOJSZ,X,X
ITLOJZS,O,X
ITLOSJZ,X,X
ITLOSZJ,X,X
ITLOZJS,O,X
ITLOZSJ,O,X
ITJLSZO,X,X
ITJLSOZ,X,X
ITJLZSO,O,X
ITJLZOS,X,X
ITJLOSZ,X,X
ITJLOZS,O,X
ITJSLZO,X,X
ITJSLOZ,X,X
ITJSZLO,X,X
ITJSZOL,X,X
ITJSOLZ,X,X
ITJSOZL,X,X
ITJZLSO,O,X
ITJZLOS,X,X
ITJZSLO,O,X
ITJZSOL,X,X
ITJZOLS,X,X
ITJZOSL,X,X
ITJOLSZ,X,X
ITJOLZS,O,X
ITJOSLZ,X,X
ITJOSZL,X,X
ITJOZLS,O,X
ITJOZSL,O,X
ITSLJZO,X,X
ITSLJOZ,X,X
ITSLZJO,X,X
ITSLZOJ,X,X
ITSLOJZ,X,X
ITSLOZJ,X,X
ITSJLZO,X,X
ITSJLOZ,X,X
ITSJZLO,X,X
ITSJZOL,X,X
ITSJOLZ,X,X
ITSJOZL,X,X
ITSZLJO,X,X
ITSZLOJ,X,X
ITSZJLO,X,X
ITSZJOL,X,X
ITSZOLJ,X,X
ITSZOJL,X,X
ITSOLJZ,X,X
ITSOLZJ,X,X
ITSOJLZ,X,X
ITSOJZL,X,X
ITSOZLJ,X,X
ITSOZJL,X,X
ITZLJSO,O,X
ITZLJOS,X,X
ITZLSJO,O,X
ITZLSOJ,X,X
ITZLOJS,X,X
ITZLOSJ,X,X
ITZJLSO,O,X
ITZJLOS,X,X
ITZJSLO,O,X
ITZJSOL,X,X
ITZJOLS,X,X
ITZJOSL,X,X
ITZSLJO,O,X
ITZSLOJ,X,X
ITZSJLO,O,X
ITZSJOL,X,X
ITZSOLJ,X,X
ITZSOJL,X,X
ITZOLJS,X,X
ITZOLSJ,X,X
ITZOJLS,X,X
ITZOJSL,X,X
ITZOSLJ,X,X
ITZOSJL,X,X
ITOLJSZ,X,X
ITOLJZS,O,X
ITOLSJZ,X,X
ITOLSZJ,X,X
ITOLZJS,O,X
ITOLZSJ,O,X
ITOJLSZ,X,X
ITOJLZS,O,X
ITOJSLZ,X,X
ITOJSZL,X,X
ITOJZLS,O,X
ITOJZSL,O,X
ITOSLJZ,X,X
ITOSLZJ,X,X
ITOSJLZ,X,X
ITOSJZL,X,X
ITOSZLJ,X,X
ITOSZJL,X,X
ITOZLJS,O,X
ITOZLSJ,O,X
ITOZJLS,O,X
ITOZJSL,O,X
ITOZSLJ,O,X
ITOZSJL,O,X
ILTJSZO,X,X
ILTJSOZ,X,X
ILTJZSO,O,O
ILTJZOS,X,X
ILTJOSZ,X,X
ILTJOZS,O,X
ILTSJZO,X,X
ILTSJOZ,X,X
ILTSZJO,X,X
ILTSZOJ,X,X
ILTSOJZ,X,X
ILTSOZJ,X,X
ILTZJSO,O,O
ILTZJOS,X,X
ILTZSJO,O,O
ILTZSOJ,X,X
ILTZOJS,X,X
ILTZOSJ,X,X
ILTOJSZ,X,X
ILTOJZS,O,X
ILTOSJZ,X,X
ILTOSZJ,X,X
ILTOZJS,O,X
ILTOZSJ,O,X
ILJTSZO,X,X
ILJTSOZ,X,X
ILJTZSO,O,O
ILJTZOS,X,X
ILJTOSZ,X,X
ILJTOZS,O,X
ILJSTZO,X,X
ILJSTOZ,X,X
ILJSZTO,X,X
ILJSZOT,X,X
ILJSOTZ,X,X
ILJSOZT,X,X
ILJZTSO,X,O
ILJZTOS,X,X
ILJZSTO,X,O
ILJZSOT,X,X
ILJZOTS,X,X
ILJZOST,X,X
ILJOTSZ,X,X
ILJOTZS,O,X
ILJOSTZ,X,X
ILJOSZT,X,X
ILJOZTS,X,X
ILJOZST,X,X
ILSTJZO,X,X
ILSTJOZ,X,X
ILSTZJO,X,X
ILSTZOJ,X,X
ILSTOJZ,X,X
ILSTOZJ,X,X
ILSJTZO,X,X
ILSJTOZ,X,X
ILSJZTO,X,X
ILSJZOT,X,X
ILSJOTZ,X,X
ILSJOZT,X,X
ILSZTJO,X,X
ILSZTOJ,X,X
ILSZJTO,X,X
ILSZJOT,X,X
ILSZOTJ,X,X
ILSZOJT,X,X
ILSOTJZ,X,X
ILSOTZJ,X,X
ILSOJTZ,X,X
ILSOJZT,X,X
ILSOZTJ,X,X
ILSOZJT,X,X
ILZTJSO,X,O
ILZTJOS,X,X
ILZTSJO,X,O
ILZTSOJ,X,X
ILZTOJS,X,X
ILZTOSJ,X,X
ILZJTSO,X,O
ILZJTOS,X,X
ILZJSTO,X,O
ILZJSOT,X,X
ILZJOTS,X,X
ILZJOST,X,X
ILZSTJO,X,O
ILZSTOJ,X,X
ILZSJTO,X,O
ILZSJOT,X,X
ILZSOTJ,X,X
ILZSOJT,X,X
ILZOTJS,X,X
ILZOTSJ,X,X
ILZOJTS,X,X
ILZOJST,X,X
ILZOSTJ,X,X
ILZOSJT,X,X
ILOTJSZ,X,X
ILOTJZS,O,X
ILOTSJZ,X,X
ILOTSZJ,X,X
ILOTZJS,O,X
ILOTZSJ,O,X
ILOJTSZ,X,X
ILOJTZS,O,X
ILOJSTZ,X,X
ILOJSZT,X,X
ILOJZTS,X,X
ILOJZST,X,X
ILOSTJZ,X,X
ILOSTZJ,X,X
ILOSJTZ,X,X
ILOSJZT,X,X
ILOSZTJ,X,X
ILOSZJT,X,X
ILOZTJS,X,X
ILOZTSJ,X,X
ILOZJTS,X,X
ILOZJST,X,X
ILOZSTJ,X,X
ILOZSJT,X,X
IJTLSZO,X,X
IJTLSOZ,X,X
IJTLZSO,O,X
IJTLZOS,X,X
IJTLOSZ,X,X
IJTLOZS,O,X
IJTSLZO,X,X
IJTSLOZ,X,X
IJTSZLO,X,X
IJTSZOL,X,X
IJTSOLZ,X,X
IJTSOZL,X,X
IJTZLSO,O,X
IJTZLOS,X,X
IJTZSLO,O,X
IJTZSOL,X,X
IJTZOLS,X,X
IJTZOSL,X,X
IJTOLSZ,X,X
IJTOLZS,O,X
IJTOSLZ,X,X
IJTOSZL,X,X
IJTOZLS,O,X
IJTOZSL,O,X
IJLTSZO,X,X
IJLTSOZ,X,X
IJLTZSO,O,O
IJLTZOS,X,X
IJLTOSZ,X,X
IJLTOZS,O,X
IJLSTZO,X,X
IJLSTOZ,X,X
IJLSZTO,X,X
IJLSZOT,X,X
IJLSOTZ,X,X
IJLSOZT,X,X
IJLZTSO,X,O
IJLZTOS,X,X
IJLZSTO,X,O
IJLZSOT,X,X
IJLZOTS,X,X
IJLZOST,X,X
IJLOTSZ,X,X
IJLOTZS,O,X
IJLOSTZ,X,X
IJLOSZT,X,X
IJLOZTS,X,X
IJLOZST,X,X
IJSTLZO,X,X
IJSTLOZ,X,X
IJSTZLO,X,X
IJSTZOL,X,X
IJSTOLZ,X,X
IJSTOZL,X,X
IJSLTZO,X,X
IJSLTOZ,X,X
IJSLZTO,X,X
IJSLZOT,X,X
IJSLOTZ,X,X
IJSLOZT,X,X
IJSZTLO,X,X
IJSZTOL,X,X
IJSZLTO,X,X
IJSZLOT,X,X
IJSZOTL,X,X
IJSZOLT,X,X
IJSOTLZ,X,X
IJSOTZL,X,X
IJSOLTZ,X,X
IJSOLZT,X,X
IJSOZTL,X,X
IJSOZLT,X,X
IJZTLSO,O,X
IJZTLOS,X,X
IJZTSLO,O,X
IJZTSOL,X,X
IJZTOLS,X,X
IJZTOSL,X,X
IJZLTSO,X,O
IJZLTOS,X,X
IJZLSTO,X,O
IJZLSOT,X,X
IJZLOTS,X,X
IJZLOST,X,X
IJZSTLO,O,X
IJZSTOL,X,X
IJZSLTO,X,O
IJZSLOT,X,X
IJZSOTL,X,X
IJZSOLT,X,X
IJZOTLS,X,X
IJZOTSL,X,X
IJZOLTS,X,X
IJZOLST,X,X
IJZOSTL,X,X
IJZOSLT,X,X
IJOTLSZ,X,X
IJOTLZS,O,X
IJOTSLZ,X,X
IJOTSZL,X,X
IJOTZLS,O,X
IJOTZSL,O,X
IJOLTSZ,X,X
IJOLTZS,O,X
IJOLSTZ,X,X
IJOLSZT,X,X
IJOLZTS,X,X
IJOLZST,X,X
IJOSTLZ,X,X
IJOSTZL,X,X
IJOSLTZ,X,X
IJOSLZT,X,X
IJOSZTL,O,X
IJOSZLT,X,X
IJOZTLS,O,X
IJOZTSL,O,X
IJOZLTS,X,X
IJOZLST,X,X
IJOZSTL,O,X
IJOZSLT,X,X
ISTLJZO,X,X
ISTLJOZ,X,X
ISTLZJO,X,X
ISTLZOJ,X,X
ISTLOJZ,X,X
ISTLOZJ,X,X
ISTJLZO,X,X
ISTJLOZ,X,X
ISTJZLO,X,X
ISTJZOL,X,X
ISTJOLZ,X,X
ISTJOZL,X,X
ISTZLJO,X,X
ISTZLOJ,X,X
ISTZJLO,X,X
ISTZJOL,X,X
ISTZOLJ,X,X
ISTZOJL,X,X
ISTOLJZ,X,X
ISTOLZJ,X,X
ISTOJLZ,X,X
ISTOJZL,X,X
ISTOZLJ,X,X
ISTOZJL,X,X
ISLTJZO,X,X
ISLTJOZ,X,X
ISLTZJO,X,X
ISLTZOJ,X,X
ISLTOJZ,X,X
ISLTOZJ,X,X
ISLJTZO,X,X
ISLJTOZ,X,X
ISLJZTO,X,X
ISLJZOT,X,X
ISLJOTZ,X,X
ISLJOZT,X,X
ISLZTJO,X,X
ISLZTOJ,X,X
ISLZJTO,X,X
ISLZJOT,X,X
ISLZOTJ,X,X
ISLZOJT,X,X
ISLOTJZ,X,X
ISLOTZJ,X,X
ISLOJTZ,X,X
ISLOJZT,X,X
ISLOZTJ,X,X
ISLOZJT,X,X
ISJTLZO,X,X
ISJTLOZ,X,X
ISJTZLO,X,X
ISJTZOL,X,X
ISJTOLZ,X,X
ISJTOZL,X,X
ISJLTZO,X,X
ISJLTOZ,X,X
ISJLZTO,X,X
ISJLZOT,X,X
ISJLOTZ,X,X
ISJLOZT,X,X
ISJZTLO,X,X
ISJZTOL,X,X
ISJZLTO,X,X
ISJZLOT,X,X
ISJZOTL,X,X
ISJZOLT,X,X
ISJOTLZ,X,X
ISJOTZL,X,X
ISJOLTZ,X,X
ISJOLZT,X,X
ISJOZTL,X,X
ISJOZLT,X,X
ISZTLJO,X,X
ISZTLOJ,X,X
ISZTJLO,X,X
ISZTJOL,X,X
ISZTOLJ,X,X
ISZTOJL,X,X
ISZLTJO,X,X
ISZLTOJ,X,X
ISZLJTO,X,X
ISZLJOT,X,X
ISZLOTJ,X,X
ISZLOJT,X,X
ISZJTLO,X,X
ISZJTOL,X,X
ISZJLTO,X,X
ISZJLOT,X,X
ISZJOTL,X,X
ISZJOLT,X,X
ISZOTLJ,X,X
ISZOTJL,X,X
ISZOLTJ,X,X
ISZOLJT,X,X
ISZOJTL,X,X
ISZOJLT,X,X
ISOTLJZ,X,X
ISOTLZJ,X,X
ISOTJLZ,X,X
ISOTJZL,X,X
ISOTZLJ,X,X
ISOTZJL,X,X
ISOLTJZ,X,X
ISOLTZJ,X,X
ISOLJTZ,X,X
ISOLJZT,X,X
ISOLZTJ,X,X
ISOLZJT,X,X
ISOJTLZ,X,X
ISOJTZL,X,X
ISOJLTZ,X,X
ISOJLZT,X,X
ISOJZTL,X,X
ISOJZLT,X,X
ISOZTLJ,X,X
ISOZTJL,X,X
ISOZLTJ,X,X
ISOZLJT,X,X
ISOZJTL,X,X
ISOZJLT,X,X
IZTLJSO,O,X
IZTLJOS,X,X
IZTLSJO,O,X
IZTLSOJ,X,X
IZTLOJS,X,X
IZTLOSJ,X,X
IZTJLSO,O,X
IZTJLOS,X,X
IZTJSLO,O,X
IZTJSOL,X,X
IZTJOLS,X,X
IZTJOSL,X,X
IZTSLJO,O,X
IZTSLOJ,X,X
IZTSJLO,O,X
IZTSJOL,X,X
IZTSOLJ,X,X
IZTSOJL,X,X
IZTOLJS,X,X
IZTOLSJ,X,X
IZTOJLS,X,X
IZTOJSL,X,X
IZTOSLJ,X,X
IZTOSJL,X,X
IZLTJSO,X,O
IZLTJOS,X,X
IZLTSJO,X,O
IZLTSOJ,X,X
IZLTOJS,X,X
IZLTOSJ,X,X
IZLJTSO,X,O
IZLJTOS,X,X
IZLJSTO,X,O
IZLJSOT,X,X
IZLJOTS,X,X
IZLJOST,X,X
IZLSTJO,X,O
IZLSTOJ,X,X
IZLSJTO,X,O
IZLSJOT,X,X
IZLSOTJ,X,X
IZLSOJT,X,X
IZLOTJS,X,X
IZLOTSJ,X,X
IZLOJTS,X,X
IZLOJST,X,X
IZLOSTJ,X,X
IZLOSJT,X,X
IZJTLSO,O,X
IZJTLOS,X,X
IZJTSLO,O,X
IZJTSOL,X,X
IZJTOLS,X,X
IZJTOSL,X,X
IZJLTSO,X,O
IZJLTOS,X,X
IZJLSTO,X,O
IZJLSOT,X,X
IZJLOTS,X,X
IZJLOST,X,X
IZJSTLO,O,X
IZJSTOL,X,X
IZJSLTO,X,O
IZJSLOT,X,X
IZJSOTL,X,X
IZJSOLT,X,X
IZJOTLS,X,X
IZJOTSL,X,X
IZJOLTS,X,X
IZJOLST,X,X
IZJOSTL,X,X
IZJOSLT,X,X
IZSTLJO,O,X
IZSTLOJ,X,X
IZSTJLO,O,X
IZSTJOL,X,X
IZSTOLJ,X,X
IZSTOJL,X,X
IZSLTJO,X,O
IZSLTOJ,X,X
IZSLJTO,X,O
IZSLJOT,X,X
IZSLOTJ,X,X
IZSLOJT,X,X
IZSJTLO,O,X
IZSJTOL,X,X
IZSJLTO,X,O
IZSJLOT,X,X
IZSJOTL,X,X
IZSJOLT,X,X
IZSOTLJ,X,X
IZSOTJL,X,X
IZSOLTJ,X,X
IZSOLJT,X,X
IZSOJTL,X,X
IZSOJLT,X,X
IZOTLJS,X,X
IZOTLSJ,X,X
IZOTJLS,X,X
IZOTJSL,X,X
IZOTSLJ,X,X
IZOTSJL,X,X
IZOLTJS,X,X
IZOLTSJ,X,X
IZOLJTS,X,X
IZOLJST,X,X
IZOLSTJ,X,X
IZOLSJT,X,X
IZOJTLS,X,X
IZOJTSL,X,X
IZOJLTS,X,X
IZOJLST,X,X
IZOJSTL,X,X
IZOJSLT,X,X
IZOSTLJ,X,X
IZOSTJL,X,X
IZOSLTJ,X,X
IZOSLJT,X,X
IZOSJTL,X,X
IZOSJLT,X,X
IOTLJSZ,X,X
IOTLJZS,O,X
IOTLSJZ,X,X
IOTLSZJ,X,X
IOTLZJS,O,X
IOTLZSJ,O,X
IOTJLSZ,X,X
IOTJLZS,O,X
IOTJSLZ,X,X
IOTJSZL,X,X
IOTJZLS,O,X
IOTJZSL,O,X
IOTSLJZ,X,X
IOTSLZJ,X,X
IOTSJLZ,X,X
IOTSJZL,X,X
IOTSZLJ,X,X
IOTSZJL,X,X
IOTZLJS,O,X
IOTZLSJ,O,X
IOTZJLS,O,X
IOTZJSL,O,X
IOTZSLJ,O,X
IOTZSJL,O,X
IOLTJSZ,X,X
IOLTJZS,O,X
IOLTSJZ,X,X
IOLTSZJ,X,X
IOLTZJS,O,X
IOLTZSJ,O,X
IOLJTSZ,X,X
IOLJTZS,O,X
IOLJSTZ,X,X
IOLJSZT,X,X
IOLJZTS,X,X
IOLJZST,X,X
IOLSTJZ,X,X
IOLSTZJ,X,X
IOLSJTZ,X,X
IOLSJZT,X,X
IOLSZTJ,X,X
IOLSZJT,X,X
IOLZTJS,X,X
IOLZTSJ,X,X
IOLZJTS,X,X
IOLZJST,X,X
IOLZSTJ,X,X
IOLZSJT,X,X
IOJTLSZ,X,X
IOJTLZS,O,X
IOJTSLZ,X,X
IOJTSZL,X,X
IOJTZLS,O,X
IOJTZSL,O,X
IOJLTSZ,X,X
IOJLTZS,O,X
IOJLSTZ,X,X
IOJLSZT,X,X
IOJLZTS,X,X
IOJLZST,X,X
IOJSTLZ,X,X
IOJSTZL,X,X
IOJSLTZ,X,X
IOJSLZT,X,X
IOJSZTL,O,X
IOJSZLT,X,X
IOJZTLS,O,X
IOJZTSL,O,X
IOJZLTS,X,X
IOJZLST,X,X
IOJZSTL,O,X
IOJZSLT,X,X
IOSTLJZ,X,X
IOSTLZJ,X,X
IOSTJLZ,X,X
IOSTJZL,X,X
IOSTZLJ,X,X
IOSTZJL,X,X
IOSLTJZ,X,X
IOSLTZJ,X,X
IOSLJTZ,X,X
IOSLJZT,X,X
IOSLZTJ,X,X
IOSLZJT,X,X
IOSJTLZ,X,X
IOSJTZL,X,X
IOSJLTZ,X,X
IOSJLZT,X,X
IOSJZTL,O,X
IOSJZLT,X,X
IOSZTLJ,O,X
IOSZTJL,O,X
IOSZLTJ,X,X
IOSZLJT,X,X
IOSZJTL,O,X
IOSZJLT,X,X
IOZTLJS,O,X
IOZTLSJ,O,X
IOZTJLS,O,X
IOZTJSL,O,X
IOZTSLJ,O,X
IOZTSJL,O,X
IOZLTJS,X,X
IOZLTSJ,X,X
IOZLJTS,X,X
IOZLJST,X,X
IOZLSTJ,X,X
IOZLSJT,X,X
IOZJTLS,O,X
IOZJTSL,O,X
IOZJLTS,X,X
IOZJLST,X,X
IOZJSTL,O,X
IOZJSLT,X,X
IOZSTLJ,O,X
IOZSTJL,O,X
IOZSLTJ,X,X
IOZSLJT,X,X
IOZSJTL,O,X
IOZSJLT,X,X
LTIJSZO,X,X
LTIJSOZ,X,X
LTIJZSO,O,O
LTIJZOS,X,X
LTIJOSZ,X,X
LTIJOZS,O,X
LTISJZO,X,X
LTISJOZ,X,X
LTISZJO,X,X
LTISZOJ,X,X
LTISOJZ,X,X
LTISOZJ,X,X
LTIZJSO,O,O
LTIZJOS,X,X
LTIZSJO,O,O
LTIZSOJ,X,X
LTIZOJS,X,X
LTIZOSJ,X,X
LTIOJSZ,X,X
LTIOJZS,O,X
LTIOSJZ,X,X
LTIOSZJ,X,X
LTIOZJS,O,X
LTIOZSJ,O,X
LTJISZO,X,X
LTJISOZ,X,X
LTJIZSO,O,O
LTJIZOS,X,X
LTJIOSZ,X,X
LTJIOZS,O,X
LTJSIZO,X,X
LTJSIOZ,X,X
LTJSZIO,X,X
LTJSZOI,X,X
LTJSOIZ,X,X
LTJSOZI,X,X
LTJZISO,O,O
LTJZIOS,X,X
LTJZSIO,O,O
LTJZSOI,X,X
LTJZOIS,X,X
LTJZOSI,X,X
LTJOISZ,X,X
LTJOIZS,O,X
LTJOSIZ,X,X
LTJOSZI,X,X
LTJOZIS,O,X
LTJOZSI,O,X
LTSIJZO,X,X
LTSIJOZ,X,X
LTSIZJO,X,X
LTSIZOJ,X,X
LTSIOJZ,X,X
LTSIOZJ,X,X
LTSJIZO,X,X
LTSJIOZ,X,X
LTSJZIO,X,X
LTSJZOI,X,X
LTSJOIZ,X,X
LTSJOZI,X,X
LTSZIJO,X,X
LTSZIOJ,X,X
LTSZJIO,X,X
LTSZJOI,X,X
LTSZOIJ,X,X
LTSZOJI,X,X
LTSOIJZ,X,X
LTSOIZJ,X,X
LTSOJIZ,X,X
LTSOJZI,X,X
LTSOZIJ,X,X
LTSOZJI,X,X
LTZIJSO,O,O
LTZIJOS,X,X
LTZISJO,O,O
LTZISOJ,X,X
LTZIOJS,X,X
LTZIOSJ,X,X
LTZJISO,O,O
LTZJIOS,X,X
LTZJSIO,O,O
LTZJSOI,X,X
LTZJOIS,X,X
LTZJOSI,X,X
LTZSIJO,O,O
LTZSIOJ,X,X
LTZSJIO,O,O
LTZSJOI,X,X
LTZSOIJ,X,X
LTZSOJI,X,X
LTZOIJS,X,X
LTZOISJ,X,X
LTZOJIS,X,X
LTZOJSI,X,X
LTZOSIJ,X,X
LTZOSJI,X,X
LTOIJSZ,X,X
LTOIJZS,O,X
LTOISJZ,X,X
LTOISZJ,X,X
LTOIZJS,O,X
LTOIZSJ,O,X
LTOJISZ,X,X
LTOJIZS,O,X
LTOJSIZ,X,X
LTOJSZI,X,X
LTOJZIS,O,X
LTOJZSI,O,X
LTOSIJZ,X,X
LTOSIZJ,X,X
LTOSJIZ,X,X
LTOSJZI,X,X
LTOSZIJ,X,X
LTOSZJI,X,X
LTOZIJS,O,X
LTOZISJ,O,X
LTOZJIS,O,X
LTOZJSI,O,X
LTOZSIJ,O,X
LTOZSJI,O,X
LITJSZO,X,X
LITJSOZ,X,X
LITJZSO,O,O
LITJZOS,X,X
LITJOSZ,X,X
LITJOZS,O,X
LITSJZO,X,X
LITSJOZ,X,X
LITSZJO,X,X
LITSZOJ,X,X
LITSOJZ,X,X
LITSOZJ,X,X
LITZJSO,O,O
LITZJOS,X,X
LITZSJO,O,O
LITZSOJ,X,X
LITZOJS,X,X
LITZOSJ,X,X
LITOJSZ,X,X
LITOJZS,O,X
LITOSJZ,X,X
LITOSZJ,X,X
LITOZJS,O,X
LITOZSJ,O,X
LIJTSZO,X,X
LIJTSOZ,X,X
LIJTZSO,O,O
LIJTZOS,X,X
LIJTOSZ,X,X
LIJTOZS,O,X
LIJSTZO,X,X
LIJSTOZ,X,X
LIJSZTO,X,X
LIJSZOT,X,X
LIJSOTZ,X,X
LIJSOZT,X,X
LIJZTSO,X,O
LIJZTOS,X,X
LIJZSTO,X,O
LIJZSOT,X,X
LIJZOTS,X,X
LIJZOST,X,X
LIJOTSZ,X,X
LIJOTZS,O,X
LIJOSTZ,X,X
LIJOSZT,X,X
LIJOZTS,X,X
LIJOZST,X,X
LISTJZO,X,X
LISTJOZ,X,X
LISTZJO,X,X
LISTZOJ,X,X
LISTOJZ,X,X
LISTOZJ,X,X
LISJTZO,X,X
LISJTOZ,X,X
LISJZTO,X,X
LISJZOT,X,X
LISJOTZ,X,X
LISJOZT,X,X
LISZTJO,X,X
LISZTOJ,X,X
LISZJTO,X,X
LISZJOT,X,X
LISZOTJ,X,X
LISZOJT,X,X
LISOTJZ,X,X
LISOTZJ,X,X
LISOJTZ,X,X
LISOJZT,X,X
LISOZTJ,X,X
LISOZJT,X,X
LIZTJSO,X,O
LIZTJOS,X,X
LIZTSJO,X,O
LIZTSOJ,X,X
LIZTOJS,X,X
LIZTOSJ,X,X
LIZJTSO,X,O
LIZJTOS,X,X
LIZJSTO,X,O
LIZJSOT,X,X
LIZJOTS,X,X
LIZJOST,X,X
LIZSTJO,X,O
LIZSTOJ,X,X
LIZSJTO,X,O
LIZSJOT,X,X
LIZSOTJ,X,X
LIZSOJT,X,X
LIZOTJS,X,X
LIZOTSJ,X,X
LIZOJTS,X,X
LIZOJST,X,X
LIZOSTJ,X,X
LIZOSJT,X,X
LIOTJSZ,X,X
LIOTJZS,O,X
LIOTSJZ,X,X
LIOTSZJ,X,X
LIOTZJS,O,X
LIOTZSJ,O,X
LIOJTSZ,X,X
LIOJTZS,O,X
LIOJSTZ,X,X
LIOJSZT,X,X
LIOJZTS,X,X
LIOJZST,X,X
LIOSTJZ,X,X
LIOSTZJ,X,X
LIOSJTZ,X,X
LIOSJZT,X,X
LIOSZTJ,X,X
LIOSZJT,X,X
LIOZTJS,X,X
LIOZTSJ,X,X
LIOZJTS,X,X
LIOZJST,X,X
LIOZSTJ,X,X
LIOZSJT,X,X
LJTISZO,X,X
LJTISOZ,X,X
LJTIZSO,O,O
LJTIZOS,X,X
LJTIOSZ,X,X
LJTIOZS,O,X
LJTSIZO,X,X
LJTSIOZ,X,X
LJTSZIO,X,X
LJTSZOI,X,X
LJTSOIZ,X,X
LJTSOZI,X,X
LJTZISO,O,O
LJTZIOS,X,X
LJTZSIO,O,O
LJTZSOI,X,X
LJTZOIS,X,X
LJTZOSI,X,X
LJTOISZ,X,X
LJTOIZS,O,X
LJTOSIZ,X,X
LJTOSZI,X,X
LJTOZIS,O,X
LJTOZSI,O,X
LJITSZO,X,X
LJITSOZ,X,X
LJITZSO,O,O
LJITZOS,X,X
LJITOSZ,X,X
LJITOZS,O,X
LJISTZO,X,X
LJISTOZ,X,X
LJISZTO,X,X
LJISZOT,X,X
LJISOTZ,X,X
LJISOZT,X,X
LJIZTSO,X,O
LJIZTOS,X,X
LJIZSTO,X,O
LJIZSOT,X,X
LJIZOTS,X,X
LJIZOST,X,X
LJIOTSZ,X,X
LJIOTZS,O,X
LJIOSTZ,X,X
LJIOSZT,X,X
LJIOZTS,X,X
LJIOZST,X,X
LJSTIZO,X,X
LJSTIOZ,X,X
LJSTZIO,X,X
LJSTZOI,X,X
LJSTOIZ,X,X
LJSTOZI,X,X
LJSITZO,X,X
LJSITOZ,X,X
LJSIZTO,X,X
LJSIZOT,X,X
LJSIOTZ,X,X
LJSIOZT,X,X
LJSZTIO,X,X
LJSZTOI,X,X
LJSZITO,X,X
LJSZIOT,X,X
LJSZOTI,X,X
LJSZOIT,X,X
LJSOTIZ,X,X
LJSOTZI,X,X
LJSOITZ,X,X
LJSOIZT,X,X
LJSOZTI,X,X
LJSOZIT,X,X
LJZTISO,X,O
LJZTIOS,X,X
LJZTSIO,X,O
LJZTSOI,X,X
LJZTOIS,X,X
LJZTOSI,X,X
LJZITSO,X,O
LJZITOS,X,X
LJZISTO,X,O
LJZISOT,X,X
LJZIOTS,X,X
LJZIOST,X,X
LJZSTIO,X,O
LJZSTOI,X,X
LJZSITO,X,O
LJZSIOT,X,X
LJZSOTI,X,X
LJZSOIT,X,X
LJZOTIS,X,X
LJZOTSI,X,X
LJZOITS,X,X
LJZOIST,X,X
LJZOSTI,X,X
LJZOSIT,X,X
LJOTISZ,X,X
LJOTIZS,O,X
LJOTSIZ,X,X
LJOTSZI,X,X
LJOTZIS,O,X
LJOTZSI,O,X
LJOITSZ,X,X
LJOITZS,O,X
LJOISTZ,X,X
LJOISZT,X,X
LJOIZTS,X,X
LJOIZST,X,X
LJOSTIZ,X,X
LJOSTZI,X,X
LJOSITZ,X,X
LJOSIZT,X,X
LJOSZTI,X,X
LJOSZIT,X,X
LJOZTIS,X,X
LJOZTSI,X,X
LJOZITS,X,X
LJOZIST,X,X
LJOZSTI,X,X
LJOZSIT,X,X
LSTIJZO,X,X
LSTIJOZ,X,X
LSTIZJO,X,X
LSTIZOJ,X,X
LSTIOJZ,X,X
LSTIOZJ,X,X
LSTJIZO,X,X
LSTJIOZ,X,X
LSTJZIO,X,X
LSTJZOI,X,X
LSTJOIZ,X,X
LSTJOZI,X,X
LSTZIJO,X,X
LSTZIOJ,X,X
LSTZJIO,X,X
LSTZJOI,X,X
LSTZOIJ,X,X
LSTZOJI,X,X
LSTOIJZ,X,X
LSTOIZJ,X,X
LSTOJIZ,X,X
LSTOJZI,X,X
LSTOZIJ,X,X
LSTOZJI,X,X
LSITJZO,X,X
LSITJOZ,X,X
LSITZJO,X,X
LSITZOJ,X,X
LSITOJZ,X,X
LSITOZJ,X,X
LSIJTZO,X,X
LSIJTOZ,X,X
LSIJZTO,X,X
LSIJZOT,X,X
LSIJOTZ,X,X
LSIJOZT,X,X
LSIZTJO,X,X
LSIZTOJ,X,X
LSIZJTO,X,X
LSIZJOT,X,X
LSIZOTJ,X,X
LSIZOJT,X,X
LSIOTJZ,X,X
LSIOTZJ,X,X
LSIOJTZ,X,X
LSIOJZT,X,X
LSIOZTJ,X,X
LSIOZJT,X,X
LSJTIZO,X,X
LSJTIOZ,X,X
LSJTZIO,X,X
LSJTZOI,X,X
LSJTOIZ,X,X
LSJTOZI,X,X
LSJITZO,X,X
LSJITOZ,X,X
LSJIZTO,X,X
LSJIZOT,X,X
LSJIOTZ,X,X
LSJIOZT,X,X
LSJZTIO,X,X
LSJZTOI,X,X
LSJZITO,X,X
LSJZIOT,X,X
LSJZOTI,X,X
LSJZOIT,X,X
LSJOTIZ,X,X
LSJOTZI,X,X
LSJOITZ,X,X
LSJOIZT,X,X
LSJOZTI,X,X
LSJOZIT,X,X
LSZTIJO,X,X
LSZTIOJ,X,X
LSZTJIO,X,X
LSZTJOI,X,X
LSZTOIJ,X,X
LSZTOJI,X,X
LSZITJO,X,X
LSZITOJ,X,X
LSZIJTO,X,X
LSZIJOT,X,X
LSZIOTJ,X,X
LSZIOJT,X,X
LSZJTIO,X,X
LSZJTOI,X,X
LSZJITO,X,X
LSZJIOT,X,X
LSZJOTI,X,X
LSZJOIT,X,X
LSZOTIJ,X,X
LSZOTJI,X,X
LSZOITJ,X,X
LSZOIJT,X,X
LSZOJTI,X,X
LSZOJIT,X,X
LSOTIJZ,X,X
LSOTIZJ,X,X
LSOTJIZ,X,X
LSOTJZI,X,X
LSOTZIJ,X,X
LSOTZJI,X,X
LSOITJZ,X,X
LSOITZJ,X,X
LSOIJTZ,X,X
LSOIJZT,X,X
LSOIZTJ,X,X
LSOIZJT,X,X
LSOJTIZ,X,X
LSOJTZI,X,X
LSOJITZ,X,X
LSOJIZT,X,X
LSOJZTI,X,X
LSOJZIT,X,X
LSOZTIJ,X,X
LSOZTJI,X,X
LSOZITJ,X,X
LSOZIJT,X,X
LSOZJTI,X,X
LSOZJIT,X,X
LZTIJSO,X,O
LZTIJOS,X,X
LZTISJO,X,O
LZTISOJ,X,X
LZTIOJS,X,X
LZTIOSJ,X,X
LZTJISO,X,O
LZTJIOS,X,X
LZTJSIO,X,O
LZTJSOI,X,X
LZTJOIS,X,X
LZTJOSI,X,X
LZTSIJO,X,O
LZTSIOJ,X,X
LZTSJIO,X,O
LZTSJOI,X,X
LZTSOIJ,X,X
LZTSOJI,X,X
LZTOIJS,X,X
LZTOISJ,X,X
LZTOJIS,X,X
LZTOJSI,X,X
LZTOSIJ,X,X
LZTOSJI,X,X
LZITJSO,X,O
LZITJOS,X,X
LZITSJO,X,O
LZITSOJ,X,X
LZITOJS,X,X
LZITOSJ,X,X
LZIJTSO,X,O
LZIJTOS,X,X
LZIJSTO,X,O
LZIJSOT,X,X
LZIJOTS,X,X
LZIJOST,X,X
LZISTJO,X,O
LZISTOJ,X,X
LZISJTO,X,O
LZISJOT,X,X
LZISOTJ,X,X
LZISOJT,X,X
LZIOTJS,X,X
LZIOTSJ,X,X
LZIOJTS,X,X
LZIOJST,X,X
LZIOSTJ,X,X
LZIOSJT,X,X
LZJTISO,X,O
LZJTIOS,X,X
LZJTSIO,X,O
LZJTSOI,X,X
LZJTOIS,X,X
LZJTOSI,X,X
LZJITSO,X,O
LZJITOS,X,X
LZJISTO,X,O
LZJISOT,X,X
LZJIOTS,X,X
LZJIOST,X,X
LZJSTIO,X,O
LZJSTOI,X,X
LZJSITO,X,O
LZJSIOT,X,X
LZJSOTI,X,X
LZJSOIT,X,X
LZJOTIS,X,X
LZJOTSI,X,X
LZJOITS,X,X
LZJOIST,X,X
LZJOSTI,X,X
LZJOSIT,X,X
LZSTIJO,X,O
LZSTIOJ,X,X
LZSTJIO,X,O
LZSTJOI,X,X
LZSTOIJ,X,X
LZSTOJI,X,X
LZSITJO,X,O
LZSITOJ,X,X
LZSIJTO,X,O
LZSIJOT,X,X
LZSIOTJ,X,X
LZSIOJT,X,X
LZSJTIO,X,O
LZSJTOI,X,X
LZSJITO,X,O
LZSJIOT,X,X
LZSJOTI,X,X
LZSJOIT,X,X
LZSOTIJ,X,X
LZSOTJI,X,X
LZSOITJ,X,X
LZSOIJT,X,X
LZSOJTI,X,X
LZSOJIT,X,X
LZOTIJS,X,X
LZOTISJ,X,X
LZOTJIS,X,X
LZOTJSI,X,X
LZOTSIJ,X,X
LZOTSJI,X,X
LZOITJS,X,X
LZOITSJ,X,X
LZOIJTS,X,X
LZOIJST,X,X
LZOISTJ,X,X
LZOISJT,X,X
LZOJTIS,X,X
LZOJTSI,X,X
LZOJITS,X,X
LZOJIST,X,X
LZOJSTI,X,X
LZOJSIT,X,X
LZOSTIJ,X,X
LZOSTJI,X,X
LZOSITJ,X,X
LZOSIJT,X,X
LZOSJTI,X,X
LZOSJIT,X,X
LOTIJSZ,X,X
LOTIJZS,O,X
LOTISJZ,X,X
LOTISZJ,X,X
LOTIZJS,O,X
LOTIZSJ,O,X
LOTJISZ,X,X
LOTJIZS,O,X
LOTJSIZ,X,X
LOTJSZI,X,X
LOTJZIS,O,X
LOTJZSI,O,X
LOTSIJZ,X,X
LOTSIZJ,X,X
LOTSJIZ,X,X
LOTSJZI,X,X
LOTSZIJ,X,X
LOTSZJI,X,X
LOTZIJS,O,X
LOTZISJ,O,X
LOTZJIS,O,X
LOTZJSI,O,X
LOTZSIJ,O,X
LOTZSJI,O,X
LOITJSZ,X,X
LOITJZS,O,X
LOITSJZ,X,X
LOITSZJ,X,X
LOITZJS,O,X
LOITZSJ,O,X
LOIJTSZ,X,X
LOIJTZS,O,X
LOIJSTZ,X,X
LOIJSZT,X,X
LOIJZTS,X,X
LOIJZST,X,X
LOISTJZ,X,X
LOISTZJ,X,X
LOISJTZ,X,X
LOISJZT,X,X
LOISZTJ,X,X
LOISZJT,X,X
LOIZTJS,X,X
LOIZTSJ,X,X
LOIZJTS,X,X
LOIZJST,X,X
LOIZSTJ,X,X
LOIZSJT,X,X
LOJTISZ,X,X
LOJTIZS,O,X
LOJTSIZ,X,X
LOJTSZI,X,X
LOJTZIS,O,X
LOJTZSI,O,X
LOJITSZ,X,X
LOJITZS,O,X
LOJISTZ,X,X
LOJISZT,X,X
LOJIZTS,X,X
LOJIZST,X,X
LOJSTIZ,X,X
LOJSTZI,X,X
LOJSITZ,X,X
LOJSIZT,X,X
LOJSZTI,X,X
LOJSZIT,X,X
LOJZTIS,X,X
LOJZTSI,X,X
LOJZITS,X,X
LOJZIST,X,X
LOJZSTI,X,X
LOJZSIT,X,X
LOSTIJZ,X,X
LOSTIZJ,X,X
LOSTJIZ,X,X
LOSTJZI,X,X
LOSTZIJ,X,X
LOSTZJI,X,X
LOSITJZ,X,X
LOSITZJ,X,X
LOSIJTZ,X,X
LOSIJZT,X,X
LOSIZTJ,X,X
LOSIZJT,X,X
LOSJTIZ,X,X
LOSJTZI,X,X
LOSJITZ,X,X
LOSJIZT,X,X
LOSJZTI,X,X
LOSJZIT,X,X
LOSZTIJ,X,X
LOSZTJI,X,X
LOSZITJ,X,X
LOSZIJT,X,X
LOSZJTI,X,X
LOSZJIT,X,X
LOZTIJS,X,X
LOZTISJ,X,X
LOZTJIS,X,X
LOZTJSI,X,X
LOZTSIJ,X,X
LOZTSJI,X,X
LOZITJS,X,X
LOZITSJ,X,X
LOZIJTS,X,X
LOZIJST,X,X
LOZISTJ,X,X
LOZISJT,X,X
LOZJTIS,X,X
LOZJTSI,X,X
LOZJITS,X,X
LOZJIST,X,X
LOZJSTI,X,X
LOZJSIT,X,X
LOZSTIJ,X,X
LOZSTJI,X,X
LOZSITJ,X,X
LOZSIJT,X,X
LOZSJTI,X,X
LOZSJIT,X,X
JTILSZO,X,X
JTILSOZ,X,X
JTILZSO,O,X
JTILZOS,X,X
JTILOSZ,X,X
JTILOZS,O,X
JTISLZO,X,X
JTISLOZ,X,X
JTISZLO,X,X
JTISZOL,X,X
JTISOLZ,X,X
JTISOZL,X,X
JTIZLSO,O,X
JTIZLOS,X,X
JTIZSLO,O,X
JTIZSOL,X,X
JTIZOLS,X,X
JTIZOSL,X,X
JTIOLSZ,X,X
JTIOLZS,O,X
JTIOSLZ,X,X
JTIOSZL,X,X
JTIOZLS,O,X
JTIOZSL,O,X
JTLISZO,X,X
JTLISOZ,X,X
JTLIZSO,O,X
JTLIZOS,X,X
JTLIOSZ,X,X
JTLIOZS,O,X
JTLSIZO,X,X
JTLSIOZ,X,X
JTLSZIO,X,X
JTLSZOI,X,X
JTLSOIZ,X,X
JTLSOZI,X,X
JTLZISO,O,X
JTLZIOS,X,X
JTLZSIO,O,X
JTLZSOI,X,X
JTLZOIS,X,X
JTLZOSI,X,X
JTLOISZ,X,X
JTLOIZS,O,X
JTLOSIZ,X,X
JTLOSZI,X,X
JTLOZIS,O,X
JTLOZSI,O,X
JTSILZO,X,X
JTSILOZ,X,X
JTSIZLO,X,X
JTSIZOL,X,X
JTSIOLZ,X,X
JTSIOZL,X,X
JTSLIZO,X,X
JTSLIOZ,X,X
JTSLZIO,X,X
JTSLZOI,X,X
JTSLOIZ,X,X
JTSLOZI,X,X
JTSZILO,X,X
JTSZIOL,X,X
JTSZLIO,X,X
JTSZLOI,X,X
JTSZOIL,X,X
JTSZOLI,X,X
JTSOILZ,X,X
JTSOIZL,X,X
JTSOLIZ,X,X
JTSOLZI,X,X
JTSOZIL,X,X
JTSOZLI,X,X
JTZILSO,O,X
JTZILOS,X,X
JTZISLO,O,X
JTZISOL,X,X
JTZIOLS,X,X
JTZIOSL,X,X
JTZLISO,O,X
JTZLIOS,X,X
JTZLSIO,O,X
JTZLSOI,X,X
JTZLOIS,X,X
JTZLOSI,X,X
JTZSILO,O,X
JTZSIOL,X,X
JTZSLIO,O,X
JTZSLOI,X,X
JTZSOIL,X,X
JTZSOLI,X,X
JTZOILS,X,X
JTZOISL,X,X
JTZOLIS,X,X
JTZOLSI,X,X
JTZOSIL,X,X
JTZOSLI,X,X
JTOILSZ,X,X
JTOILZS,O,X
JTOISLZ,X,X
JTOISZL,X,X
JTOIZLS,O,X
JTOIZSL,O,X
JTOLISZ,X,X
JTOLIZS,O,X
JTOLSIZ,X,X
JTOLSZI,X,X
JTOLZIS,O,X
JTOLZSI,O,X
JTOSILZ,X,X
JTOSIZL,X,X
JTOSLIZ,X,X
JTOSLZI,X,X
JTOSZIL,X,X
JTOSZLI,X,X
JTOZILS,O,X
JTOZISL,O,X
JTOZLIS,O,X
JTOZLSI,O,X
JTOZSIL,O,X
JTOZSLI,O,X
JITLSZO,X,X
JITLSOZ,X,X
JITLZSO,O,X
JITLZOS,X,X
JITLOSZ,X,X
JITLOZS,O,X
JITSLZO,X,X
JITSLOZ,X,X
JITSZLO,X,X
JITSZOL,X,X
JITSOLZ,X,X
JITSOZL,X,X
JITZLSO,O,X
JITZLOS,X,X
JITZSLO,O,X
JITZSOL,X,X
JITZOLS,X,X
JITZOSL,X,X
JITOLSZ,X,X
JITOLZS,O,X
JITOSLZ,X,X
JITOSZL,X,X
JITOZLS,O,X
JITOZSL,O,X
JILTSZO,X,X
JILTSOZ,X,X
JILTZSO,O,O
JILTZOS,X,X
JILTOSZ,X,X
JILTOZS,O,X
JILSTZO,X,X
JILSTOZ,X,X
JILSZTO,X,X
JILSZOT,X,X
JILSOTZ,X,X
JILSOZT,X,X
JILZTSO,X,O
JILZTOS,X,X
JILZSTO,X,O
JILZSOT,X,X
JILZOTS,X,X
JILZOST,X,X
JILOTSZ,X,X
JILOTZS,O,X
JILOSTZ,X,X
JILOSZT,X,X
JILOZTS,X,X
JILOZST,X,X
JISTLZO,X,X
JISTLOZ,X,X
JISTZLO,X,X
JISTZOL,X,X
JISTOLZ,X,X
JISTOZL,X,X
JISLTZO,X,X
JISLTOZ,X,X
JISLZTO,X,X
JISLZOT,X,X
JISLOTZ,X,X
JISLOZT,X,X
JISZTLO,X,X
JISZTOL,X,X
JISZLTO,X,X
JISZLOT,X,X
JISZOTL,X,X
JISZOLT,X,X
JISOTLZ,X,X
JISOTZL,X,X
JISOLTZ,X,X
JISOLZT,X,X
JISOZTL,X,X
JISOZLT,X,X
JIZTLSO,O,X
JIZTLOS,X,X
JIZTSLO,O,X
JIZTSOL,X,X
JIZTOLS,X,X
JIZTOSL,X,X
JIZLTSO,X,O
JIZLTOS,X,X
JIZLSTO,X,O
JIZLSOT,X,X
JIZLOTS,X,X
JIZLOST,X,X
JIZSTLO,O,X
JIZSTOL,X,X
JIZSLTO,X,O
JIZSLOT,X,X
JIZSOTL,X,X
JIZSOLT,X,X
JIZOTLS,X,X
JIZOTSL,X,X
JIZOLTS,X,X
JIZOLST,X,X
JIZOSTL,X,X
JIZOSLT,X,X
JIOTLSZ,X,X
JIOTLZS,O,X
JIOTSLZ,X,X
JIOTSZL,X,X
JIOTZLS,O,X
JIOTZSL,O,X
JIOLTSZ,X,X
JIOLTZS,O,X
JIOLSTZ,X,X
JIOLSZT,X,X
JIOLZTS,X,X
JIOLZST,X,X
JIOSTLZ,X,X
JIOSTZL,X,X
JIOSLTZ,X,X
JIOSLZT,X,X
JIOSZTL,O,X
JIOSZLT,X,X
JIOZTLS,O,X
JIOZTSL,O,X
JIOZLTS,X,X
JIOZLST,X,X
JIOZSTL,O,X
JIOZSLT,X,X
JLTISZO,X,X
JLTISOZ,X,X
JLTIZSO,O,O
JLTIZOS,X,X
JLTIOSZ,X,X
JLTIOZS,O,X
JLTSIZO,X,X
JLTSIOZ,X,X
JLTSZIO,X,X
JLTSZOI,X,X
JLTSOIZ,X,X
JLTSOZI,X,X
JLTZISO,O,O
JLTZIOS,X,X
JLTZSIO,O,O
JLTZSOI,X,X
JLTZOIS,X,X
JLTZOSI,X,X
JLTOISZ,X,X
JLTOIZS,O,X
JLTOSIZ,X,X
JLTOSZI,X,X
JLTOZIS,O,X
JLTOZSI,O,X
JLITSZO,X,X
JLITSOZ,X,X
JLITZSO,O,O
JLITZOS,X,X
JLITOSZ,X,X
JLITOZS,O,X
JLISTZO,X,X
JLISTOZ,X,X
JLISZTO,X,X
JLISZOT,X,X
JLISOTZ,X,X
JLISOZT,X,X
JLIZTSO,X,O
JLIZTOS,X,X
JLIZSTO,X,O
JLIZSOT,X,X
JLIZOTS,X,X
JLIZOST,X,X
JLIOTSZ,X,X
JLIOTZS,O,X
JLIOSTZ,X,X
JLIOSZT,X,X
JLIOZTS,X,X
JLIOZST,X,X
JLSTIZO,X,X
JLSTIOZ,X,X
JLSTZIO,X,X
JLSTZOI,X,X
JLSTOIZ,X,X
JLSTOZI,X,X
JLSITZO,X,X
JLSITOZ,X,X
JLSIZTO,X,X
JLSIZOT,X,X
JLSIOTZ,X,X
JLSIOZT,X,X
JLSZTIO,X,X
JLSZTOI,X,X
JLSZITO,X,X
JLSZIOT,X,X
JLSZOTI,X,X
JLSZOIT,X,X
JLSOTIZ,X,X
JLSOTZI,X,X
JLSOITZ,X,X
JLSOIZT,X,X
JLSOZTI,X,X
JLSOZIT,X,X
JLZTISO,X,O
JLZTIOS,X,X
JLZTSIO,X,O
JLZTSOI,X,X
JLZTOIS,X,X
JLZTOSI,X,X
JLZITSO,X,O
JLZITOS,X,X
JLZISTO,X,O
JLZISOT,X,X
JLZIOTS,X,X
JLZIOST,X,X
JLZSTIO,X,O
JLZSTOI,X,X
JLZSITO,X,O
JLZSIOT,X,X
JLZSOTI,X,X
JLZSOIT,X,X
JLZOTIS,X,X
JLZOTSI,X,X
JLZOITS,X,X
JLZOIST,X,X
JLZOSTI,X,X
JLZOSIT,X,X
JLOTISZ,X,X
JLOTIZS,O,X
JLOTSIZ,X,X
JLOTSZI,X,X
JLOTZIS,O,X
JLOTZSI,O,X
JLOITSZ,X,X
JLOITZS,O,X
JLOISTZ,X,X
JLOISZT,X,X
JLOIZTS,X,X
JLOIZST,X,X
JLOSTIZ,X,X
JLOSTZI,X,X
JLOSITZ,X,X
JLOSIZT,X,X
JLOSZTI,X,X
JLOSZIT,X,X
JLOZTIS,X,X
JLOZTSI,X,X
JLOZITS,X,X
JLOZIST,X,X
JLOZSTI,X,X
JLOZSIT,X,X
JSTILZO,X,X
JSTILOZ,X,X
JSTIZLO,X,X
JSTIZOL,X,X
JSTIOLZ,X,X
JSTIOZL,X,X
JSTLIZO,X,X
JSTLIOZ,X,X
JSTLZIO,X,X
JSTLZOI,X,X
JSTLOIZ,X,X
JSTLOZI,X,X
JSTZILO,X,X
JSTZIOL,X,X
JSTZLIO,X,X
JSTZLOI,X,X
JSTZOIL,X,X
JSTZOLI,X,X
JSTOILZ,X,X
JSTOIZL,X,X
JSTOLIZ,X,X
JSTOLZI,X,X
JSTOZIL,X,X
JSTOZLI,X,X
JSITLZO,X,X
JSITLOZ,X,X
JSITZLO,X,X
JSITZOL,X,X
JSITOLZ,X,X
JSITOZL,X,X
JSILTZO,X,X
JSILTOZ,X,X
JSILZTO,X,X
JSILZOT,X,X
JSILOTZ,X,X
JSILOZT,X,X
JSIZTLO,X,X
JSIZTOL,X,X
JSIZLTO,X,X
JSIZLOT,X,X
JSIZOTL,X,X
JSIZOLT,X,X
JSIOTLZ,X,X
JSIOTZL,X,X
JSIOLTZ,X,X
JSIOLZT,X,X
JSIOZTL,X,X
JSIOZLT,X,X
JSLTIZO,X,X
JSLTIOZ,X,X
JSLTZIO,X,X
JSLTZOI,X,X
JSLTOIZ,X,X
JSLTOZI,X,X
JSLITZO,X,X
JSLITOZ,X,X
JSLIZTO,X,X
JSLIZOT,X,X
JSLIOTZ,X,X
JSLIOZT,X,X
JSLZTIO,X,X
JSLZTOI,X,X
JSLZITO,X,X
JSLZIOT,X,X
JSLZOTI,X,X
JSLZOIT,X,X
JSLOTIZ,X,X
JSLOTZI,X,X
JSLOITZ,X,X
JSLOIZT,X,X
JSLOZTI,X,X
JSLOZIT,X,X
JSZTILO,X,X
JSZTIOL,X,X
JSZTLIO,X,X
JSZTLOI,X,X
JSZTOIL,X,X
JSZTOLI,X,X
JSZITLO,X,X
JSZITOL,X,X
JSZILTO,X,X
JSZILOT,X,X
JSZIOTL,X,X
JSZIOLT,X,X
JSZLTIO,X,X
JSZLTOI,X,X
JSZLITO,X,X
JSZLIOT,X,X
JSZLOTI,X,X
JSZLOIT,X,X
JSZOTIL,X,X
JSZOTLI,X,X
JSZOITL,X,X
JSZOILT,X,X
JSZOLTI,X,X
JSZOLIT,X,X
JSOTILZ,X,X
JSOTIZL,X,X
JSOTLIZ,X,X
JSOTLZI,X,X
JSOTZIL,X,X
JSOTZLI,X,X
JSOITLZ,X,X
JSOITZL,X,X
JSOILTZ,X,X
JSOILZT,X,X
JSOIZTL,X,X
JSOIZLT,X,X
JSOLTIZ,X,X
JSOLTZI,X,X
JSOLITZ,X,X
JSOLIZT,X,X
JSOLZTI,X,X
JSOLZIT,X,X
JSOZTIL,X,X
JSOZTLI,X,X
JSOZITL,X,X
JSOZILT,X,X
JSOZLTI,X,X
JSOZLIT,X,X
JZTILSO,O,X
JZTILOS,X,X
JZTISLO,O,X
JZTISOL,X,X
JZTIOLS,X,X
JZTIOSL,X,X
JZTLISO,O,X
JZTLIOS,X,X
JZTLSIO,O,X
JZTLSOI,X,X
JZTLOIS,X,X
JZTLOSI,X,X
JZTSILO,O,X
JZTSIOL,X,X
JZTSLIO,O,X
JZTSLOI,X,X
JZTSOIL,X,X
JZTSOLI,X,X
JZTOILS,X,X
JZTOISL,X,X
JZTOLIS,X,X
JZTOLSI,X,X
JZTOSIL,X,X
JZTOSLI,X,X
JZITLSO,O,X
JZITLOS,X,X
JZITSLO,O,X
JZITSOL,X,X
JZITOLS,X,X
JZITOSL,X,X
JZILTSO,X,O
JZILTOS,X,X
JZILSTO,X,O
JZILSOT,X,X
JZILOTS,X,X
JZILOST,X,X
JZISTLO,O,X
JZISTOL,X,X
JZISLTO,X,O
JZISLOT,X,X
JZISOTL,X,X
JZISOLT,X,X
JZIOTLS,X,X
JZIOTSL,X,X
JZIOLTS,X,X
JZIOLST,X,X
JZIOSTL,X,X
JZIOSLT,X,X
JZLTISO,X,O
JZLTIOS,X,X
JZLTSIO,X,O
JZLTSOI,X,X
JZLTOIS,X,X
JZLTOSI,X,X
JZLITSO,X,O
JZLITOS,X,X
JZLISTO,X,O
JZLISOT,X,X
JZLIOTS,X,X
JZLIOST,X,X
JZLSTIO,X,O
JZLSTOI,X,X
JZLSITO,X,O
JZLSIOT,X,X
JZLSOTI,X,X
JZLSOIT,X,X
JZLOTIS,X,X
JZLOTSI,X,X
JZLOITS,X,X
JZLOIST,X,X
JZLOSTI,X,X
JZLOSIT,X,X
JZSTILO,O,X
JZSTIOL,X,X
JZSTLIO,O,X
JZSTLOI,X,X
JZSTOIL,X,X
JZSTOLI,X,X
JZSITLO,O,X
JZSITOL,X,X
JZSILTO,X,O
JZSILOT,X,X
JZSIOTL,X,X
JZSIOLT,X,X
JZSLTIO,X,O
JZSLTOI,X,X
JZSLITO,X,O
JZSLIOT,X,X
JZSLOTI,X,X
JZSLOIT,X,X
JZSOTIL,X,X
JZSOTLI,X,X
JZSOITL,X,X
JZSOILT,X,X
JZSOLTI,X,X
JZSOLIT,X,X
JZOTILS,X,X
JZOTISL,X,X
JZOTLIS,X,X
JZOTLSI,X,X
JZOTSIL,X,X
JZOTSLI,X,X
JZOITLS,X,X
JZOITSL,X,X
JZOILTS,X,X
JZOILST,X,X
JZOISTL,X,X
JZOISLT,X,X
JZOLTIS,X,X
JZOLTSI,X,X
JZOLITS,X,X
JZOLIST,X,X
JZOLSTI,X,X
JZOLSIT,X,X
JZOSTIL,X,X
JZOSTLI,X,X
JZOSITL,X,X
JZOSILT,X,X
JZOSLTI,X,X
JZOSLIT,X,X
JOTILSZ,X,X
JOTILZS,O,X
JOTISLZ,X,X
JOTISZL,X,X
JOTIZLS,O,X
JOTIZSL,O,X
JOTLISZ,X,X
JOTLIZS,O,X
JOTLSIZ,X,X
JOTLSZI,X,X
JOTLZIS,O,X
JOTLZSI,O,X
JOTSILZ,X,X
JOTSIZL,X,X
JOTSLIZ,X,X
JOTSLZI,X,X
JOTSZIL,X,X
JOTSZLI,X,X
JOTZILS,O,X
JOTZISL,O,X
JOTZLIS,O,X
JOTZLSI,O,X
JOTZSIL,O,X
JOTZSLI,O,X
JOITLSZ,X,X
JOITLZS,O,X
JOITSLZ,X,X
JOITSZL,X,X
JOITZLS,O,X
JOITZSL,O,X
JOILTSZ,X,X
JOILTZS,O,X
JOILSTZ,X,X
JOILSZT,X,X
JOILZTS,X,X
JOILZST,X,X
JOISTLZ,X,X
JOISTZL,X,X
JOISLTZ,X,X
JOISLZT,X,X
JOISZTL,O,X
JOISZLT,X,X
JOIZTLS,O,X
JOIZTSL,O,X
JOIZLTS,X,X
JOIZLST,X,X
JOIZSTL,O,X
JOIZSLT,X,X
JOLTISZ,X,X
JOLTIZS,O,X
JOLTSIZ,X,X
JOLTSZI,X,X
JOLTZIS,O,X
JOLTZSI,O,X
JOLITSZ,X,X
JOLITZS,O,X
JOLISTZ,X,X
JOLISZT,X,X
JOLIZTS,X,X
JOLIZST,X,X
JOLSTIZ,X,X
JOLSTZI,X,X
JOLSITZ,X,X
JOLSIZT,X,X
JOLSZTI,X,X
JOLSZIT,X,X
JOLZTIS,X,X
JOLZTSI,X,X
JOLZITS,X,X
JOLZIST,X,X
JOLZSTI,X,X
JOLZSIT,X,X
JOSTILZ,X,X
JOSTIZL,X,X
JOSTLIZ,X,X
JOSTLZI,X,X
JOSTZIL,X,X
JOSTZLI,X,X
JOSITLZ,X,X
JOSITZL,X,X
JOSILTZ,X,X
JOSILZT,X,X
JOSIZTL,O,X
JOSIZLT,X,X
JOSLTIZ,X,X
JOSLTZI,X,X
JOSLITZ,X,X
JOSLIZT,X,X
JOSLZTI,X,X
JOSLZIT,X,X
JOSZTIL,O,X
JOSZTLI,O,X
JOSZITL,O,X
JOSZILT,X,X
JOSZLTI,X,X
JOSZLIT,X,X
JOZTILS,O,X
JOZTISL,O,X
JOZTLIS,O,X
JOZTLSI,O,X
JOZTSIL,O,X
JOZTSLI,O,X
JOZITLS,O,X
JOZITSL,O,X
JOZILTS,X,X
JOZILST,X,X
JOZISTL,O,X
JOZISLT,X,X
JOZLTIS,X,X
JOZLTSI,X,X
JOZLITS,X,X
JOZLIST,X,X
JOZLSTI,X,X
JOZLSIT,X,X
JOZSTIL,O,X
JOZSTLI,O,X
JOZSITL,O,X
JOZSILT,X,X
JOZSLTI,X,X
JOZSLIT,X,X
STILJZO,X,X
STILJOZ,X,X
STILZJO,X,X
STILZOJ,X,X
STILOJZ,X,X
STILOZJ,X,X
STIJLZO,X,X
STIJLOZ,X,X
STIJZLO,X,X
STIJZOL,X,X
STIJOLZ,X,X
STIJOZL,X,X
STIZLJO,X,X
STIZLOJ,X,X
STIZJLO,X,X
STIZJOL,X,X
STIZOLJ,X,X
STIZOJL,X,X
STIOLJZ,X,X
STIOLZJ,X,X
STIOJLZ,X,X
STIOJZL,X,X
STIOZLJ,X,X
STIOZJL,X,X
STLIJZO,X,X
STLIJOZ,X,X
STLIZJO,X,X
STLIZOJ,X,X
STLIOJZ,X,X
STLIOZJ,X,X
STLJIZO,X,X
STLJIOZ,X,X
STLJZIO,X,X
STLJZOI,X,X
STLJOIZ,X,X
STLJOZI,X,X
STLZIJO,X,X
STLZIOJ,X,X
STLZJIO,X,X
STLZJOI,X,X
STLZOIJ,X,X
STLZOJI,X,X
STLOIJZ,X,X
STLOIZJ,X,X
STLOJIZ,X,X
STLOJZI,X,X
STLOZIJ,X,X
STLOZJI,X,X
STJILZO,X,X
STJILOZ,X,X
STJIZLO,X,X
STJIZOL,X,X
STJIOLZ,X,X
STJIOZL,X,X
STJLIZO,X,X
STJLIOZ,X,X
STJLZIO,X,X
STJLZOI,X,X
STJLOIZ,X,X
STJLOZI,X,X
STJZILO,X,X
STJZIOL,X,X
STJZLIO,X,X
STJZLOI,X,X
STJZOIL,X,X
STJZOLI,X,X
STJOILZ,X,X
STJOIZL,X,X
STJOLIZ,X,X
STJOLZI,X,X
STJOZIL,X,X
STJOZLI,X,X
STZILJO,X,X
STZILOJ,X,X
STZIJLO,X,X
STZIJOL,X,X
STZIOLJ,X,X
STZIOJL,X,X
STZLIJO,X,X
STZLIOJ,X,X
STZLJIO,X,X
STZLJOI,X,X
STZLOIJ,X,X
STZLOJI,X,X
STZJILO,X,X
STZJIOL,X,X
STZJLIO,X,X
STZJLOI,X,X
STZJOIL,X,X
STZJOLI,X,X
STZOILJ,X,X
STZOIJL,X,X
STZOLIJ,X,X
STZOLJI,X,X
STZOJIL,X,X
STZOJLI,X,X
STOILJZ,X,X
STOILZJ,X,X
STOIJLZ,X,X
STOIJZL,X,X
STOIZLJ,X,X
STOIZJL,X,X
STOLIJZ,X,X
STOLIZJ,X,X
STOLJIZ,X,X
STOLJZI,X,X
STOLZIJ,X,X
STOLZJI,X,X
STOJILZ,X,X
STOJIZL,X,X
STOJLIZ,X,X
STOJLZI,X,X
STOJZIL,X,X
STOJZLI,X,X
STOZILJ,X,X
STOZIJL,X,X
STOZLIJ,X,X
STOZLJI,X,X
STOZJIL,X,X
STOZJLI,X,X
SITLJZO,X,X
SITLJOZ,X,X
SITLZJO,X,X
SITLZOJ,X,X
SITLOJZ,X,X
SITLOZJ,X,X
SITJLZO,X,X
SITJLOZ,X,X
SITJZLO,X,X
SITJZOL,X,X
SITJOLZ,X,X
SITJOZL,X,X
SITZLJO,X,X
SITZLOJ,X,X
SITZJLO,X,X
SITZJOL,X,X
SITZOLJ,X,X
SITZOJL,X,X
SITOLJZ,X,X
SITOLZJ,X,X
SITOJLZ,X,X
SITOJZL,X,X
SITOZLJ,X,X
SITOZJL,X,X
SILTJZO,X,X
SILTJOZ,X,X
SILTZJO,X,X
SILTZOJ,X,X
SILTOJZ,X,X
SILTOZJ,X,X
SILJTZO,X,X
SILJTOZ,X,X
SILJZTO,X,X
SILJZOT,X,X
SILJOTZ,X,X
SILJOZT,X,X
SILZTJO,X,X
SILZTOJ,X,X
SILZJTO,X,X
SILZJOT,X,X
SILZOTJ,X,X
SILZOJT,X,X
SILOTJZ,X,X
SILOTZJ,X,X
SILOJTZ,X,X
SILOJZT,X,X
SILOZTJ,X,X
SILOZJT,X,X
SIJTLZO,X,X
SIJTLOZ,X,X
SIJTZLO,X,X
SIJTZOL,X,X
SIJTOLZ,X,X
SIJTOZL,X,X
SIJLTZO,X,X
SIJLTOZ,X,X
SIJLZTO,X,X
SIJLZOT,X,X
SIJLOTZ,X,X
SIJLOZT,X,X
SIJZTLO,X,X
SIJZTOL,X,X
SIJZLTO,X,X
SIJZLOT,X,X
SIJZOTL,X,X
SIJZOLT,X,X
SIJOTLZ,X,X
SIJOTZL,X,X
SIJOLTZ,X,X
SIJOLZT,X,X
SIJOZTL,X,X
SIJOZLT,X,X
SIZTLJO,X,X
SIZTLOJ,X,X
SIZTJLO,X,X
SIZTJOL,X,X
SIZTOLJ,X,X
SIZTOJL,X,X
SIZLTJO,X,X
SIZLTOJ,X,X
SIZLJTO,X,X
SIZLJOT,X,X
SIZLOTJ,X,X
SIZLOJT,X,X
SIZJTLO,X,X
SIZJTOL,X,X
SIZJLTO,X,X
SIZJLOT,X,X
SIZJOTL,X,X
SIZJOLT,X,X
SIZOTLJ,X,X
SIZOTJL,X,X
SIZOLTJ,X,X
SIZOLJT,X,X
SIZOJTL,X,X
SIZOJLT,X,X
SIOTLJZ,X,X
SIOTLZJ,X,X
SIOTJLZ,X,X
SIOTJZL,X,X
SIOTZLJ,X,X
SIOTZJL,X,X
SIOLTJZ,X,X
SIOLTZJ,X,X
SIOLJTZ,X,X
SIOLJZT,X,X
SIOLZTJ,X,X
SIOLZJT,X,X
SIOJTLZ,X,X
SIOJTZL,X,X
SIOJLTZ,X,X
SIOJLZT,X,X
SIOJZTL,X,X
SIOJZLT,X,X
SIOZTLJ,X,X
SIOZTJL,X,X
SIOZLTJ,X,X
SIOZLJT,X,X
SIOZJTL,X,X
SIOZJLT,X,X
SLTIJZO,X,X
SLTIJOZ,X,X
SLTIZJO,X,X
SLTIZOJ,X,X
SLTIOJZ,X,X
SLTIOZJ,X,X
SLTJIZO,X,X
SLTJIOZ,X,X
SLTJZIO,X,X
SLTJZOI,X,X
SLTJOIZ,X,X
SLTJOZI,X,X
SLTZIJO,X,X
SLTZIOJ,X,X
SLTZJIO,X,X
SLTZJOI,X,X
SLTZOIJ,X,X
SLTZOJI,X,X
SLTOIJZ,X,X
SLTOIZJ,X,X
SLTOJIZ,X,X
SLTOJZI,X,X
SLTOZIJ,X,X
SLTOZJI,X,X
SLITJZO,X,X
SLITJOZ,X,X
SLITZJO,X,X
SLITZOJ,X,X
SLITOJZ,X,X
SLITOZJ,X,X
SLIJTZO,X,X
SLIJTOZ,X,X
SLIJZTO,X,X
SLIJZOT,X,X
SLIJOTZ,X,X
SLIJOZT,X,X
SLIZTJO,X,X
SLIZTOJ,X,X
SLIZJTO,X,X
SLIZJOT,X,X
SLIZOTJ,X,X
SLIZOJT,X,X
SLIOTJZ,X,X
SLIOTZJ,X,X
SLIOJTZ,X,X
SLIOJZT,X,X
SLIOZTJ,X,X
SLIOZJT,X,X
SLJTIZO,X,X
SLJTIOZ,X,X
SLJTZIO,X,X
SLJTZOI,X,X
SLJTOIZ,X,X
SLJTOZI,X,X
SLJITZO,X,X
SLJITOZ,X,X
SLJIZTO,X,X
SLJIZOT,X,X
SLJIOTZ,X,X
SLJIOZT,X,X
SLJZTIO,X,X
SLJZTOI,X,X
SLJZITO,X,X
SLJZIOT,X,X
SLJZOTI,X,X
SLJZOIT,X,X
SLJOTIZ,X,X
SLJOTZI,X,X
SLJOITZ,X,X
SLJOIZT,X,X
SLJOZTI,X,X
SLJOZIT,X,X
SLZTIJO,X,X
SLZTIOJ,X,X
SLZTJIO,X,X
SLZTJOI,X,X
SLZTOIJ,X,X
SLZTOJI,X,X
SLZITJO,X,X
SLZITOJ,X,X
SLZIJTO,X,X
SLZIJOT,X,X
SLZIOTJ,X,X
SLZIOJT,X,X
SLZJTIO,X,X
SLZJTOI,X,X
SLZJITO,X,X
SLZJIOT,X,X
SLZJOTI,X,X
SLZJOIT,X,X
SLZOTIJ,X,X
SLZOTJI,X,X
SLZOITJ,X,X
SLZOIJT,X,X
SLZOJTI,X,X
SLZOJIT,X,X
SLOTIJZ,X,X
SLOTIZJ,X,X
SLOTJIZ,X,X
SLOTJZI,X,X
SLOTZIJ,X,X
SLOTZJI,X,X
SLOITJZ,X,X
SLOITZJ,X,X
SLOIJTZ,X,X
SLOIJZT,X,X
SLOIZTJ,X,X
SLOIZJT,X,X
SLOJTIZ,X,X
SLOJTZI,X,X
SLOJITZ,X,X
SLOJIZT,X,X
SLOJZTI,X,X
SLOJZIT,X,X
SLOZTIJ,X,X
SLOZTJI,X,X
SLOZITJ,X,X
SLOZIJT,X,X
SLOZJTI,X,X
SLOZJIT,X,X
SJTILZO,X,X
SJTILOZ,X,X
SJTIZLO,X,X
SJTIZOL,X,X
SJTIOLZ,X,X
SJTIOZL,X,X
SJTLIZO,X,X
SJTLIOZ,X,X
SJTLZIO,X,X
SJTLZOI,X,X
SJTLOIZ,X,X
SJTLOZI,X,X
SJTZILO,X,X
SJTZIOL,X,X
SJTZLIO,X,X
SJTZLOI,X,X
SJTZOIL,X,X
SJTZOLI,X,X
SJTOILZ,X,X
SJTOIZL,X,X
SJTOLIZ,X,X
SJTOLZI,X,X
SJTOZIL,X,X
SJTOZLI,X,X
SJITLZO,X,X
SJITLOZ,X,X
SJITZLO,X,X
SJITZOL,X,X
SJITOLZ,X,X
SJITOZL,X,X
SJILTZO,X,X
SJILTOZ,X,X
SJILZTO,X,X
SJILZOT,X,X
SJILOTZ,X,X
SJILOZT,X,X
SJIZTLO,X,X
SJIZTOL,X,X
SJIZLTO,X,X
SJIZLOT,X,X
SJIZOTL,X,X
SJIZOLT,X,X
SJIOTLZ,X,X
SJIOTZL,X,X
SJIOLTZ,X,X
SJIOLZT,X,X
SJIOZTL,X,X
SJIOZLT,X,X
SJLTIZO,X,X
SJLTIOZ,X,X
SJLTZIO,X,X
SJLTZOI,X,X
SJLTOIZ,X,X
SJLTOZI,X,X
SJLITZO,X,X
SJLITOZ,X,X
SJLIZTO,X,X
SJLIZOT,X,X
SJLIOTZ,X,X
SJLIOZT,X,X
SJLZTIO,X,X
SJLZTOI,X,X
SJLZITO,X,X
SJLZIOT,X,X
SJLZOTI,X,X
SJLZOIT,X,X
SJLOTIZ,X,X
SJLOTZI,X,X
SJLOITZ,X,X
SJLOIZT,X,X
SJLOZTI,X,X
SJLOZIT,X,X
SJZTILO,X,X
SJZTIOL,X,X
SJZTLIO,X,X
SJZTLOI,X,X
SJZTOIL,X,X
SJZTOLI,X,X
SJZITLO,X,X
SJZITOL,X,X
SJZILTO,X,X
SJZILOT,X,X
SJZIOTL,X,X
SJZIOLT,X,X
SJZLTIO,X,X
SJZLTOI,X,X
SJZLITO,X,X
SJZLIOT,X,X
SJZLOTI,X,X
SJZLOIT,X,X
SJZOTIL,X,X
SJZOTLI,X,X
SJZOITL,X,X
SJZOILT,X,X
SJZOLTI,X,X
SJZOLIT,X,X
SJOTILZ,X,X
SJOTIZL,X,X
SJOTLIZ,X,X
SJOTLZI,X,X
SJOTZIL,X,X
SJOTZLI,X,X
SJOITLZ,X,X
SJOITZL,X,X
SJOILTZ,X,X
SJOILZT,X,X
SJOIZTL,X,X
SJOIZLT,X,X
SJOLTIZ,X,X
SJOLTZI,X,X
SJOLITZ,X,X
SJOLIZT,X,X
SJOLZTI,X,X
SJOLZIT,X,X
SJOZTIL,X,X
SJOZTLI,X,X
SJOZITL,X,X
SJOZILT,X,X
SJOZLTI,X,X
SJOZLIT,X,X
SZTILJO,X,X
SZTILOJ,X,X
SZTIJLO,X,X
SZTIJOL,X,X
SZTIOLJ,X,X
SZTIOJL,X,X
SZTLIJO,X,X
SZTLIOJ,X,X
SZTLJIO,X,X
SZTLJOI,X,X
SZTLOIJ,X,X
SZTLOJI,X,X
SZTJILO,X,X
SZTJIOL,X,X
SZTJLIO,X,X
SZTJLOI,X,X
SZTJOIL,X,X
SZTJOLI,X,X
SZTOILJ,X,X
SZTOIJL,X,X
SZTOLIJ,X,X
SZTOLJI,X,X
SZTOJIL,X,X
SZTOJLI,X,X
SZITLJO,X,X
SZITLOJ,X,X
SZITJLO,X,X
SZITJOL,X,X
SZITOLJ,X,X
SZITOJL,X,X
SZILTJO,X,X
SZILTOJ,X,X
SZILJTO,X,X
SZILJOT,X,X
SZILOTJ,X,X
SZILOJT,X,X
SZIJTLO,X,X
SZIJTOL,X,X
SZIJLTO,X,X
SZIJLOT,X,X
SZIJOTL,X,X
SZIJOLT,X,X
SZIOTLJ,X,X
SZIOTJL,X,X
SZIOLTJ,X,X
SZIOLJT,X,X
SZIOJTL,X,X
SZIOJLT,X,X
SZLTIJO,X,X
SZLTIOJ,X,X
SZLTJIO,X,X
SZLTJOI,X,X
SZLTOIJ,X,X
SZLTOJI,X,X
SZLITJO,X,X
SZLITOJ,X,X
SZLIJTO,X,X
SZLIJOT,X,X
SZLIOTJ,X,X
SZLIOJT,X,X
SZLJTIO,X,X
SZLJTOI,X,X
SZLJITO,X,X
SZLJIOT,X,X
SZLJOTI,X,X
SZLJOIT,X,X
SZLOTIJ,X,X
SZLOTJI,X,X
SZLOITJ,X,X
SZLOIJT,X,X
SZLOJTI,X,X
SZLOJIT,X,X
SZJTILO,X,X
SZJTIOL,X,X
SZJTLIO,X,X
SZJTLOI,X,X
SZJTOIL,X,X
SZJTOLI,X,X
SZJITLO,X,X
SZJITOL,X,X
SZJILTO,X,X
SZJILOT,X,X
SZJIOTL,X,X
SZJIOLT,X,X
SZJLTIO,X,X
SZJLTOI,X,X
SZJLITO,X,X
SZJLIOT,X,X
SZJLOTI,X,X
SZJLOIT,X,X
SZJOTIL,X,X
SZJOTLI,X,X
SZJOITL,X,X
SZJOILT,X,X
SZJOLTI,X,X
SZJOLIT,X,X
SZOTILJ,X,X
SZOTIJL,X,X
SZOTLIJ,X,X
SZOTLJI,X,X
SZOTJIL,X,X
SZOTJLI,X,X
SZOITLJ,X,X
SZOITJL,X,X
SZOILTJ,X,X
SZOILJT,X,X
SZOIJTL,X,X
SZOIJLT,X,X
SZOLTIJ,X,X
SZOLTJI,X,X
SZOLITJ,X,X
SZOLIJT,X,X
SZOLJTI,X,X
SZOLJIT,X,X
SZOJTIL,X,X
SZOJTLI,X,X
SZOJITL,X,X
SZOJILT,X,X
SZOJLTI,X,X
SZOJLIT,X,X
SOTILJZ,X,X
SOTILZJ,X,X
SOTIJLZ,X,X
SOTIJZL,X,X
SOTIZLJ,X,X
SOTIZJL,X,X
SOTLIJZ,X,X
SOTLIZJ,X,X
SOTLJIZ,X,X
SOTLJZI,X,X
SOTLZIJ,X,X
SOTLZJI,X,X
SOTJILZ,X,X
SOTJIZL,X,X
SOTJLIZ,X,X
SOTJLZI,X,X
SOTJZIL,X,X
SOTJZLI,X,X
SOTZILJ,X,X
SOTZIJL,X,X
SOTZLIJ,X,X
SOTZLJI,X,X
SOTZJIL,X,X
SOTZJLI,X,X
SOITLJZ,X,X
SOITLZJ,X,X
SOITJLZ,X,X
SOITJZL,X,X
SOITZLJ,X,X
SOITZJL,X,X
SOILTJZ,X,X
SOILTZJ,X,X
SOILJTZ,X,X
SOILJZT,X,X
SOILZTJ,X,X
SOILZJT,X,X
SOIJTLZ,X,X
SOIJTZL,X,X
SOIJLTZ,X,X
SOIJLZT,X,X
SOIJZTL,X,X
SOIJZLT,X,X
SOIZTLJ,X,X
SOIZTJL,X,X
SOIZLTJ,X,X
SOIZLJT,X,X
SOIZJTL,X,X
SOIZJLT,X,X
SOLTIJZ,X,X
SOLTIZJ,X,X
SOLTJIZ,X,X
SOLTJZI,X,X
SOLTZIJ,X,X
SOLTZJI,X,X
SOLITJZ,X,X
SOLITZJ,X,X
SOLIJTZ,X,X
SOLIJZT,X,X
SOLIZTJ,X,X
SOLIZJT,X,X
SOLJTIZ,X,X
SOLJTZI,X,X
SOLJITZ,X,X
SOLJIZT,X,X
SOLJZTI,X,X
SOLJZIT,X,X
SOLZTIJ,X,X
SOLZTJI,X,X
SOLZITJ,X,X
SOLZIJT,X,X
SOLZJTI,X,X
SOLZJIT,X,X
SOJTILZ,X,X
SOJTIZL,X,X
SOJTLIZ,X,X
SOJTLZI,X,X
SOJTZIL,X,X
SOJTZLI,X,X
SOJITLZ,X,X
SOJITZL,X,X
SOJILTZ,X,X
SOJILZT,X,X
SOJIZTL,X,X
SOJIZLT,X,X
SOJLTIZ,X,X
SOJLTZI,X,X
SOJLITZ,X,X
SOJLIZT,X,X
SOJLZTI,X,X
SOJLZIT,X,X
SOJZTIL,X,X
SOJZTLI,X,X
SOJZITL,X,X
SOJZILT,X,X
SOJZLTI,X,X
SOJZLIT,X,X
SOZTILJ,X,X
SOZTIJL,X,X
SOZTLIJ,X,X
SOZTLJI,X,X
SOZTJIL,X,X
SOZTJLI,X,X
SOZITLJ,X,X
SOZITJL,X,X
SOZILTJ,X,X
SOZILJT,X,X
SOZIJTL,X,X
SOZIJLT,X,X
SOZLTIJ,X,X
SOZLTJI,X,X
SOZLITJ,X,X
SOZLIJT,X,X
SOZLJTI,X,X
SOZLJIT,X,X
SOZJTIL,X,X
SOZJTLI,X,X
SOZJITL,X,X
SOZJILT,X,X
SOZJLTI,X,X
SOZJLIT,X,X
ZTILJSO,O,X
ZTILJOS,X,X
ZTILSJO,O,X
ZTILSOJ,X,X
ZTILOJS,X,X
ZTILOSJ,X,X
ZTIJLSO,O,X
ZTIJLOS,X,X
ZTIJSLO,O,X
ZTIJSOL,X,X
ZTIJOLS,X,X
ZTIJOSL,X,X
ZTISLJO,O,X
ZTISLOJ,X,X
ZTISJLO,O,X
ZTISJOL,X,X
ZTISOLJ,X,X
ZTISOJL,X,X
ZTIOLJS,X,X
ZTIOLSJ,X,X
ZTIOJLS,X,X
ZTIOJSL,X,X
ZTIOSLJ,X,X
ZTIOSJL,X,X
ZTLIJSO,O,X
ZTLIJOS,X,X
ZTLISJO,O,X
ZTLISOJ,X,X
ZTLIOJS,X,X
ZTLIOSJ,X,X
ZTLJISO,O,X
ZTLJIOS,X,X
ZTLJSIO,O,X
ZTLJSOI,X,X
ZTLJOIS,X,X
ZTLJOSI,X,X
ZTLSIJO,O,X
ZTLSIOJ,X,X
ZTLSJIO,O,X
ZTLSJOI,X,X
ZTLSOIJ,X,X
ZTLSOJI,X,X
ZTLOIJS,X,X
ZTLOISJ,X,X
ZTLOJIS,X,X
ZTLOJSI,X,X
ZTLOSIJ,X,X
ZTLOSJI,X,X
ZTJILSO,O,X
ZTJILOS,X,X
ZTJISLO,O,X
ZTJISOL,X,X
ZTJIOLS,X,X
ZTJIOSL,X,X
ZTJLISO,O,X
ZTJLIOS,X,X
ZTJLSIO,O,X
ZTJLSOI,X,X
ZTJLOIS,X,X
ZTJLOSI,X,X
ZTJSILO,O,X
ZTJSIOL,X,X
ZTJSLIO,O,X
ZTJSLOI,X,X
ZTJSOIL,X,X
ZTJSOLI,X,X
ZTJOILS,X,X
ZTJOISL,X,X
ZTJOLIS,X,X
ZTJOLSI,X,X
ZTJOSIL,X,X
ZTJOSLI,X,X
ZTSILJO,O,X
ZTSILOJ,X,X
ZTSIJLO,O,X
ZTSIJOL,X,X
ZTSIOLJ,X,X
ZTSIOJL,X,X
ZTSLIJO,O,X
ZTSLIOJ,X,X
ZTSLJIO,O,X
ZTSLJOI,X,X
ZTSLOIJ,X,X
ZTSLOJI,X,X
ZTSJILO,O,X
ZTSJIOL,X,X
ZTSJLIO,O,X
ZTSJLOI,X,X
ZTSJOIL,X,X
ZTSJOLI,X,X
ZTSOILJ,X,X
ZTSOIJL,X,X
ZTSOLIJ,X,X
ZTSOLJI,X,X
ZTSOJIL,X,X
ZTSOJLI,X,X
ZTOILJS,X,X
ZTOILSJ,X,X
ZTOIJLS,X,X
ZTOIJSL,X,X
ZTOISLJ,X,X
ZTOISJL,X,X
ZTOLIJS,X,X
ZTOLISJ,X,X
ZTOLJIS,X,X
ZTOLJSI,X,X
ZTOLSIJ,X,X
ZTOLSJI,X,X
ZTOJILS,X,X
ZTOJISL,X,X
ZTOJLIS,X,X
ZTOJLSI,X,X
ZTOJSIL,X,X
ZTOJSLI,X,X
ZTOSILJ,X,X
ZTOSIJL,X,X
ZTOSLIJ,X,X
ZTOSLJI,X,X
ZTOSJIL,X,X
ZTOSJLI,X,X
ZITLJSO,O,X
ZITLJOS,X,X
ZITLSJO,O,X
ZITLSOJ,X,X
ZITLOJS,X,X
ZITLOSJ,X,X
ZITJLSO,O,X
ZITJLOS,X,X
ZITJSLO,O,X
ZITJSOL,X,X
ZITJOLS,X,X
ZITJOSL,X,X
ZITSLJO,O,X
ZITSLOJ,X,X
ZITSJLO,O,X
ZITSJOL,X,X
ZITSOLJ,X,X
ZITSOJL,X,X
ZITOLJS,X,X
ZITOLSJ,X,X
ZITOJLS,X,X
ZITOJSL,X,X
ZITOSLJ,X,X
ZITOSJL,X,X
ZILTJSO,X,O
ZILTJOS,X,X
ZILTSJO,X,O
ZILTSOJ,X,X
ZILTOJS,X,X
ZILTOSJ,X,X
ZILJTSO,X,O
ZILJTOS,X,X
ZILJSTO,X,O
ZILJSOT,X,X
ZILJOTS,X,X
ZILJOST,X,X
ZILSTJO,X,O
ZILSTOJ,X,X
ZILSJTO,X,O
ZILSJOT,X,X
ZILSOTJ,X,X
ZILSOJT,X,X
ZILOTJS,X,X
ZILOTSJ,X,X
ZILOJTS,X,X
ZILOJST,X,X
ZILOSTJ,X,X
ZILOSJT,X,X
ZIJTLSO,O,X
ZIJTLOS,X,X
ZIJTSLO,O,X
ZIJTSOL,X,X
ZIJTOLS,X,X
ZIJTOSL,X,X
ZIJLTSO,X,O
ZIJLTOS,X,X
ZIJLSTO,X,O
ZIJLSOT,X,X
ZIJLOTS,X,X
ZIJLOST,X,X
ZIJSTLO,O,X
ZIJSTOL,X,X
ZIJSLTO,X,O
ZIJSLOT,X,X
ZIJSOTL,X,X
ZIJSOLT,X,X
ZIJOTLS,X,X
ZIJOTSL,X,X
ZIJOLTS,X,X
ZIJOLST,X,X
ZIJOSTL,X,X
ZIJOSLT,X,X
ZISTLJO,O,X
ZISTLOJ,X,X
ZISTJLO,O,X
ZISTJOL,X,X
ZISTOLJ,X,X
ZISTOJL,X,X
ZISLTJO,X,O
ZISLTOJ,X,X
ZISLJTO,X,O
ZISLJOT,X,X
ZISLOTJ,X,X
ZISLOJT,X,X
ZISJTLO,O,X
ZISJTOL,X,X
ZISJLTO,X,O
ZISJLOT,X,X
ZISJOTL,X,X
ZISJOLT,X,X
ZISOTLJ,X,X
ZISOTJL,X,X
ZISOLTJ,X,X
ZISOLJT,X,X
ZISOJTL,X,X
ZISOJLT,X,X
ZIOTLJS,X,X
ZIOTLSJ,X,X
ZIOTJLS,X,X
ZIOTJSL,X,X
ZIOTSLJ,X,X
ZIOTSJL,X,X
ZIOLTJS,X,X
ZIOLTSJ,X,X
ZIOLJTS,X,X
ZIOLJST,X,X
ZIOLSTJ,X,X
ZIOLSJT,X,X
ZIOJTLS,X,X
ZIOJTSL,X,X
ZIOJLTS,X,X
ZIOJLST,X,X
ZIOJSTL,X,X
ZIOJSLT,X,X
ZIOSTLJ,X,X
ZIOSTJL,X,X
ZIOSLTJ,X,X
ZIOSLJT,X,X
ZIOSJTL,X,X
ZIOSJLT,X,X
ZLTIJSO,X,O
ZLTIJOS,X,X
ZLTISJO,X,O
ZLTISOJ,X,X
ZLTIOJS,X,X
ZLTIOSJ,X,X
ZLTJISO,X,O
ZLTJIOS,X,X
ZLTJSIO,X,O
ZLTJSOI,X,X
ZLTJOIS,X,X
ZLTJOSI,X,X
ZLTSIJO,X,O
ZLTSIOJ,X,X
ZLTSJIO,X,O
ZLTSJOI,X,X
ZLTSOIJ,X,X
ZLTSOJI,X,X
ZLTOIJS,X,X
ZLTOISJ,X,X
ZLTOJIS,X,X
ZLTOJSI,X,X
ZLTOSIJ,X,X
ZLTOSJI,X,X
ZLITJSO,X,O
ZLITJOS,X,X
ZLITSJO,X,O
ZLITSOJ,X,X
ZLITOJS,X,X
ZLITOSJ,X,X
ZLIJTSO,X,O
ZLIJTOS,X,X
ZLIJSTO,X,O
ZLIJSOT,X,X
ZLIJOTS,X,X
ZLIJOST,X,X
ZLISTJO,X,O
ZLISTOJ,X,X
ZLISJTO,X,O
ZLISJOT,X,X
ZLISOTJ,X,X
ZLISOJT,X,X
ZLIOTJS,X,X
ZLIOTSJ,X,X
ZLIOJTS,X,X
ZLIOJST,X,X
ZLIOSTJ,X,X
ZLIOSJT,X,X
ZLJTISO,X,O
ZLJTIOS,X,X
ZLJTSIO,X,O
ZLJTSOI,X,X
ZLJTOIS,X,X
ZLJTOSI,X,X
ZLJITSO,X,O
ZLJITOS,X,X
ZLJISTO,X,O
ZLJISOT,X,X
ZLJIOTS,X,X
ZLJIOST,X,X
ZLJSTIO,X,O
ZLJSTOI,X,X
ZLJSITO,X,O
ZLJSIOT,X,X
ZLJSOTI,X,X
ZLJSOIT,X,X
ZLJOTIS,X,X
ZLJOTSI,X,X
ZLJOITS,X,X
ZLJOIST,X,X
ZLJOSTI,X,X
ZLJOSIT,X,X
ZLSTIJO,X,O
ZLSTIOJ,X,X
ZLSTJIO,X,O
ZLSTJOI,X,X
ZLSTOIJ,X,X
ZLSTOJI,X,X
ZLSITJO,X,O
ZLSITOJ,X,X
ZLSIJTO,X,O
ZLSIJOT,X,X
ZLSIOTJ,X,X
ZLSIOJT,X,X
ZLSJTIO,X,O
ZLSJTOI,X,X
ZLSJITO,X,O
ZLSJIOT,X,X
ZLSJOTI,X,X
ZLSJOIT,X,X
ZLSOTIJ,X,X
ZLSOTJI,X,X
ZLSOITJ,X,X
ZLSOIJT,X,X
ZLSOJTI,X,X
ZLSOJIT,X,X
ZLOTIJS,X,X
ZLOTISJ,X,X
ZLOTJIS,X,X
ZLOTJSI,X,X
ZLOTSIJ,X,X
ZLOTSJI,X,X
ZLOITJS,X,X
ZLOITSJ,X,X
ZLOIJTS,X,X
ZLOIJST,X,X
ZLOISTJ,X,X
ZLOISJT,X,X
ZLOJTIS,X,X
ZLOJTSI,X,X
ZLOJITS,X,X
ZLOJIST,X,X
ZLOJSTI,X,X
ZLOJSIT,X,X
ZLOSTIJ,X,X
ZLOSTJI,X,X
ZLOSITJ,X,X
ZLOSIJT,X,X
ZLOSJTI,X,X
ZLOSJIT,X,X
ZJTILSO,O,X
ZJTILOS,X,X
ZJTISLO,O,X
ZJTISOL,X,X
ZJTIOLS,X,X
ZJTIOSL,X,X
ZJTLISO,O,X
ZJTLIOS,X,X
ZJTLSIO,O,X
ZJTLSOI,X,X
ZJTLOIS,X,X
ZJTLOSI,X,X
ZJTSILO,O,X
ZJTSIOL,X,X
ZJTSLIO,O,X
ZJTSLOI,X,X
ZJTSOIL,X,X
ZJTSOLI,X,X
ZJTOILS,X,X
ZJTOISL,X,X
ZJTOLIS,X,X
ZJTOLSI,X,X
ZJTOSIL,X,X
ZJTOSLI,X,X
ZJITLSO,O,X
ZJITLOS,X,X
ZJITSLO,O,X
ZJITSOL,X,X
ZJITOLS,X,X
ZJITOSL,X,X
ZJILTSO,X,O
ZJILTOS,X,X
ZJILSTO,X,O
ZJILSOT,X,X
ZJILOTS,X,X
ZJILOST,X,X
ZJISTLO,O,X
ZJISTOL,X,X
ZJISLTO,X,O
ZJISLOT,X,X
ZJISOTL,X,X
ZJISOLT,X,X
ZJIOTLS,X,X
ZJIOTSL,X,X
ZJIOLTS,X,X
ZJIOLST,X,X
ZJIOSTL,X,X
ZJIOSLT,X,X
ZJLTISO,X,O
ZJLTIOS,X,X
ZJLTSIO,X,O
ZJLTSOI,X,X
ZJLTOIS,X,X
ZJLTOSI,X,X
ZJLITSO,X,O
ZJLITOS,X,X
ZJLISTO,X,O
ZJLISOT,X,X
ZJLIOTS,X,X
ZJLIOST,X,X
ZJLSTIO,X,O
ZJLSTOI,X,X
ZJLSITO,X,O
ZJLSIOT,X,X
ZJLSOTI,X,X
ZJLSOIT,X,X
ZJLOTIS,X,X
ZJLOTSI,X,X
ZJLOITS,X,X
ZJLOIST,X,X
ZJLOSTI,X,X
ZJLOSIT,X,X
ZJSTILO,O,X
ZJSTIOL,X,X
ZJSTLIO,O,X
ZJSTLOI,X,X
ZJSTOIL,X,X
ZJSTOLI,X,X
ZJSITLO,O,X
ZJSITOL,X,X
ZJSILTO,X,O
ZJSILOT,X,X
ZJSIOTL,X,X
ZJSIOLT,X,X
ZJSLTIO,X,O
ZJSLTOI,X,X
ZJSLITO,X,O
ZJSLIOT,X,X
ZJSLOTI,X,X
ZJSLOIT,X,X
ZJSOTIL,X,X
ZJSOTLI,X,X
ZJSOITL,X,X
ZJSOILT,X,X
ZJSOLTI,X,X
ZJSOLIT,X,X
ZJOTILS,X,X
ZJOTISL,X,X
ZJOTLIS,X,X
ZJOTLSI,X,X
ZJOTSIL,X,X
ZJOTSLI,X,X
ZJOITLS,X,X
ZJOITSL,X,X
ZJOILTS,X,X
ZJOILST,X,X
ZJOISTL,X,X
ZJOISLT,X,X
ZJOLTIS,X,X
ZJOLTSI,X,X
ZJOLITS,X,X
ZJOLIST,X,X
ZJOLSTI,X,X
ZJOLSIT,X,X
ZJOSTIL,X,X
ZJOSTLI,X,X
ZJOSITL,X,X
ZJOSILT,X,X
ZJOSLTI,X,X
ZJOSLIT,X,X
ZSTILJO,O,X
ZSTILOJ,X,X
ZSTIJLO,O,X
ZSTIJOL,X,X
ZSTIOLJ,X,X
ZSTIOJL,X,X
ZSTLIJO,O,X
ZSTLIOJ,X,X
ZSTLJIO,O,X
ZSTLJOI,X,X
ZSTLOIJ,X,X
ZSTLOJI,X,X
ZSTJILO,O,X
ZSTJIOL,X,X
ZSTJLIO,O,X
ZSTJLOI,X,X
ZSTJOIL,X,X
ZSTJOLI,X,X
ZSTOILJ,X,X
ZSTOIJL,X,X
ZSTOLIJ,X,X
ZSTOLJI,X,X
ZSTOJIL,X,X
ZSTOJLI,X,X
ZSITLJO,O,X
ZSITLOJ,X,X
ZSITJLO,O,X
ZSITJOL,X,X
ZSITOLJ,X,X
ZSITOJL,X,X
ZSILTJO,X,O
ZSILTOJ,X,X
ZSILJTO,X,O
ZSILJOT,X,X
ZSILOTJ,X,X
ZSILOJT,X,X
ZSIJTLO,O,X
ZSIJTOL,X,X
ZSIJLTO,X,O
ZSIJLOT,X,X
ZSIJOTL,X,X
ZSIJOLT,X,X
ZSIOTLJ,X,X
ZSIOTJL,X,X
ZSIOLTJ,X,X
ZSIOLJT,X,X
ZSIOJTL,X,X
ZSIOJLT,X,X
ZSLTIJO,X,O
ZSLTIOJ,X,X
ZSLTJIO,X,O
ZSLTJOI,X,X
ZSLTOIJ,X,X
ZSLTOJI,X,X
ZSLITJO,X,O
ZSLITOJ,X,X
ZSLIJTO,X,O
ZSLIJOT,X,X
ZSLIOTJ,X,X
ZSLIOJT,X,X
ZSLJTIO,X,O
ZSLJTOI,X,X
ZSLJITO,X,O
ZSLJIOT,X,X
ZSLJOTI,X,X
ZSLJOIT,X,X
ZSLOTIJ,X,X
ZSLOTJI,X,X
ZSLOITJ,X,X
ZSLOIJT,X,X
ZSLOJTI,X,X
ZSLOJIT,X,X
ZSJTILO,O,X
ZSJTIOL,X,X
ZSJTLIO,O,X
ZSJTLOI,X,X
ZSJTOIL,X,X
ZSJTOLI,X,X
ZSJITLO,O,X
ZSJITOL,X,X
ZSJILTO,X,O
ZSJILOT,X,X
ZSJIOTL,X,X
ZSJIOLT,X,X
ZSJLTIO,X,O
ZSJLTOI,X,X
ZSJLITO,X,O
ZSJLIOT,X,X
ZSJLOTI,X,X
ZSJLOIT,X,X
ZSJOTIL,X,X
ZSJOTLI,X,X
ZSJOITL,X,X
ZSJOILT,X,X
ZSJOLTI,X,X
ZSJOLIT,X,X
ZSOTILJ,X,X
ZSOTIJL,X,X
ZSOTLIJ,X,X
ZSOTLJI,X,X
ZSOTJIL,X,X
ZSOTJLI,X,X
ZSOITLJ,X,X
ZSOITJL,X,X
ZSOILTJ,X,X
ZSOILJT,X,X
ZSOIJTL,X,X
ZSOIJLT,X,X
ZSOLTIJ,X,X
ZSOLTJI,X,X
ZSOLITJ,X,X
ZSOLIJT,X,X
ZSOLJTI,X,X
ZSOLJIT,X,X
ZSOJTIL,X,X
ZSOJTLI,X,X
ZSOJITL,X,X
ZSOJILT,X,X
ZSOJLTI,X,X
ZSOJLIT,X,X
ZOTILJS,X,X
ZOTILSJ,X,X
ZOTIJLS,X,X
ZOTIJSL,X,X
ZOTISLJ,X,X
ZOTISJL,X,X
ZOTLIJS,X,X
ZOTLISJ,X,X
ZOTLJIS,X,X
ZOTLJSI,X,X
ZOTLSIJ,X,X
ZOTLSJI,X,X
ZOTJILS,X,X
ZOTJISL,X,X
ZOTJLIS,X,X
ZOTJLSI,X,X
ZOTJSIL,X,X
ZOTJSLI,X,X
ZOTSILJ,X,X
ZOTSIJL,X,X
ZOTSLIJ,X,X
ZOTSLJI,X,X
ZOTSJIL,X,X
ZOTSJLI,X,X
ZOITLJS,X,X
ZOITLSJ,X,X
ZOITJLS,X,X
ZOITJSL,X,X
ZOITSLJ,X,X
ZOITSJL,X,X
ZOILTJS,X,X
ZOILTSJ,X,X
ZOILJTS,X,X
ZOILJST,X,X
ZOILSTJ,X,X
ZOILSJT,X,X
ZOIJTLS,X,X
ZOIJTSL,X,X
ZOIJLTS,X,X
ZOIJLST,X,X
ZOIJSTL,X,X
ZOIJSLT,X,X
ZOISTLJ,X,X
ZOISTJL,X,X
ZOISLTJ,X,X
ZOISLJT,X,X
ZOISJTL,X,X
ZOISJLT,X,X
ZOLTIJS,X,X
ZOLTISJ,X,X
ZOLTJIS,X,X
ZOLTJSI,X,X
ZOLTSIJ,X,X
ZOLTSJI,X,X
ZOLITJS,X,X
ZOLITSJ,X,X
ZOLIJTS,X,X
ZOLIJST,X,X
ZOLISTJ,X,X
ZOLISJT,X,X
ZOLJTIS,X,X
ZOLJTSI,X,X
ZOLJITS,X,X
ZOLJIST,X,X
ZOLJSTI,X,X
ZOLJSIT,X,X
ZOLSTIJ,X,X
ZOLSTJI,X,X
ZOLSITJ,X,X
ZOLSIJT,X,X
ZOLSJTI,X,X
ZOLSJIT,X,X
ZOJTILS,X,X
ZOJTISL,X,X
ZOJTLIS,X,X
ZOJTLSI,X,X
ZOJTSIL,X,X
ZOJTSLI,X,X
ZOJITLS,X,X
ZOJITSL,X,X
ZOJILTS,X,X
ZOJILST,X,X
ZOJISTL,X,X
ZOJISLT,X,X
ZOJLTIS,X,X
ZOJLTSI,X,X
ZOJLITS,X,X
ZOJLIST,X,X
ZOJLSTI,X,X
ZOJLSIT,X,X
ZOJSTIL,X,X
ZOJSTLI,X,X
ZOJSITL,X,X
ZOJSILT,X,X
ZOJSLTI,X,X
ZOJSLIT,X,X
ZOSTILJ,X,X
ZOSTIJL,X,X
ZOSTLIJ,X,X
ZOSTLJI,X,X
ZOSTJIL,X,X
ZOSTJLI,X,X
ZOSITLJ,X,X
ZOSITJL,X,X
ZOSILTJ,X,X
ZOSILJT,X,X
ZOSIJTL,X,X
ZOSIJLT,X,X
ZOSLTIJ,X,X
ZOSLTJI,X,X
ZOSLITJ,X,X
ZOSLIJT,X,X
ZOSLJTI,X,X
ZOSLJIT,X,X
ZOSJTIL,X,X
ZOSJTLI,X,X
ZOSJITL,X,X
ZOSJILT,X,X
ZOSJLTI,X,X
ZOSJLIT,X,X
OTILJSZ,X,X
OTILJZS,O,X
OTILSJZ,X,X
OTILSZJ,X,X
OTILZJS,O,X
OTILZSJ,O,X
OTIJLSZ,X,X
OTIJLZS,O,X
OTIJSLZ,X,X
OTIJSZL,X,X
OTIJZLS,O,X
OTIJZSL,O,X
OTISLJZ,X,X
OTISLZJ,X,X
OTISJLZ,X,X
OTISJZL,X,X
OTISZLJ,X,X
OTISZJL,X,X
OTIZLJS,O,X
OTIZLSJ,O,X
OTIZJLS,O,X
OTIZJSL,O,X
OTIZSLJ,O,X
OTIZSJL,O,X
OTLIJSZ,X,X
OTLIJZS,O,X
OTLISJZ,X,X
OTLISZJ,X,X
OTLIZJS,O,X
OTLIZSJ,O,X
OTLJISZ,X,X
OTLJIZS,O,X
OTLJSIZ,X,X
OTLJSZI,X,X
OTLJZIS,O,X
OTLJZSI,O,X
OTLSIJZ,X,X
OTLSIZJ,X,X
OTLSJIZ,X,X
OTLSJZI,X,X
OTLSZIJ,X,X
OTLSZJI,X,X
OTLZIJS,O,X
OTLZISJ,O,X
OTLZJIS,O,X
OTLZJSI,O,X
OTLZSIJ,O,X
OTLZSJI,O,X
OTJILSZ,X,X
OTJILZS,O,X
OTJISLZ,X,X
OTJISZL,X,X
OTJIZLS,O,X
OTJIZSL,O,X
OTJLISZ,X,X
OTJLIZS,O,X
OTJLSIZ,X,X
OTJLSZI,X,X
OTJLZIS,O,X
OTJLZSI,O,X
OTJSILZ,X,X
OTJSIZL,X,X
OTJSLIZ,X,X
OTJSLZI,X,X
OTJSZIL,X,X
OTJSZLI,X,X
OTJZILS,O,X
OTJZISL,O,X
OTJZLIS,O,X
OTJZLSI,O,X
OTJZSIL,O,X
OTJZSLI,O,X
OTSILJZ,X,X
OTSILZJ,X,X
OTSIJLZ,X,X
OTSIJZL,X,X
OTSIZLJ,X,X
OTSIZJL,X,X
OTSLIJZ,X,X
OTSLIZJ,X,X
OTSLJIZ,X,X
OTSLJZI,X,X
OTSLZIJ,X,X
OTSLZJI,X,X
OTSJILZ,X,X
OTSJIZL,X,X
OTSJLIZ,X,X
OTSJLZI,X,X
OTSJZIL,X,X
OTSJZLI,X,X
OTSZILJ,X,X
OTSZIJL,X,X
OTSZLIJ,X,X
OTSZLJI,X,X
OTSZJIL,X,X
OTSZJLI,X,X
OTZILJS,O,X
OTZILSJ,O,X
OTZIJLS,O,X
OTZIJSL,O,X
OTZISLJ,O,X
OTZISJL,O,X
OTZLIJS,O,X
OTZLISJ,O,X
OTZLJIS,O,X
OTZLJSI,O,X
OTZLSIJ,O,X
OTZLSJI,O,X
OTZJILS,O,X
OTZJISL,O,X
OTZJLIS,O,X
OTZJLSI,O,X
OTZJSIL,O,X
OTZJSLI,O,X
OTZSILJ,O,X
OTZSIJL,O,X
OTZSLIJ,O,X
OTZSLJI,O,X
OTZSJIL,O,X
OTZSJLI,O,X
OITLJSZ,X,X
OITLJZS,O,X
OITLSJZ,X,X
OITLSZJ,X,X
OITLZJS,O,X
OITLZSJ,O,X
OITJLSZ,X,X
OITJLZS,O,X
OITJSLZ,X,X
OITJSZL,X,X
OITJZLS,O,X
OITJZSL,O,X
OITSLJZ,X,X
OITSLZJ,X,X
OITSJLZ,X,X
OITSJZL,X,X
OITSZLJ,X,X
OITSZJL,X,X
OITZLJS,O,X
OITZLSJ,O,X
OITZJLS,O,X
OITZJSL,O,X
OITZSLJ,O,X
OITZSJL,O,X
OILTJSZ,X,X
OILTJZS,O,X
OILTSJZ,X,X
OILTSZJ,X,X
OILTZJS,O,X
OILTZSJ,O,X
OILJTSZ,X,X
OILJTZS,O,X
OILJSTZ,X,X
OILJSZT,X,X
OILJZTS,X,X
OILJZST,X,X
OILSTJZ,X,X
OILSTZJ,X,X
OILSJTZ,X,X
OILSJZT,X,X
OILSZTJ,X,X
OILSZJT,X,X
OILZTJS,X,X
OILZTSJ,X,X
OILZJTS,X,X
OILZJST,X,X
OILZSTJ,X,X
OILZSJT,X,X
OIJTLSZ,X,X
OIJTLZS,O,X
OIJTSLZ,X,X
OIJTSZL,X,X
OIJTZLS,O,X
OIJTZSL,O,X
OIJLTSZ,X,X
OIJLTZS,O,X
OIJLSTZ,X,X
OIJLSZT,X,X
OIJLZTS,X,X
OIJLZST,X,X
OIJSTLZ,X,X
OIJSTZL,X,X
OIJSLTZ,X,X
OIJSLZT,X,X
OIJSZTL,O,X
OIJSZLT,X,X
OIJZTLS,O,X
OIJZTSL,O,X
OIJZLTS,X,X
OIJZLST,X,X
OIJZSTL,O,X
OIJZSLT,X,X
OISTLJZ,X,X
OISTLZJ,X,X
OISTJLZ,X,X
OISTJZL,X,X
OISTZLJ,X,X
OISTZJL,X,X
OISLTJZ,X,X
OISLTZJ,X,X
OISLJTZ,X,X
OISLJZT,X,X
OISLZTJ,X,X
OISLZJT,X,X
OISJTLZ,X,X
OISJTZL,X,X
OISJLTZ,X,X
OISJLZT,X,X
OISJZTL,O,X
OISJZLT,X,X
OISZTLJ,O,X
OISZTJL,O,X
OISZLTJ,X,X
OISZLJT,X,X
OISZJTL,O,X
OISZJLT,X,X
OIZTLJS,O,X
OIZTLSJ,O,X
OIZTJLS,O,X
OIZTJSL,O,X
OIZTSLJ,O,X
OIZTSJL,O,X
OIZLTJS,X,X
OIZLTSJ,X,X
OIZLJTS,X,X
OIZLJST,X,X
OIZLSTJ,X,X
OIZLSJT,X,X
OIZJTLS,O,X
OIZJTSL,O,X
OIZJLTS,X,X
OIZJLST,X,X
OIZJSTL,O,X
OIZJSLT,X,X
OIZSTLJ,O,X
OIZSTJL,O,X
OIZSLTJ,X,X
OIZSLJT,X,X
OIZSJTL,O,X
OIZSJLT,X,X
OLTIJSZ,X,X
OLTIJZS,O,X
OLTISJZ,X,X
OLTISZJ,X,X
OLTIZJS,O,X
OLTIZSJ,O,X
OLTJISZ,X,X
OLTJIZS,O,X
OLTJSIZ,X,X
OLTJSZI,X,X
OLTJZIS,O,X
OLTJZSI,O,X
OLTSIJZ,X,X
OLTSIZJ,X,X
OLTSJIZ,X,X
OLTSJZI,X,X
OLTSZIJ,X,X
OLTSZJI,X,X
OLTZIJS,O,X
OLTZISJ,O,X
OLTZJIS,O,X
OLTZJSI,O,X
OLTZSIJ,O,X
OLTZSJI,O,X
OLITJSZ,X,X
OLITJZS,O,X
OLITSJZ,X,X
OLITSZJ,X,X
OLITZJS,O,X
OLITZSJ,O,X
OLIJTSZ,X,X
OLIJTZS,O,X
OLIJSTZ,X,X
OLIJSZT,X,X
OLIJZTS,X,X
OLIJZST,X,X
OLISTJZ,X,X
OLISTZJ,X,X
OLISJTZ,X,X
OLISJZT,X,X
OLISZTJ,X,X
OLISZJT,X,X
OLIZTJS,X,X
OLIZTSJ,X,X
OLIZJTS,X,X
OLIZJST,X,X
OLIZSTJ,X,X
OLIZSJT,X,X
OLJTISZ,X,X
OLJTIZS,O,X
OLJTSIZ,X,X
OLJTSZI,X,X
OLJTZIS,O,X
OLJTZSI,O,X
OLJITSZ,X,X
OLJITZS,O,X
OLJISTZ,X,X
OLJISZT,X,X
OLJIZTS,X,X
OLJIZST,X,X
OLJSTIZ,X,X
OLJSTZI,X,X
OLJSITZ,X,X
OLJSIZT,X,X
OLJSZTI,X,X
OLJSZIT,X,X
OLJZTIS,X,X
OLJZTSI,X,X
OLJZITS,X,X
OLJZIST,X,X
OLJZSTI,X,X
OLJZSIT,X,X
OLSTIJZ,X,X
OLSTIZJ,X,X
OLSTJIZ,X,X
OLSTJZI,X,X
OLSTZIJ,X,X
OLSTZJI,X,X
OLSITJZ,X,X
OLSITZJ,X,X
OLSIJTZ,X,X
OLSIJZT,X,X
OLSIZTJ,X,X
OLSIZJT,X,X
OLSJTIZ,X,X
OLSJTZI,X,X
OLSJITZ,X,X
OLSJIZT,X,X
OLSJZTI,X,X
OLSJZIT,X,X
OLSZTIJ,X,X
OLSZTJI,X,X
OLSZITJ,X,X
OLSZIJT,X,X
OLSZJTI,X,X
OLSZJIT,X,X
OLZTIJS,X,X
OLZTISJ,X,X
OLZTJIS,X,X
OLZTJSI,X,X
OLZTSIJ,X,X
OLZTSJI,X,X
OLZITJS,X,X
OLZITSJ,X,X
OLZIJTS,X,X
OLZIJST,X,X
OLZISTJ,X,X
OLZISJT,X,X
OLZJTIS,X,X
OLZJTSI,X,X
OLZJITS,X,X
OLZJIST,X,X
OLZJSTI,X,X
OLZJSIT,X,X
OLZSTIJ,X,X
OLZSTJI,X,X
OLZSITJ,X,X
OLZSIJT,X,X
OLZSJTI,X,X
OLZSJIT,X,X
OJTILSZ,X,X
OJTILZS,O,X
OJTISLZ,X,X
OJTISZL,X,X
OJTIZLS,O,X
OJTIZSL,O,X
OJTLISZ,X,X
OJTLIZS,O,X
OJTLSIZ,X,X
OJTLSZI,X,X
OJTLZIS,O,X
OJTLZSI,O,X
OJTSILZ,X,X
OJTSIZL,X,X
OJTSLIZ,X,X
OJTSLZI,X,X
OJTSZIL,X,X
OJTSZLI,X,X
OJTZILS,O,X
OJTZISL,O,X
OJTZLIS,O,X
OJTZLSI,O,X
OJTZSIL,O,X
OJTZSLI,O,X
OJITLSZ,X,X
OJITLZS,O,X
OJITSLZ,X,X
OJITSZL,X,X
OJITZLS,O,X
OJITZSL,O,X
OJILTSZ,X,X
OJILTZS,O,X
OJILSTZ,X,X
OJILSZT,X,X
OJILZTS,X,X
OJILZST,X,X
OJISTLZ,X,X
OJISTZL,X,X
OJISLTZ,X,X
OJISLZT,X,X
OJISZTL,O,X
OJISZLT,X,X
OJIZTLS,O,X
OJIZTSL,O,X
OJIZLTS,X,X
OJIZLST,X,X
OJIZSTL,O,X
OJIZSLT,X,X
OJLTISZ,X,X
OJLTIZS,O,X
OJLTSIZ,X,X
OJLTSZI,X,X
OJLTZIS,O,X
OJLTZSI,O,X
OJLITSZ,X,X
OJLITZS,O,X
OJLISTZ,X,X
OJLISZT,X,X
OJLIZTS,X,X
OJLIZST,X,X
OJLSTIZ,X,X
OJLSTZI,X,X
OJLSITZ,X,X
OJLSIZT,X,X
OJLSZTI,X,X
OJLSZIT,X,X
OJLZTIS,X,X
OJLZTSI,X,X
OJLZITS,X,X
OJLZIST,X,X
OJLZSTI,X,X
OJLZSIT,X,X
OJSTILZ,X,X
OJSTIZL,X,X
OJSTLIZ,X,X
OJSTLZI,X,X
OJSTZIL,X,X
OJSTZLI,X,X
OJSITLZ,X,X
OJSITZL,X,X
OJSILTZ,X,X
OJSILZT,X,X
OJSIZTL,O,X
OJSIZLT,X,X
OJSLTIZ,X,X
OJSLTZI,X,X
OJSLITZ,X,X
OJSLIZT,X,X
OJSLZTI,X,X
OJSLZIT,X,X
OJSZTIL,O,X
OJSZTLI,O,X
OJSZITL,O,X
OJSZILT,X,X
OJSZLTI,X,X
OJSZLIT,X,X
OJZTILS,O,X
OJZTISL,O,X
OJZTLIS,O,X
OJZTLSI,O,X
OJZTSIL,O,X
OJZTSLI,O,X
OJZITLS,O,X
OJZITSL,O,X
OJZILTS,X,X
OJZILST,X,X
OJZISTL,O,X
OJZISLT,X,X
OJZLTIS,X,X
OJZLTSI,X,X
OJZLITS,X,X
OJZLIST,X,X
OJZLSTI,X,X
OJZLSIT,X,X
OJZSTIL,O,X
OJZSTLI,O,X
OJZSITL,O,X
OJZSILT,X,X
OJZSLTI,X,X
OJZSLIT,X,X
OSTILJZ,X,X
OSTILZJ,X,X
OSTIJLZ,X,X
OSTIJZL,X,X
OSTIZLJ,X,X
OSTIZJL,X,X
OSTLIJZ,X,X
OSTLIZJ,X,X
OSTLJIZ,X,X
OSTLJZI,X,X
OSTLZIJ,X,X
OSTLZJI,X,X
OSTJILZ,X,X
OSTJIZL,X,X
OSTJLIZ,X,X
OSTJLZI,X,X
OSTJZIL,X,X
OSTJZLI,X,X
OSTZILJ,X,X
OSTZIJL,X,X
OSTZLIJ,X,X
OSTZLJI,X,X
OSTZJIL,X,X
OSTZJLI,X,X
OSITLJZ,X,X
OSITLZJ,X,X
OSITJLZ,X,X
OSITJZL,X,X
OSITZLJ,X,X
OSITZJL,X,X
OSILTJZ,X,X
OSILTZJ,X,X
OSILJTZ,X,X
OSILJZT,X,X
OSILZTJ,X,X
OSILZJT,X,X
OSIJTLZ,X,X
OSIJTZL,X,X
OSIJLTZ,X,X
OSIJLZT,X,X
OSIJZTL,O,X
OSIJZLT,X,X
OSIZTLJ,O,X
OSIZTJL,O,X
OSIZLTJ,X,X
OSIZLJT,X,X
OSIZJTL,O,X
OSIZJLT,X,X
OSLTIJZ,X,X
OSLTIZJ,X,X
OSLTJIZ,X,X
OSLTJZI,X,X
OSLTZIJ,X,X
OSLTZJI,X,X
OSLITJZ,X,X
OSLITZJ,X,X
OSLIJTZ,X,X
OSLIJZT,X,X
OSLIZTJ,X,X
OSLIZJT,X,X
OSLJTIZ,X,X
OSLJTZI,X,X
OSLJITZ,X,X
OSLJIZT,X,X
OSLJZTI,X,X
OSLJZIT,X,X
OSLZTIJ,X,X
OSLZTJI,X,X
OSLZITJ,X,X
OSLZIJT,X,X
OSLZJTI,X,X
OSLZJIT,X,X
OSJTILZ,X,X
OSJTIZL,X,X
OSJTLIZ,X,X
OSJTLZI,X,X
OSJTZIL,X,X
OSJTZLI,X,X
OSJITLZ,X,X
OSJITZL,X,X
OSJILTZ,X,X
OSJILZT,X,X
OSJIZTL,O,X
OSJIZLT,X,X
OSJLTIZ,X,X
OSJLTZI,X,X
OSJLITZ,X,X
OSJLIZT,X,X
OSJLZTI,X,X
OSJLZIT,X,X
OSJZTIL,O,X
OSJZTLI,O,X
OSJZITL,O,X
OSJZILT,X,X
OSJZLTI,X,X
OSJZLIT,X,X
OSZTILJ,O,X
OSZTIJL,O,X
OSZTLIJ,O,X
OSZTLJI,O,X
OSZTJIL,O,X
OSZTJLI,O,X
OSZITLJ,O,X
OSZITJL,O,X
OSZILTJ,X,X
OSZILJT,X,X
OSZIJTL,O,X
OSZIJLT,X,X
OSZLTIJ,X,X
OSZLTJI,X,X
OSZLITJ,X,X
OSZLIJT,X,X
OSZLJTI,X,X
OSZLJIT,X,X
OSZJTIL,O,X
OSZJTLI,O,X
OSZJITL,O,X
OSZJILT,X,X
OSZJLTI,X,X
OSZJLIT,X,X
OZTILJS,O,X
OZTILSJ,O,X
OZTIJLS,O,X
OZTIJSL,O,X
OZTISLJ,O,X
OZTISJL,O,X
OZTLIJS,O,X
OZTLISJ,O,X
OZTLJIS,O,X
OZTLJSI,O,X
OZTLSIJ,O,X
OZTLSJI,O,X
OZTJILS,O,X
OZTJISL,O,X
OZTJLIS,O,X
OZTJLSI,O,X
OZTJSIL,O,X
OZTJSLI,O,X
OZTSILJ,O,X
OZTSIJL,O,X
OZTSLIJ,O,X
OZTSLJI,O,X
OZTSJIL,O,X
OZTSJLI,O,X
OZITLJS,O,X
OZITLSJ,O,X
OZITJLS,O,X
OZITJSL,O,X
OZITSLJ,O,X
OZITSJL,O,X
OZILTJS,X,X
OZILTSJ,X,X
OZILJTS,X,X
OZILJST,X,X
OZILSTJ,X,X
OZILSJT,X,X
OZIJTLS,O,X
OZIJTSL,O,X
OZIJLTS,X,X
OZIJLST,X,X
OZIJSTL,O,X
OZIJSLT,X,X
OZISTLJ,O,X
OZISTJL,O,X
OZISLTJ,X,X
OZISLJT,X,X
OZISJTL,O,X
OZISJLT,X,X
OZLTIJS,X,X
OZLTISJ,X,X
OZLTJIS,X,X
OZLTJSI,X,X
OZLTSIJ,X,X
OZLTSJI,X,X
OZLITJS,X,X
OZLITSJ,X,X
OZLIJTS,X,X
OZLIJST,X,X
OZLISTJ,X,X
OZLISJT,X,X
OZLJTIS,X,X
OZLJTSI,X,X
OZLJITS,X,X
OZLJIST,X,X
OZLJSTI,X,X
OZLJSIT,X,X
OZLSTIJ,X,X
OZLSTJI,X,X
OZLSITJ,X,X
OZLSIJT,X,X
OZLSJTI,X,X
OZLSJIT,X,X
OZJTILS,O,X
OZJTISL,O,X
OZJTLIS,O,X
OZJTLSI,O,X
OZJTSIL,O,X
OZJTSLI,O,X
OZJITLS,O,X
OZJITSL,O,X
OZJILTS,X,X
OZJILST,X,X
OZJISTL,O,X
OZJISLT,X,X
OZJLTIS,X,X
OZJLTSI,X,X
OZJLITS,X,X
OZJLIST,X,X
OZJLSTI,X,X
OZJLSIT,X,X
OZJSTIL,O,X
OZJSTLI,O,X
OZJSITL,O,X
OZJSILT,X,X
OZJSLTI,X,X
OZJSLIT,X,X
OZSTILJ,O,X
OZSTIJL,O,X
OZSTLIJ,O,X
OZSTLJI,O,X
OZSTJIL,O,X
OZSTJLI,O,X
OZSITLJ,O,X
OZSITJL,O,X
OZSILTJ,X,X
OZSILJT,X,X
OZSIJTL,O,X
OZSIJLT,X,X
OZSLTIJ,X,X
OZSLTJI,X,X
OZSLITJ,X,X
OZSLIJT,X,X
OZSLJTI,X,X
OZSLJIT,X,X
OZSJTIL,O,X
OZSJTLI,O,X
OZSJITL,O,X
OZSJILT,X,X
OZSJLTI,X,X
OZSJLIT,X,X
