sequence,v115@IhA8IeA8AeB8FeE8AeC8JeZEJvhFalBzgBUiBGjBfs?BVyB,v115@IhA8IeA8AeB8FeE8AeC8JeZEJvhFalBzgBFiB8nB+o?BfsB
TILJSZO,O,O
TILJSOZ,O,O
TILJZSO,O,O
TILJZOS,O,O
TILJOSZ,O,O
TILJOZS,O,O
TILSJZO,O,O
TILSJOZ,O,O
TILSZJO,O,X
TILSZOJ,O,X
TILSOJZ,O,O
TILSOZJ,O,X
TILZJSO,O,X
TILZJOS,O,X
TILZSJO,O,X
TILZSOJ,O,X
TILZOJS,O,X
TILZOSJ,O,X
TILOJSZ,O,O
TILOJZS,O,O
TILOSJZ,O,O
TILOSZJ,O,X
TILOZJS,O,X
TILOZSJ,O,X
TIJLSZO,O,O
TIJLSOZ,O,O
TIJLZSO,O,O
TIJLZOS,O,O
TIJLOSZ,O,O
TIJLOZS,O,O
TIJSLZO,O,O
TIJSLOZ,O,O
TIJSZLO,O,O
TIJSZOL,O,O
TIJSOLZ,O,O
TIJSOZL,O,O
TIJZLSO,O,O
TIJZLOS,O,O
TIJZSLO,O,O
TIJZSOL,O,O
TIJZOLS,O,O
TIJZOSL,O,O
TIJOLSZ,O,O
TIJOLZS,O,O
TIJOSLZ,O,O
TIJOSZL,O,O
TIJOZLS,O,O
TIJOZSL,O,O
TISLJZO,O,O
TISLJOZ,O,O
TISLZJO,O,X
TISLZOJ,O,X
TISLOJZ,O,O
TISLOZJ,O,X
TISJLZO,O,O
TISJLOZ,O,O
TISJZLO,O,O
TISJZOL,O,O
TISJOLZ,O,O
TISJOZL,O,O
TISZLJO,O,X
TISZLOJ,O,X
TISZJLO,O,X
TISZJOL,O,X
TISZOLJ,O,X
TISZOJL,O,X
TISOLJZ,O,O
TISOLZJ,O,X
TISOJLZ,O,O
TISOJZL,O,O
TISOZLJ,O,X
TISOZJL,O,X
TIZLJSO,O,X
TIZLJOS,O,X
TIZLSJO,O,X
TIZLSOJ,O,X
TIZLOJS,O,X
TIZLOSJ,O,X
TIZJLSO,O,X
TIZJLOS,O,X
TIZJSLO,O,X
TIZJSOL,O,X
TIZJOLS,O,X
TIZJOSL,O,X
TIZSLJO,O,X
TIZSLOJ,O,X
TIZSJLO,O,X
TIZSJOL,O,X
TIZSOLJ,O,X
TIZSOJL,O,X
TIZOLJS,O,X
TIZOLSJ,O,X
TIZOJLS,O,X
TIZOJSL,O,X
TIZOSLJ,O,X
TIZOSJL,O,X
TIOLJSZ,O,O
TIOLJZS,O,O
TIOLSJZ,O,O
TIOLSZJ,O,X
TIOLZJS,O,X
TIOLZSJ,O,X
TIOJLSZ,O,O
TIOJLZS,O,O
TIOJSLZ,O,O
TIOJSZL,O,O
TIOJZLS,O,O
TIOJZSL,O,O
TIOSLJZ,O,O
TIOSLZJ,O,X
TIOSJLZ,O,O
TIOSJZL,O,O
TIOSZLJ,O,X
TIOSZJL,O,X
TIOZLJS,O,X
TIOZLSJ,O,X
TIOZJLS,O,X
TIOZJSL,O,X
TIOZSLJ,O,X
TIOZSJL,O,X
TLIJSZO,O,O
TLIJSOZ,O,O
TLIJZSO,O,O
TLIJZOS,O,O
TLIJOSZ,O,O
TLIJOZS,O,O
TLISJZO,O,O
TLISJOZ,O,O
TLISZJO,O,X
TLISZOJ,O,X
TLISOJZ,O,O
TLISOZJ,O,X
TLIZJSO,O,X
TLIZJOS,O,X
TLIZSJO,O,X
TLIZSOJ,O,X
TLIZOJS,O,X
TLIZOSJ,O,X
TLIOJSZ,O,O
TLIOJZS,O,O
TLIOSJZ,O,O
TLIOSZJ,O,X
TLIOZJS,O,X
TLIOZSJ,O,X
TLJISZO,O,O
TLJISOZ,O,O
TLJIZSO,O,O
TLJIZOS,O,O
TLJIOSZ,O,O
TLJIOZS,O,O
TLJSIZO,O,O
TLJSIOZ,O,O
TLJSZIO,O,O
TLJSZOI,O,O
TLJSOIZ,O,O
TLJSOZI,O,O
TLJZISO,O,O
TLJZIOS,O,O
TLJZSIO,O,O
TLJZSOI,O,O
TLJZOIS,O,O
TLJZOSI,O,O
TLJOISZ,O,O
TLJOIZS,O,O
TLJOSIZ,O,O
TLJOSZI,O,O
TLJOZIS,O,O
TLJOZSI,O,O
TLSIJZO,O,O
TLSIJOZ,O,O
TLSIZJO,O,X
TLSIZOJ,O,X
TLSIOJZ,O,O
TLSIOZJ,O,X
TLSJIZO,O,O
TLSJIOZ,O,O
TLSJZIO,O,O
TLSJZOI,O,O
TLSJOIZ,O,O
TLSJOZI,O,O
TLSZIJO,O,X
TLSZIOJ,O,X
TLSZJIO,O,X
TLSZJOI,O,X
TLSZOIJ,O,X
TLSZOJI,O,X
TLSOIJZ,O,O
TLSOIZJ,O,X
TLSOJIZ,O,O
TLSOJZI,O,O
TLSOZIJ,O,X
TLSOZJI,O,X
TLZIJSO,O,X
TLZIJOS,O,X
TLZISJO,O,X
TLZISOJ,O,X
TLZIOJS,O,X
TLZIOSJ,O,X
TLZJISO,O,X
TLZJIOS,O,X
TLZJSIO,O,X
TLZJSOI,O,X
TLZJOIS,O,X
TLZJOSI,O,X
TLZSIJO,O,X
TLZSIOJ,O,X
TLZSJIO,O,X
TLZSJOI,O,X
TLZSOIJ,O,X
TLZSOJI,O,X
TLZOIJS,O,X
TLZOISJ,O,X
TLZOJIS,O,X
TLZOJSI,O,X
TLZOSIJ,O,X
TLZOSJI,O,X
TLOIJSZ,O,O
TLOIJZS,O,O
TLOISJZ,O,O
TLOISZJ,O,X
TLOIZJS,O,X
TLOIZSJ,O,X
TLOJISZ,O,O
TLOJIZS,O,O
TLOJSIZ,O,O
TLOJSZI,O,O
TLOJZIS,O,O
TLOJZSI,O,O
TLOSIJZ,O,O
TLOSIZJ,O,X
TLOSJIZ,O,O
TLOSJZI,O,O
TLOSZIJ,O,X
TLOSZJI,O,X
TLOZIJS,O,X
TLOZISJ,O,X
TLOZJIS,O,X
TLOZJSI,O,X
TLOZSIJ,O,X
TLOZSJI,O,X
TJILSZO,O,O
TJILSOZ,O,O
TJILZSO,O,O
TJILZOS,O,O
TJILOSZ,O,O
TJILOZS,O,O
TJISLZO,O,O
TJISLOZ,O,O
TJISZLO,O,O
TJISZOL,O,O
TJISOLZ,O,O
TJISOZL,O,O
TJIZLSO,O,O
TJIZLOS,O,O
TJIZSLO,O,O
TJIZSOL,O,O
TJIZOLS,O,O
TJIZOSL,O,O
TJIOLSZ,O,O
TJIOLZS,O,O
TJIOSLZ,O,O
TJIOSZL,O,O
TJIOZLS,O,O
TJIOZSL,O,O
TJLISZO,O,O
TJLISOZ,O,O
TJLIZSO,O,O
TJLIZOS,O,O
TJLIOSZ,O,O
TJLIOZS,O,O
TJLSIZO,O,O
TJLSIOZ,O,O
TJLSZIO,O,O
TJLSZOI,O,O
TJLSOIZ,O,O
TJLSOZI,O,O
TJLZISO,O,O
TJLZIOS,O,O
TJLZSIO,O,O
TJLZSOI,O,O
TJLZOIS,O,O
TJLZOSI,O,O
TJLOISZ,O,O
TJLOIZS,O,O
TJLOSIZ,O,O
TJLOSZI,O,O
TJLOZIS,O,O
TJLOZSI,O,O
TJSILZO,O,O
TJSILOZ,O,O
TJSIZLO,O,O
TJSIZOL,O,O
TJSIOLZ,O,O
TJSIOZL,O,O
TJSLIZO,O,O
TJSLIOZ,O,O
TJSLZIO,O,O
TJSLZOI,O,O
TJSLOIZ,O,O
TJSLOZI,O,O
TJSZILO,O,O
TJSZIOL,O,O
TJSZLIO,O,O
TJSZLOI,O,O
TJSZOIL,O,O
TJSZOLI,O,O
TJSOILZ,O,O
TJSOIZL,O,O
TJSOLIZ,O,O
TJSOLZI,O,O
TJSOZIL,O,O
TJSOZLI,O,O
TJZILSO,O,O
TJZILOS,O,O
TJZISLO,O,O
TJZISOL,O,O
TJZIOLS,O,O
TJZIOSL,O,O
TJZLISO,O,O
TJZLIOS,O,O
TJZLSIO,O,O
TJZLSOI,O,O
TJZLOIS,O,O
TJZLOSI,O,O
TJZSILO,O,O
TJZSIOL,O,O
TJZSLIO,O,O
TJZSLOI,O,O
TJZSOIL,O,O
TJZSOLI,O,O
TJZOILS,O,O
TJZOISL,O,O
TJZOLIS,O,O
TJZOLSI,O,O
TJZOSIL,O,O
TJZOSLI,O,O
TJOILSZ,O,O
TJOILZS,O,O
TJOISLZ,O,O
TJOISZL,O,O
TJOIZLS,O,O
TJOIZSL,O,O
TJOLISZ,O,O
TJOLIZS,O,O
TJOLSIZ,O,O
TJOLSZI,O,O
TJOLZIS,O,O
TJOLZSI,O,O
TJOSILZ,O,O
TJOSIZL,O,O
TJOSLIZ,O,O
TJOSLZI,O,O
TJOSZIL,O,O
TJOSZLI,O,O
TJOZILS,O,O
TJOZISL,O,O
TJOZLIS,O,O
TJOZLSI,O,O
TJOZSIL,O,O
TJOZSLI,O,O
TSILJZO,O,O
TSILJOZ,O,O
TSILZJO,O,X
TSILZOJ,O,X
TSILOJZ,O,O
TSILOZJ,O,X
TSIJLZO,O,O
TSIJLOZ,O,O
TSIJZLO,O,O
TSIJZOL,O,O
TSIJOLZ,O,O
TSIJOZL,O,O
TSIZLJO,O,X
TSIZLOJ,O,X
TSIZJLO,O,X
TSIZJOL,O,X
TSIZOLJ,O,X
TSIZOJL,O,X
TSIOLJZ,O,O
TSIOLZJ,O,X
TSIOJLZ,O,O
TSIOJZL,O,O
TSIOZLJ,O,X
TSIOZJL,O,X
TSLIJZO,O,O
TSLIJOZ,O,O
TSLIZJO,O,X
TSLIZOJ,O,X
TSLIOJZ,O,O
TSLIOZJ,O,X
TSLJIZO,O,O
TSLJIOZ,O,O
TSLJZIO,O,O
TSLJZOI,O,O
TSLJOIZ,O,O
TSLJOZI,O,O
TSLZIJO,O,X
TSLZIOJ,O,X
TSLZJIO,O,X
TSLZJOI,O,X
TSLZOIJ,O,X
TSLZOJI,O,X
TSLOIJZ,O,O
TSLOIZJ,O,X
TSLOJIZ,O,O
TSLOJZI,O,O
TSLOZIJ,O,X
TSLOZJI,O,X
TSJILZO,O,O
TSJILOZ,O,O
TSJIZLO,O,O
TSJIZOL,O,O
TSJIOLZ,O,O
TSJIOZL,O,O
TSJLIZO,O,O
TSJLIOZ,O,O
TSJLZIO,O,O
TSJLZOI,O,O
TSJLOIZ,O,O
TSJLOZI,O,O
TSJZILO,O,O
TSJZIOL,O,O
TSJZLIO,O,O
TSJZLOI,O,O
TSJZOIL,O,O
TSJZOLI,O,O
TSJOILZ,O,O
TSJOIZL,O,O
TSJOLIZ,O,O
TSJOLZI,O,O
TSJOZIL,O,O
TSJOZLI,O,O
TSZILJO,O,X
TSZILOJ,O,X
TSZIJLO,O,X
TSZIJOL,O,X
TSZIOLJ,O,X
TSZIOJL,O,X
TSZLIJO,O,X
TSZLIOJ,O,X
TSZLJIO,O,X
TSZLJOI,O,X
TSZLOIJ,O,X
TSZLOJI,O,X
TSZJILO,O,X
TSZJIOL,O,X
TSZJLIO,O,X
TSZJLOI,O,X
TSZJOIL,O,X
TSZJOLI,O,X
TSZOILJ,O,X
TSZOIJL,O,X
TSZOLIJ,O,X
TSZOLJI,O,X
TSZOJIL,O,X
TSZOJLI,O,X
TSOILJZ,O,O
TSOILZJ,O,X
TSOIJLZ,O,O
TSOIJZL,O,O
TSOIZLJ,O,X
TSOIZJL,O,X
TSOLIJZ,O,O
TSOLIZJ,O,X
TSOLJIZ,O,O
TSOLJZI,O,O
TSOLZIJ,O,X
TSOLZJI,O,X
TSOJILZ,O,O
TSOJIZL,O,O
TSOJLIZ,O,O
TSOJLZI,O,O
TSOJZIL,O,O
TSOJZLI,O,O
TSOZILJ,O,X
TSOZIJL,O,X
TSOZLIJ,O,X
TSOZLJI,O,X
TSOZJIL,O,X
TSOZJLI,O,X
TZILJSO,O,X
TZILJOS,O,X
TZILSJO,O,X
TZILSOJ,O,X
TZILOJS,O,X
TZILOSJ,O,X
TZIJLSO,O,X
TZIJLOS,O,X
TZIJSLO,O,X
TZIJSOL,O,X
TZIJOLS,O,X
TZIJOSL,O,X
TZISLJO,O,X
TZISLOJ,O,X
TZISJLO,O,X
TZISJOL,O,X
TZISOLJ,O,X
TZISOJL,O,X
TZIOLJS,O,X
TZIOLSJ,O,X
TZIOJLS,O,X
TZIOJSL,O,X
TZIOSLJ,O,X
TZIOSJL,O,X
TZLIJSO,O,X
TZLIJOS,O,X
TZLISJO,O,X
TZLISOJ,O,X
TZLIOJS,O,X
TZLIOSJ,O,X
TZLJISO,O,X
TZLJIOS,O,X
TZLJSIO,O,X
TZLJSOI,O,X
TZLJOIS,O,X
TZLJOSI,O,X
TZLSIJO,O,X
TZLSIOJ,O,X
TZLSJIO,O,X
TZLSJOI,O,X
TZLSOIJ,O,X
TZLSOJI,O,X
TZLOIJS,O,X
TZLOISJ,O,X
TZLOJIS,O,X
TZLOJSI,O,X
TZLOSIJ,O,X
TZLOSJI,O,X
TZJILSO,O,X
TZJILOS,O,X
TZJISLO,O,X
TZJISOL,O,X
TZJIOLS,O,X
TZJIOSL,O,X
TZJLISO,O,X
TZJLIOS,O,X
TZJLSIO,O,X
TZJLSOI,O,X
TZJLOIS,O,X
TZJLOSI,O,X
TZJSILO,O,X
TZJSIOL,O,X
TZJSLIO,O,X
TZJSLOI,O,X
TZJSOIL,O,X
TZJSOLI,O,X
TZJOILS,O,X
TZJOISL,O,X
TZJOLIS,O,X
TZJOLSI,O,X
TZJOSIL,O,X
TZJOSLI,O,X
TZSILJO,O,X
TZSILOJ,O,X
TZSIJLO,O,X
TZSIJOL,O,X
TZSIOLJ,O,X
TZSIOJL,O,X
TZSLIJO,O,X
TZSLIOJ,O,X
TZSLJIO,O,X
TZSLJOI,O,X
TZSLOIJ,O,X
TZSLOJI,O,X
TZSJILO,O,X
TZSJIOL,O,X
TZSJLIO,O,X
TZSJLOI,O,X
TZSJOIL,O,X
TZSJOLI,O,X
TZSOILJ,O,X
TZSOIJL,O,X
TZSOLIJ,O,X
TZSOLJI,O,X
TZSOJIL,O,X
TZSOJLI,O,X
TZOILJS,O,X
TZOILSJ,O,X
TZOIJLS,O,X
TZOIJSL,O,X
TZOISLJ,O,X
TZOISJL,O,X
TZOLIJS,O,X
TZOLISJ,O,X
TZOLJIS,O,X
TZOLJSI,O,X
TZOLSIJ,O,X
TZOLSJI,O,X
TZOJILS,O,X
TZOJISL,O,X
TZOJLIS,O,X
TZOJLSI,O,X
TZOJSIL,O,X
TZOJSLI,O,X
TZOSILJ,O,X
TZOSIJL,O,X
TZOSLIJ,O,X
TZOSLJI,O,X
TZOSJIL,O,X
TZOSJLI,O,X
TOILJSZ,O,O
TOILJZS,O,O
TOILSJZ,O,O
TOILSZJ,O,X
TOILZJS,O,X
TOILZSJ,O,X
TOIJLSZ,O,O
TOIJLZS,O,O
TOIJSLZ,O,O
TOIJSZL,O,O
TOIJZLS,O,O
TOIJZSL,O,O
TOISLJZ,O,O
TOISLZJ,O,X
TOISJLZ,O,O
TOISJZL,O,O
TOISZLJ,O,X
TOISZJL,O,X
TOIZLJS,O,X
TOIZLSJ,O,X
TOIZJLS,O,X
TOIZJSL,O,X
TOIZSLJ,O,X
TOIZSJL,O,X
TOLIJSZ,O,O
TOLIJZS,O,O
TOLISJZ,O,O
TOLISZJ,O,X
TOLIZJS,O,X
TOLIZSJ,O,X
TOLJISZ,O,O
TOLJIZS,O,O
TOLJSIZ,O,O
TOLJSZI,O,O
TOLJZIS,O,O
TOLJZSI,O,O
TOLSIJZ,O,O
TOLSIZJ,O,X
TOLSJIZ,O,O
TOLSJZI,O,O
TOLSZIJ,O,X
TOLSZJI,O,X
TOLZIJS,O,X
TOLZISJ,O,X
TOLZJIS,O,X
TOLZJSI,O,X
TOLZSIJ,O,X
TOLZSJI,O,X
TOJILSZ,O,O
TOJILZS,O,O
TOJISLZ,O,O
TOJISZL,O,O
TOJIZLS,O,O
TOJIZSL,O,O
TOJLISZ,O,O
TOJLIZS,O,O
TOJLSIZ,O,O
TOJLSZI,O,O
TOJLZIS,O,O
TOJLZSI,O,O
TOJSILZ,O,O
TOJSIZL,O,O
TOJSLIZ,O,O
TOJSLZI,O,O
TOJSZIL,O,O
TOJSZLI,O,O
TOJZILS,O,O
TOJZISL,O,O
TOJZLIS,O,O
TOJZLSI,O,O
TOJZSIL,O,O
TOJZSLI,O,O
TOSILJZ,O,O
TOSILZJ,O,X
TOSIJLZ,O,O
TOSIJZL,O,O
TOSIZLJ,O,X
TOSIZJL,O,X
TOSLIJZ,O,O
TOSLIZJ,O,X
TOSLJIZ,O,O
TOSLJZI,O,O
TOSLZIJ,O,X
TOSLZJI,O,X
TOSJILZ,O,O
TOSJIZL,O,O
TOSJLIZ,O,O
TOSJLZI,O,O
TOSJZIL,O,O
TOSJZLI,O,O
TOSZILJ,O,X
TOSZIJL,O,X
TOSZLIJ,O,X
TOSZLJI,O,X
TOSZJIL,O,X
TOSZJLI,O,X
TOZILJS,O,X
TOZILSJ,O,X
TOZIJLS,O,X
TOZIJSL,O,X
TOZISLJ,O,X
TOZISJL,O,X
TOZLIJS,O,X
TOZLISJ,O,X
TOZLJIS,O,X
TOZLJSI,O,X
TOZLSIJ,O,X
TOZLSJI,O,X
TOZJILS,O,X
TOZJISL,O,X
TOZJLIS,O,X
TOZJLSI,O,X
TOZJSIL,O,X
TOZJSLI,O,X
TOZSILJ,O,X
TOZSIJL,O,X
TOZSLIJ,O,X
TOZSLJI,O,X
TOZSJIL,O,X
TOZSJLI,O,X
ITLJSZO,O,O
ITLJSOZ,O,O
ITLJZSO,O,O
ITLJZOS,O,O
ITLJOSZ,O,O
ITLJOZS,O,O
ITLSJZO,O,O
ITLSJOZ,O,O
ITLSZJO,O,X
ITLSZOJ,O,X
ITLSOJZ,O,O
ITLSOZJ,O,X
ITLZJSO,O,X
ITLZJOS,O,X
ITLZSJO,O,X
ITLZSOJ,O,X
ITLZOJS,O,X
ITLZOSJ,O,X
ITLOJSZ,O,O
ITLOJZS,O,O
ITLOSJZ,O,O
ITLOSZJ,O,X
ITLOZJS,O,X
ITLOZSJ,O,X
ITJLSZO,O,O
ITJLSOZ,O,O
ITJLZSO,O,O
ITJLZOS,O,O
ITJLOSZ,O,O
ITJLOZS,O,O
ITJSLZO,O,O
ITJSLOZ,O,O
ITJSZLO,O,O
ITJSZOL,O,O
ITJSOLZ,O,O
ITJSOZL,O,O
ITJZLSO,O,O
ITJZLOS,O,O
ITJZSLO,O,O
ITJZSOL,O,O
ITJZOLS,O,O
ITJZOSL,O,O
ITJOLSZ,O,O
ITJOLZS,O,O
ITJOSLZ,O,O
ITJOSZL,O,O
ITJOZLS,O,O
ITJOZSL,O,O
ITSLJZO,O,O
ITSLJOZ,O,O
ITSLZJO,O,X
ITSLZOJ,O,X
ITSLOJZ,O,O
ITSLOZJ,O,X
ITSJLZO,O,O
ITSJLOZ,O,O
ITSJZLO,O,O
ITSJZOL,O,O
ITSJOLZ,O,O
ITSJOZL,O,O
ITSZLJO,O,X
ITSZLOJ,O,X
ITSZJLO,O,X
ITSZJOL,O,X
ITSZOLJ,O,X
ITSZOJL,O,X
ITSOLJZ,O,O
ITSOLZJ,O,X
ITSOJLZ,O,O
ITSOJZL,O,O
ITSOZLJ,O,X
ITSOZJL,O,X
ITZLJSO,O,X
ITZLJOS,O,X
ITZLSJO,O,X
ITZLSOJ,O,X
ITZLOJS,O,X
ITZLOSJ,O,X
ITZJLSO,O,X
ITZJLOS,O,X
ITZJSLO,O,X
ITZJSOL,O,X
ITZJOLS,O,X
ITZJOSL,O,X
ITZSLJO,O,X
ITZSLOJ,O,X
ITZSJLO,O,X
ITZSJOL,O,X
ITZSOLJ,O,X
ITZSOJL,O,X
ITZOLJS,O,X
ITZOLSJ,O,X
ITZOJLS,O,X
ITZOJSL,O,X
ITZOSLJ,O,X
ITZOSJL,O,X
ITOLJSZ,O,O
ITOLJZS,O,O
ITOLSJZ,O,O
ITOLSZJ,O,X
ITOLZJS,O,X
ITOLZSJ,O,X
ITOJLSZ,O,O
ITOJLZS,O,O
ITOJSLZ,O,O
ITOJSZL,O,O
ITOJZLS,O,O
ITOJZSL,O,O
ITOSLJZ,O,O
ITOSLZJ,O,X
ITOSJLZ,O,O
ITOSJZL,O,O
ITOSZLJ,O,X
ITOSZJL,O,X
ITOZLJS,O,X
ITOZLSJ,O,X
ITOZJLS,O,X
ITOZJSL,O,X
ITOZSLJ,O,X
ITOZSJL,O,X
ILTJSZO,O,O
ILTJSOZ,O,O
ILTJZSO,O,O
ILTJZOS,O,O
ILTJOSZ,O,O
ILTJOZS,O,O
ILTSJZO,O,O
ILTSJOZ,O,O
ILTSZJO,O,X
ILTSZOJ,O,X
ILTSOJZ,O,O
ILTSOZJ,O,X
ILTZJSO,O,X
ILTZJOS,O,X
ILTZSJO,O,X
ILTZSOJ,O,X
ILTZOJS,O,X
ILTZOSJ,O,X
ILTOJSZ,O,O
ILTOJZS,O,O
ILTOSJZ,O,O
ILTOSZJ,O,X
ILTOZJS,O,X
ILTOZSJ,O,X
ILJTSZO,O,O
ILJTSOZ,O,O
ILJTZSO,O,O
ILJTZOS,O,O
ILJTOSZ,O,O
ILJTOZS,O,O
ILJSTZO,O,O
ILJSTOZ,O,O
ILJSZTO,O,O
ILJSZOT,O,O
ILJSOTZ,O,O
ILJSOZT,O,O
ILJZTSO,X,O
ILJZTOS,X,O
ILJZSTO,X,O
ILJZSOT,X,O
ILJZOTS,X,O
ILJZOST,X,O
ILJOTSZ,O,O
ILJOTZS,O,O
ILJOSTZ,O,O
ILJOSZT,O,O
ILJOZTS,X,O
ILJOZST,X,O
ILSTJZO,O,O
ILSTJOZ,O,O
ILSTZJO,O,X
ILSTZOJ,O,X
ILSTOJZ,O,O
ILSTOZJ,O,X
ILSJTZO,O,O
ILSJTOZ,O,O
ILSJZTO,O,O
ILSJZOT,O,O
ILSJOTZ,O,O
ILSJOZT,O,O
ILSZTJO,O,X
ILSZTOJ,O,X
ILSZJTO,O,O
ILSZJOT,O,O
ILSZOTJ,O,X
ILSZOJT,O,O
ILSOTJZ,O,O
ILSOTZJ,O,X
ILSOJTZ,O,O
ILSOJZT,O,O
ILSOZTJ,O,X
ILSOZJT,O,O
ILZTJSO,O,X
ILZTJOS,O,X
ILZTSJO,O,X
ILZTSOJ,O,X
ILZTOJS,O,X
ILZTOSJ,O,X
ILZJTSO,X,O
ILZJTOS,X,O
ILZJSTO,X,O
ILZJSOT,X,O
ILZJOTS,X,O
ILZJOST,X,O
ILZSTJO,O,X
ILZSTOJ,O,X
ILZSJTO,O,O
ILZSJOT,O,O
ILZSOTJ,O,X
ILZSOJT,O,O
ILZOTJS,O,X
ILZOTSJ,O,X
ILZOJTS,X,O
ILZOJST,X,O
ILZOSTJ,O,X
ILZOSJT,O,O
ILOTJSZ,O,O
ILOTJZS,O,O
ILOTSJZ,O,O
ILOTSZJ,O,X
ILOTZJS,O,X
ILOTZSJ,O,X
ILOJTSZ,O,O
ILOJTZS,O,O
ILOJSTZ,O,O
ILOJSZT,O,O
ILOJZTS,X,O
ILOJZST,X,O
ILOSTJZ,O,O
ILOSTZJ,O,X
ILOSJTZ,O,O
ILOSJZT,O,O
ILOSZTJ,O,X
ILOSZJT,O,O
ILOZTJS,O,X
ILOZTSJ,O,X
ILOZJTS,X,O
ILOZJST,X,O
ILOZSTJ,O,X
ILOZSJT,O,O
IJTLSZO,O,O
IJTLSOZ,O,O
IJTLZSO,O,O
IJTLZOS,O,O
IJTLOSZ,O,O
IJTLOZS,O,O
IJTSLZO,O,O
IJTSLOZ,O,O
IJTSZLO,O,O
IJTSZOL,O,O
IJTSOLZ,O,O
IJTSOZL,O,O
IJTZLSO,O,O
IJTZLOS,O,O
IJTZSLO,O,O
IJTZSOL,O,O
IJTZOLS,O,O
IJTZOSL,O,O
IJTOLSZ,O,O
IJTOLZS,O,O
IJTOSLZ,O,O
IJTOSZL,O,O
IJTOZLS,O,O
IJTOZSL,O,O
IJLTSZO,O,O
IJLTSOZ,O,O
IJLTZSO,O,O
IJLTZOS,O,O
IJLTOSZ,O,O
IJLTOZS,O,O
IJLSTZO,O,O
IJLSTOZ,O,O
IJLSZTO,O,O
IJLSZOT,O,O
IJLSOTZ,O,O
IJLSOZT,O,O
IJLZTSO,X,O
IJLZTOS,X,O
IJLZSTO,X,O
IJLZSOT,X,O
IJLZOTS,X,O
IJLZOST,X,O
IJLOTSZ,O,O
IJLOTZS,O,O
IJLOSTZ,O,O
IJLOSZT,O,O
IJLOZTS,X,O
IJLOZST,X,O
IJSTLZO,O,O
IJSTLOZ,O,O
IJSTZLO,O,O
IJSTZOL,O,O
IJSTOLZ,O,O
IJSTOZL,O,O
IJSLTZO,O,O
IJSLTOZ,O,O
IJSLZTO,O,O
IJSLZOT,O,O
IJSLOTZ,O,O
IJSLOZT,O,O
IJSZTLO,O,O
IJSZTOL,O,O
IJSZLTO,O,O
IJSZLOT,O,O
IJSZOTL,O,O
IJSZOLT,O,O
IJSOTLZ,O,O
IJSOTZL,O,O
IJSOLTZ,O,O
IJSOLZT,O,O
IJSOZTL,O,O
IJSOZLT,O,O
IJZTLSO,X,O
IJZTLOS,X,O
IJZTSLO,X,O
IJZTSOL,X,O
IJZTOLS,X,O
IJZTOSL,X,O
IJZLTSO,X,O
IJZLTOS,X,O
IJZLSTO,X,O
IJZLSOT,X,O
IJZLOTS,X,O
IJZLOST,X,O
IJZSTLO,X,O
IJZSTOL,X,O
IJZSLTO,X,O
IJZSLOT,X,O
IJZSOTL,X,O
IJZSOLT,X,O
IJZOTLS,X,O
IJZOTSL,X,O
IJZOLTS,X,O
IJZOLST,X,O
IJZOSTL,X,O
IJZOSLT,X,O
IJOTLSZ,O,O
IJOTLZS,O,O
IJOTSLZ,O,O
IJOTSZL,O,O
IJOTZLS,O,O
IJOTZSL,O,O
IJOLTSZ,O,O
IJOLTZS,O,O
IJOLSTZ,O,O
IJOLSZT,O,O
IJOLZTS,X,O
IJOLZST,X,O
IJOSTLZ,O,O
IJOSTZL,O,O
IJOSLTZ,O,O
IJOSLZT,O,O
IJOSZTL,O,O
IJOSZLT,O,O
IJOZTLS,X,O
IJOZTSL,X,O
IJOZLTS,X,O
IJOZLST,X,O
IJOZSTL,X,O
IJOZSLT,X,O
ISTLJZO,O,O
ISTLJOZ,O,O
ISTLZJO,O,X
ISTLZOJ,O,X
ISTLOJZ,O,O
ISTLOZJ,O,X
ISTJLZO,O,O
ISTJLOZ,O,O
ISTJZLO,O,O
ISTJZOL,O,O
ISTJOLZ,O,O
ISTJOZL,O,O
ISTZLJO,O,X
ISTZLOJ,O,X
ISTZJLO,O,X
ISTZJOL,O,X
ISTZOLJ,O,X
ISTZOJL,O,X
ISTOLJZ,O,O
ISTOLZJ,O,X
ISTOJLZ,O,O
ISTOJZL,O,O
ISTOZLJ,O,X
ISTOZJL,O,X
ISLTJZO,O,O
ISLTJOZ,O,O
ISLTZJO,O,X
ISLTZOJ,O,X
ISLTOJZ,O,O
ISLTOZJ,O,X
ISLJTZO,O,O
ISLJTOZ,O,O
ISLJZTO,O,O
ISLJZOT,O,O
ISLJOTZ,O,O
ISLJOZT,O,O
ISLZTJO,O,X
ISLZTOJ,O,X
ISLZJTO,O,O
ISLZJOT,O,O
ISLZOTJ,O,X
ISLZOJT,O,O
ISLOTJZ,O,O
ISLOTZJ,O,X
ISLOJTZ,O,O
ISLOJZT,O,O
ISLOZTJ,O,X
ISLOZJT,O,O
ISJTLZO,O,O
ISJTLOZ,O,O
ISJTZLO,O,O
ISJTZOL,O,O
ISJTOLZ,O,O
ISJTOZL,O,O
ISJLTZO,O,O
ISJLTOZ,O,O
ISJLZTO,O,O
ISJLZOT,O,O
ISJLOTZ,O,O
ISJLOZT,O,O
ISJZTLO,O,O
ISJZTOL,O,O
ISJZLTO,O,O
ISJZLOT,O,O
ISJZOTL,O,O
ISJZOLT,O,O
ISJOTLZ,O,O
ISJOTZL,O,O
ISJOLTZ,O,O
ISJOLZT,O,O
ISJOZTL,O,O
ISJOZLT,O,O
ISZTLJO,O,X
ISZTLOJ,O,X
ISZTJLO,O,X
ISZTJOL,O,X
ISZTOLJ,O,X
ISZTOJL,O,X
ISZLTJO,O,X
ISZLTOJ,O,X
ISZLJTO,O,O
ISZLJOT,O,O
ISZLOTJ,O,X
ISZLOJT,O,O
ISZJTLO,O,O
ISZJTOL,O,O
ISZJLTO,O,O
ISZJLOT,O,O
ISZJOTL,O,O
ISZJOLT,O,O
ISZOTLJ,O,X
ISZOTJL,O,X
ISZOLTJ,O,X
ISZOLJT,O,O
ISZOJTL,O,O
ISZOJLT,O,O
ISOTLJZ,O,O
ISOTLZJ,O,X
ISOTJLZ,O,O
ISOTJZL,O,O
ISOTZLJ,O,X
ISOTZJL,O,X
ISOLTJZ,O,O
ISOLTZJ,O,X
ISOLJTZ,O,O
ISOLJZT,O,O
ISOLZTJ,O,X
ISOLZJT,O,O
ISOJTLZ,O,O
ISOJTZL,O,O
ISOJLTZ,O,O
ISOJLZT,O,O
ISOJZTL,O,O
ISOJZLT,O,O
ISOZTLJ,O,X
ISOZTJL,O,X
ISOZLTJ,O,X
ISOZLJT,O,O
ISOZJTL,O,O
ISOZJLT,O,O
IZTLJSO,O,X
IZTLJOS,O,X
IZTLSJO,O,X
IZTLSOJ,O,X
IZTLOJS,O,X
IZTLOSJ,O,X
IZTJLSO,O,X
IZTJLOS,O,X
IZTJSLO,O,X
IZTJSOL,O,X
IZTJOLS,O,X
IZTJOSL,O,X
IZTSLJO,O,X
IZTSLOJ,O,X
IZTSJLO,O,X
IZTSJOL,O,X
IZTSOLJ,O,X
IZTSOJL,O,X
IZTOLJS,O,X
IZTOLSJ,O,X
IZTOJLS,O,X
IZTOJSL,O,X
IZTOSLJ,O,X
IZTOSJL,O,X
IZLTJSO,O,X
IZLTJOS,O,X
IZLTSJO,O,X
IZLTSOJ,O,X
IZLTOJS,O,X
IZLTOSJ,O,X
IZLJTSO,X,O
IZLJTOS,X,O
IZLJSTO,X,O
IZLJSOT,X,O
IZLJOTS,X,O
IZLJOST,X,O
IZLSTJO,O,X
IZLSTOJ,O,X
IZLSJTO,O,O
IZLSJOT,O,O
IZLSOTJ,O,X
IZLSOJT,O,O
IZLOTJS,O,X
IZLOTSJ,O,X
IZLOJTS,X,O
IZLOJST,X,O
IZLOSTJ,O,X
IZLOSJT,O,O
IZJTLSO,X,O
IZJTLOS,X,O
IZJTSLO,X,O
IZJTSOL,X,O
IZJTOLS,X,O
IZJTOSL,X,O
IZJLTSO,X,O
IZJLTOS,X,O
IZJLSTO,X,O
IZJLSOT,X,O
IZJLOTS,X,O
IZJLOST,X,O
IZJSTLO,X,O
IZJSTOL,X,O
IZJSLTO,X,O
IZJSLOT,X,O
IZJSOTL,X,O
IZJSOLT,X,O
IZJOTLS,X,O
IZJOTSL,X,O
IZJOLTS,X,O
IZJOLST,X,O
IZJOSTL,X,O
IZJOSLT,X,O
IZSTLJO,O,X
IZSTLOJ,O,X
IZSTJLO,O,X
IZSTJOL,O,X
IZSTOLJ,O,X
IZSTOJL,O,X
IZSLTJO,O,X
IZSLTOJ,O,X
IZSLJTO,O,O
IZSLJOT,O,O
IZSLOTJ,O,X
IZSLOJT,O,O
IZSJTLO,O,O
IZSJTOL,O,O
IZSJLTO,O,O
IZSJLOT,O,O
IZSJOTL,O,O
IZSJOLT,O,O
IZSOTLJ,O,X
IZSOTJL,O,X
IZSOLTJ,O,X
IZSOLJT,O,O
IZSOJTL,O,O
IZSOJLT,O,O
IZOTLJS,O,X
IZOTLSJ,O,X
IZOTJLS,O,X
IZOTJSL,O,X
IZOTSLJ,O,X
IZOTSJL,O,X
IZOLTJS,O,X
IZOLTSJ,O,X
IZOLJTS,X,O
IZOLJST,X,O
IZOLSTJ,O,X
IZOLSJT,O,O
IZOJTLS,X,O
IZOJTSL,X,O
IZOJLTS,X,O
IZOJLST,X,O
IZOJSTL,X,O
IZOJSLT,X,O
IZOSTLJ,O,X
IZOSTJL,O,X
IZOSLTJ,O,X
IZOSLJT,O,O
IZOSJTL,O,O
IZOSJLT,O,O
IOTLJSZ,O,O
IOTLJZS,O,O
IOTLSJZ,O,O
IOTLSZJ,O,X
IOTLZJS,O,X
IOTLZSJ,O,X
IOTJLSZ,O,O
IOTJLZS,O,O
IOTJSLZ,O,O
IOTJSZL,O,O
IOTJZLS,O,O
IOTJZSL,O,O
IOTSLJZ,O,O
IOTSLZJ,O,X
IOTSJLZ,O,O
IOTSJZL,O,O
IOTSZLJ,O,X
IOTSZJL,O,X
IOTZLJS,O,X
IOTZLSJ,O,X
IOTZJLS,O,X
IOTZJSL,O,X
IOTZSLJ,O,X
IOTZSJL,O,X
IOLTJSZ,O,O
IOLTJZS,O,O
IOLTSJZ,O,O
IOLTSZJ,O,X
IOLTZJS,O,X
IOLTZSJ,O,X
IOLJTSZ,O,O
IOLJTZS,O,O
IOLJSTZ,O,O
IOLJSZT,O,O
IOLJZTS,X,O
IOLJZST,X,O
IOLSTJZ,O,O
IOLSTZJ,O,X
IOLSJTZ,O,O
IOLSJZT,O,O
IOLSZTJ,O,X
IOLSZJT,O,O
IOLZTJS,O,X
IOLZTSJ,O,X
IOLZJTS,X,O
IOLZJST,X,O
IOLZSTJ,O,X
IOLZSJT,O,O
IOJTLSZ,O,O
IOJTLZS,O,O
IOJTSLZ,O,O
IOJTSZL,O,O
IOJTZLS,O,O
IOJTZSL,O,O
IOJLTSZ,O,O
IOJLTZS,O,O
IOJLSTZ,O,O
IOJLSZT,O,O
IOJLZTS,X,O
IOJLZST,X,O
IOJSTLZ,O,O
IOJSTZL,O,O
IOJSLTZ,O,O
IOJSLZT,O,O
IOJSZTL,O,O
IOJSZLT,O,O
IOJZTLS,X,O
IOJZTSL,X,O
IOJZLTS,X,O
IOJZLST,X,O
IOJZSTL,X,O
IOJZSLT,X,O
IOSTLJZ,O,O
IOSTLZJ,O,X
IOSTJLZ,O,O
IOSTJZL,O,O
IOSTZLJ,O,X
IOSTZJL,O,X
IOSLTJZ,O,O
IOSLTZJ,O,X
IOSLJTZ,O,O
IOSLJZT,O,O
IOSLZTJ,O,X
IOSLZJT,O,O
IOSJTLZ,O,O
IOSJTZL,O,O
IOSJLTZ,O,O
IOSJLZT,O,O
IOSJZTL,O,O
IOSJZLT,O,O
IOSZTLJ,O,X
IOSZTJL,O,X
IOSZLTJ,O,X
IOSZLJT,O,O
IOSZJTL,O,O
IOSZJLT,O,O
IOZTLJS,O,X
IOZTLSJ,O,X
IOZTJLS,O,X
IOZTJSL,O,X
IOZTSLJ,O,X
IOZTSJL,O,X
IOZLTJS,O,X
IOZLTSJ,O,X
IOZLJTS,X,O
IOZLJST,X,O
IOZLSTJ,O,X
IOZLSJT,O,O
IOZJTLS,X,O
IOZJTSL,X,O
IOZJLTS,X,O
IOZJLST,X,O
IOZJSTL,X,O
IOZJSLT,X,O
IOZSTLJ,O,X
IOZSTJL,O,X
IOZSLTJ,O,X
IOZSLJT,O,O
IOZSJTL,O,O
IOZSJLT,O,O
LTIJSZO,O,O
LTIJSOZ,O,O
LTIJZSO,O,O
LTIJZOS,O,O
LTIJOSZ,O,O
LTIJOZS,O,O
LTISJZO,O,O
LTISJOZ,O,O
LTISZJO,O,X
LTISZOJ,O,X
LTISOJZ,O,O
LTISOZJ,O,X
LTIZJSO,O,X
LTIZJOS,O,X
LTIZSJO,O,X
LTIZSOJ,O,X
LTIZOJS,O,X
LTIZOSJ,O,X
LTIOJSZ,O,O
LTIOJZS,O,O
LTIOSJZ,O,O
LTIOSZJ,O,X
LTIOZJS,O,X
LTIOZSJ,O,X
LTJISZO,O,O
LTJISOZ,O,O
LTJIZSO,O,O
LTJIZOS,O,O
LTJIOSZ,O,O
LTJIOZS,O,O
LTJSIZO,O,O
LTJSIOZ,O,O
LTJSZIO,O,O
LTJSZOI,O,O
LTJSOIZ,O,O
LTJSOZI,O,O
LTJZISO,O,O
LTJZIOS,O,O
LTJZSIO,O,O
LTJZSOI,O,O
LTJZOIS,O,O
LTJZOSI,O,O
LTJOISZ,O,O
LTJOIZS,O,O
LTJOSIZ,O,O
LTJOSZI,O,O
LTJOZIS,O,O
LTJOZSI,O,O
LTSIJZO,O,O
LTSIJOZ,O,O
LTSIZJO,O,X
LTSIZOJ,O,X
LTSIOJZ,O,O
LTSIOZJ,O,X
LTSJIZO,O,O
LTSJIOZ,O,O
LTSJZIO,O,O
LTSJZOI,O,O
LTSJOIZ,O,O
LTSJOZI,O,O
LTSZIJO,O,X
LTSZIOJ,O,X
LTSZJIO,O,X
LTSZJOI,O,X
LTSZOIJ,O,X
LTSZOJI,O,X
LTSOIJZ,O,O
LTSOIZJ,O,X
LTSOJIZ,O,O
LTSOJZI,O,O
LTSOZIJ,O,X
LTSOZJI,O,X
LTZIJSO,O,X
LTZIJOS,O,X
LTZISJO,O,X
LTZISOJ,O,X
LTZIOJS,O,X
LTZIOSJ,O,X
LTZJISO,O,X
LTZJIOS,O,X
LTZJSIO,O,X
LTZJSOI,O,X
LTZJOIS,O,X
LTZJOSI,O,X
LTZSIJO,O,X
LTZSIOJ,O,X
LTZSJIO,O,X
LTZSJOI,O,X
LTZSOIJ,O,X
LTZSOJI,O,X
LTZOIJS,O,X
LTZOISJ,O,X
LTZOJIS,O,X
LTZOJSI,O,X
LTZOSIJ,O,X
LTZOSJI,O,X
LTOIJSZ,O,O
LTOIJZS,O,O
LTOISJZ,O,O
LTOISZJ,O,X
LTOIZJS,O,X
LTOIZSJ,O,X
LTOJISZ,O,O
LTOJIZS,O,O
LTOJSIZ,O,O
LTOJSZI,O,O
LTOJZIS,O,O
LTOJZSI,O,O
LTOSIJZ,O,O
LTOSIZJ,O,X
LTOSJIZ,O,O
LTOSJZI,O,O
LTOSZIJ,O,X
LTOSZJI,O,X
LTOZIJS,O,X
LTOZISJ,O,X
LTOZJIS,O,X
LTOZJSI,O,X
LTOZSIJ,O,X
LTOZSJI,O,X
LITJSZO,O,O
LITJSOZ,O,O
LITJZSO,O,O
LITJZOS,O,O
LITJOSZ,O,O
LITJOZS,O,O
LITSJZO,O,O
LITSJOZ,O,O
LITSZJO,O,X
LITSZOJ,O,X
LITSOJZ,O,O
LITSOZJ,O,X
LITZJSO,O,X
LITZJOS,O,X
LITZSJO,O,X
LITZSOJ,O,X
LITZOJS,O,X
LITZOSJ,O,X
LITOJSZ,O,O
LITOJZS,O,O
LITOSJZ,O,O
LITOSZJ,O,X
LITOZJS,O,X
LITOZSJ,O,X
LIJTSZO,O,O
LIJTSOZ,O,O
LIJTZSO,O,O
LIJTZOS,O,O
LIJTOSZ,O,O
LIJTOZS,O,O
LIJSTZO,O,O
LIJSTOZ,O,O
LIJSZTO,O,O
LIJSZOT,O,O
LIJSOTZ,O,O
LIJSOZT,O,O
LIJZTSO,X,O
LIJZTOS,X,O
LIJZSTO,X,O
LIJZSOT,X,O
LIJZOTS,X,O
LIJZOST,X,O
LIJOTSZ,O,O
LIJOTZS,O,O
LIJOSTZ,O,O
LIJOSZT,O,O
LIJOZTS,X,O
LIJOZST,X,O
LISTJZO,O,O
LISTJOZ,O,O
LISTZJO,O,X
LISTZOJ,O,X
LISTOJZ,O,O
LISTOZJ,O,X
LISJTZO,O,O
LISJTOZ,O,O
LISJZTO,O,O
LISJZOT,O,O
LISJOTZ,O,O
LISJOZT,O,O
LISZTJO,O,X
LISZTOJ,O,X
LISZJTO,O,O
LISZJOT,O,O
LISZOTJ,O,X
LISZOJT,O,O
LISOTJZ,O,O
LISOTZJ,O,X
LISOJTZ,O,O
LISOJZT,O,O
LISOZTJ,O,X
LISOZJT,O,O
LIZTJSO,O,X
LIZTJOS,O,X
LIZTSJO,O,X
LIZTSOJ,O,X
LIZTOJS,O,X
LIZTOSJ,O,X
LIZJTSO,X,O
LIZJTOS,X,O
LIZJSTO,X,O
LIZJSOT,X,O
LIZJOTS,X,O
LIZJOST,X,O
LIZSTJO,O,X
LIZSTOJ,O,X
LIZSJTO,O,O
LIZSJOT,O,O
LIZSOTJ,O,X
LIZSOJT,O,O
LIZOTJS,O,X
LIZOTSJ,O,X
LIZOJTS,X,O
LIZOJST,X,O
LIZOSTJ,O,X
LIZOSJT,O,O
LIOTJSZ,O,O
LIOTJZS,O,O
LIOTSJZ,O,O
LIOTSZJ,O,X
LIOTZJS,O,X
LIOTZSJ,O,X
LIOJTSZ,O,O
LIOJTZS,O,O
LIOJSTZ,O,O
LIOJSZT,O,O
LIOJZTS,X,O
LIOJZST,X,O
LIOSTJZ,O,O
LIOSTZJ,O,X
LIOSJTZ,O,O
LIOSJZT,O,O
LIOSZTJ,O,X
LIOSZJT,O,O
LIOZTJS,O,X
LIOZTSJ,O,X
LIOZJTS,X,O
LIOZJST,X,O
LIOZSTJ,O,X
LIOZSJT,O,O
LJTISZO,O,O
LJTISOZ,O,O
LJTIZSO,O,O
LJTIZOS,O,O
LJTIOSZ,O,O
LJTIOZS,O,O
LJTSIZO,O,O
LJTSIOZ,O,O
LJTSZIO,O,O
LJTSZOI,O,O
LJTSOIZ,O,O
LJTSOZI,O,O
LJTZISO,O,O
LJTZIOS,O,O
LJTZSIO,O,O
LJTZSOI,O,O
LJTZOIS,O,O
LJTZOSI,O,O
LJTOISZ,O,O
LJTOIZS,O,O
LJTOSIZ,O,O
LJTOSZI,O,O
LJTOZIS,O,O
LJTOZSI,O,O
LJITSZO,O,O
LJITSOZ,O,O
LJITZSO,O,O
LJITZOS,O,O
LJITOSZ,O,O
LJITOZS,O,O
LJISTZO,O,O
LJISTOZ,O,O
LJISZTO,O,O
LJISZOT,O,O
LJISOTZ,O,O
LJISOZT,O,O
LJIZTSO,X,O
LJIZTOS,X,O
LJIZSTO,X,O
LJIZSOT,X,O
LJIZOTS,X,O
LJIZOST,X,O
LJIOTSZ,O,O
LJIOTZS,O,O
LJIOSTZ,O,O
LJIOSZT,O,O
LJIOZTS,X,O
LJIOZST,X,O
LJSTIZO,O,O
LJSTIOZ,O,O
LJSTZIO,O,O
LJSTZOI,O,O
LJSTOIZ,O,O
LJSTOZI,O,O
LJSITZO,O,O
LJSITOZ,O,O
LJSIZTO,O,O
LJSIZOT,O,O
LJSIOTZ,O,O
LJSIOZT,O,O
LJSZTIO,O,O
LJSZTOI,O,O
LJSZITO,O,O
LJSZIOT,O,O
LJSZOTI,O,O
LJSZOIT,O,O
LJSOTIZ,O,O
LJSOTZI,O,O
LJSOITZ,O,O
LJSOIZT,O,O
LJSOZTI,O,O
LJSOZIT,O,O
LJZTISO,X,O
LJZTIOS,X,O
LJZTSIO,X,O
LJZTSOI,X,O
LJZTOIS,X,O
LJZTOSI,X,O
LJZITSO,X,O
LJZITOS,X,O
LJZISTO,X,O
LJZISOT,X,O
LJZIOTS,X,O
LJZIOST,X,O
LJZSTIO,X,O
LJZSTOI,X,O
LJZSITO,X,O
LJZSIOT,X,O
LJZSOTI,X,O
LJZSOIT,X,O
LJZOTIS,X,O
LJZOTSI,X,O
LJZOITS,X,O
LJZOIST,X,O
LJZOSTI,X,O
LJZOSIT,X,O
LJOTISZ,O,O
LJOTIZS,O,O
LJOTSIZ,O,O
LJOTSZI,O,O
LJOTZIS,O,O
LJOTZSI,O,O
LJOITSZ,O,O
LJOITZS,O,O
LJOISTZ,O,O
LJOISZT,O,O
LJOIZTS,X,O
LJOIZST,X,O
LJOSTIZ,O,O
LJOSTZI,O,O
LJOSITZ,O,O
LJOSIZT,O,O
LJOSZTI,O,O
LJOSZIT,O,O
LJOZTIS,X,O
LJOZTSI,X,O
LJOZITS,X,O
LJOZIST,X,O
LJOZSTI,X,O
LJOZSIT,X,O
LSTIJZO,O,O
LSTIJOZ,O,O
LSTIZJO,O,X
LSTIZOJ,O,X
LSTIOJZ,O,O
LSTIOZJ,O,X
LSTJIZO,O,O
LSTJIOZ,O,O
LSTJZIO,O,O
LSTJZOI,O,O
LSTJOIZ,O,O
LSTJOZI,O,O
LSTZIJO,O,X
LSTZIOJ,O,X
LSTZJIO,O,X
LSTZJOI,O,X
LSTZOIJ,O,X
LSTZOJI,O,X
LSTOIJZ,O,O
LSTOIZJ,O,X
LSTOJIZ,O,O
LSTOJZI,O,O
LSTOZIJ,O,X
LSTOZJI,O,X
LSITJZO,O,O
LSITJOZ,O,O
LSITZJO,O,X
LSITZOJ,O,X
LSITOJZ,O,O
LSITOZJ,O,X
LSIJTZO,O,O
LSIJTOZ,O,O
LSIJZTO,O,O
LSIJZOT,O,O
LSIJOTZ,O,O
LSIJOZT,O,O
LSIZTJO,O,X
LSIZTOJ,O,X
LSIZJTO,O,O
LSIZJOT,O,O
LSIZOTJ,O,X
LSIZOJT,O,O
LSIOTJZ,O,O
LSIOTZJ,O,X
LSIOJTZ,O,O
LSIOJZT,O,O
LSIOZTJ,O,X
LSIOZJT,O,O
LSJTIZO,O,O
LSJTIOZ,O,O
LSJTZIO,O,O
LSJTZOI,O,O
LSJTOIZ,O,O
LSJTOZI,O,O
LSJITZO,O,O
LSJITOZ,O,O
LSJIZTO,O,O
LSJIZOT,O,O
LSJIOTZ,O,O
LSJIOZT,O,O
LSJZTIO,O,O
LSJZTOI,O,O
LSJZITO,O,O
LSJZIOT,O,O
LSJZOTI,O,O
LSJZOIT,O,O
LSJOTIZ,O,O
LSJOTZI,O,O
LSJOITZ,O,O
LSJOIZT,O,O
LSJOZTI,O,O
LSJOZIT,O,O
LSZTIJO,O,X
LSZTIOJ,O,X
LSZTJIO,O,X
LSZTJOI,O,X
LSZTOIJ,O,X
LSZTOJI,O,X
LSZITJO,O,X
LSZITOJ,O,X
LSZIJTO,O,O
LSZIJOT,O,O
LSZIOTJ,O,X
LSZIOJT,O,O
LSZJTIO,O,O
LSZJTOI,O,O
LSZJITO,O,O
LSZJIOT,O,O
LSZJOTI,O,O
LSZJOIT,O,O
LSZOTIJ,O,X
LSZOTJI,O,X
LSZOITJ,O,X
LSZOIJT,O,O
LSZOJTI,O,O
LSZOJIT,O,O
LSOTIJZ,O,O
LSOTIZJ,O,X
LSOTJIZ,O,O
LSOTJZI,O,O
LSOTZIJ,O,X
LSOTZJI,O,X
LSOITJZ,O,O
LSOITZJ,O,X
LSOIJTZ,O,O
LSOIJZT,O,O
LSOIZTJ,O,X
LSOIZJT,O,O
LSOJTIZ,O,O
LSOJTZI,O,O
LSOJITZ,O,O
LSOJIZT,O,O
LSOJZTI,O,O
LSOJZIT,O,O
LSOZTIJ,O,X
LSOZTJI,O,X
LSOZITJ,O,X
LSOZIJT,O,O
LSOZJTI,O,O
LSOZJIT,O,O
LZTIJSO,O,X
LZTIJOS,O,X
LZTISJO,O,X
LZTISOJ,O,X
LZTIOJS,O,X
LZTIOSJ,O,X
LZTJISO,O,X
LZTJIOS,O,X
LZTJSIO,O,X
LZTJSOI,O,X
LZTJOIS,O,X
LZTJOSI,O,X
LZTSIJO,O,X
LZTSIOJ,O,X
LZTSJIO,O,X
LZTSJOI,O,X
LZTSOIJ,O,X
LZTSOJI,O,X
LZTOIJS,O,X
LZTOISJ,O,X
LZTOJIS,O,X
LZTOJSI,O,X
LZTOSIJ,O,X
LZTOSJI,O,X
LZITJSO,O,X
LZITJOS,O,X
LZITSJO,O,X
LZITSOJ,O,X
LZITOJS,O,X
LZITOSJ,O,X
LZIJTSO,X,O
LZIJTOS,X,O
LZIJSTO,X,O
LZIJSOT,X,O
LZIJOTS,X,O
LZIJOST,X,O
LZISTJO,O,X
LZISTOJ,O,X
LZISJTO,O,O
LZISJOT,O,O
LZISOTJ,O,X
LZISOJT,O,O
LZIOTJS,O,X
LZIOTSJ,O,X
LZIOJTS,X,O
LZIOJST,X,O
LZIOSTJ,O,X
LZIOSJT,O,O
LZJTISO,X,O
LZJTIOS,X,O
LZJTSIO,X,O
LZJTSOI,X,O
LZJTOIS,X,O
LZJTOSI,X,O
LZJITSO,X,O
LZJITOS,X,O
LZJISTO,X,O
LZJISOT,X,O
LZJIOTS,X,O
LZJIOST,X,O
LZJSTIO,X,O
LZJSTOI,X,O
LZJSITO,X,O
LZJSIOT,X,O
LZJSOTI,X,O
LZJSOIT,X,O
LZJOTIS,X,O
LZJOTSI,X,O
LZJOITS,X,O
LZJOIST,X,O
LZJOSTI,X,O
LZJOSIT,X,O
LZSTIJO,O,X
LZSTIOJ,O,X
LZSTJIO,O,X
LZSTJOI,O,X
LZSTOIJ,O,X
LZSTOJI,O,X
LZSITJO,O,X
LZSITOJ,O,X
LZSIJTO,O,O
LZSIJOT,O,O
LZSIOTJ,O,X
LZSIOJT,O,O
LZSJTIO,O,O
LZSJTOI,O,O
LZSJITO,O,O
LZSJIOT,O,O
LZSJOTI,O,O
LZSJOIT,O,O
LZSOTIJ,O,X
LZSOTJI,O,X
LZSOITJ,O,X
LZSOIJT,O,O
LZSOJTI,O,O
LZSOJIT,O,O
LZOTIJS,O,X
LZOTISJ,O,X
LZOTJIS,O,X
LZOTJSI,O,X
LZOTSIJ,O,X
LZOTSJI,O,X
LZOITJS,O,X
LZOITSJ,O,X
LZOIJTS,X,O
LZOIJST,X,O
LZOISTJ,O,X
LZOISJT,O,O
LZOJTIS,X,O
LZOJTSI,X,O
LZOJITS,X,O
LZOJIST,X,O
LZOJSTI,X,O
LZOJSIT,X,O
LZOSTIJ,O,X
LZOSTJI,O,X
LZOSITJ,O,X
LZOSIJT,O,O
LZOSJTI,O,O
LZOSJIT,O,O
LOTIJSZ,O,O
LOTIJZS,O,O
LOTISJZ,O,O
LOTISZJ,O,X
LOTIZJS,O,X
LOTIZSJ,O,X
LOTJISZ,O,O
LOTJIZS,O,O
LOTJSIZ,O,O
LOTJSZI,O,O
LOTJZIS,O,O
LOTJZSI,O,O
LOTSIJZ,O,O
LOTSIZJ,O,X
LOTSJIZ,O,O
LOTSJZI,O,O
LOTSZIJ,O,X
LOTSZJI,O,X
LOTZIJS,O,X
LOTZISJ,O,X
LOTZJIS,O,X
LOTZJSI,O,X
LOTZSIJ,O,X
LOTZSJI,O,X
LOITJSZ,O,O
LOITJZS,O,O
LOITSJZ,O,O
LOITSZJ,O,X
LOITZJS,O,X
LOITZSJ,O,X
LOIJTSZ,O,O
LOIJTZS,O,O
LOIJSTZ,O,O
LOIJSZT,O,O
LOIJZTS,X,O
LOIJZST,X,O
LOISTJZ,O,O
LOISTZJ,O,X
LOISJTZ,O,O
LOISJZT,O,O
LOISZTJ,O,X
LOISZJT,O,O
LOIZTJS,O,X
LOIZTSJ,O,X
LOIZJTS,X,O
LOIZJST,X,O
LOIZSTJ,O,X
LOIZSJT,O,O
LOJTISZ,O,O
LOJTIZS,O,O
LOJTSIZ,O,O
LOJTSZI,O,O
LOJTZIS,O,O
LOJTZSI,O,O
LOJITSZ,O,O
LOJITZS,O,O
LOJISTZ,O,O
LOJISZT,O,O
LOJIZTS,X,O
LOJIZST,X,O
LOJSTIZ,O,O
LOJSTZI,O,O
LOJSITZ,O,O
LOJSIZT,O,O
LOJSZTI,O,O
LOJSZIT,O,O
LOJZTIS,X,O
LOJZTSI,X,O
LOJZITS,X,O
LOJZIST,X,O
LOJZSTI,X,O
LOJZSIT,X,O
LOSTIJZ,O,O
LOSTIZJ,O,X
LOSTJIZ,O,O
LOSTJZI,O,O
LOSTZIJ,O,X
LOSTZJI,O,X
LOSITJZ,O,O
LOSITZJ,O,X
LOSIJTZ,O,O
LOSIJZT,O,O
LOSIZTJ,O,X
LOSIZJT,O,O
LOSJTIZ,O,O
LOSJTZI,O,O
LOSJITZ,O,O
LOSJIZT,O,O
LOSJZTI,O,O
LOSJZIT,O,O
LOSZTIJ,O,X
LOSZTJI,O,X
LOSZITJ,O,X
LOSZIJT,O,O
LOSZJTI,O,O
LOSZJIT,O,O
LOZTIJS,O,X
LOZTISJ,O,X
LOZTJIS,O,X
LOZTJSI,O,X
LOZTSIJ,O,X
LOZTSJI,O,X
LOZITJS,O,X
LOZITSJ,O,X
LOZIJTS,X,O
LOZIJST,X,O
LOZISTJ,O,X
LOZISJT,O,O
LOZJTIS,X,O
LOZJTSI,X,O
LOZJITS,X,O
LOZJIST,X,O
LOZJSTI,X,O
LOZJSIT,X,O
LOZSTIJ,O,X
LOZSTJI,O,X
LOZSITJ,O,X
LOZSIJT,O,O
LOZSJTI,O,O
LOZSJIT,O,O
JTILSZO,O,O
JTILSOZ,O,O
JTILZSO,O,O
JTILZOS,O,O
JTILOSZ,O,O
JTILOZS,O,O
JTISLZO,O,O
JTISLOZ,O,O
JTISZLO,O,O
JTISZOL,O,O
JTISOLZ,O,O
JTISOZL,O,O
JTIZLSO,O,O
JTIZLOS,O,O
JTIZSLO,O,O
JTIZSOL,O,O
JTIZOLS,O,O
JTIZOSL,O,O
JTIOLSZ,O,O
JTIOLZS,O,O
JTIOSLZ,O,O
JTIOSZL,O,O
JTIOZLS,O,O
JTIOZSL,O,O
JTLISZO,O,O
JTLISOZ,O,O
JTLIZSO,O,O
JTLIZOS,O,O
JTLIOSZ,O,O
JTLIOZS,O,O
JTLSIZO,O,O
JTLSIOZ,O,O
JTLSZIO,O,O
JTLSZOI,O,O
JTLSOIZ,O,O
JTLSOZI,O,O
JTLZISO,O,O
JTLZIOS,O,O
JTLZSIO,O,O
JTLZSOI,O,O
JTLZOIS,O,O
JTLZOSI,O,O
JTLOISZ,O,O
JTLOIZS,O,O
JTLOSIZ,O,O
JTLOSZI,O,O
JTLOZIS,O,O
JTLOZSI,O,O
JTSILZO,O,O
JTSILOZ,O,O
JTSIZLO,O,O
JTSIZOL,O,O
JTSIOLZ,O,O
JTSIOZL,O,O
JTSLIZO,O,O
JTSLIOZ,O,O
JTSLZIO,O,O
JTSLZOI,O,O
JTSLOIZ,O,O
JTSLOZI,O,O
JTSZILO,O,O
JTSZIOL,O,O
JTSZLIO,O,O
JTSZLOI,O,O
JTSZOIL,O,O
JTSZOLI,O,O
JTSOILZ,O,O
JTSOIZL,O,O
JTSOLIZ,O,O
JTSOLZI,O,O
JTSOZIL,O,O
JTSOZLI,O,O
JTZILSO,O,O
JTZILOS,O,O
JTZISLO,O,O
JTZISOL,O,O
JTZIOLS,O,O
JTZIOSL,O,O
JTZLISO,O,O
JTZLIOS,O,O
JTZLSIO,O,O
JTZLSOI,O,O
JTZLOIS,O,O
JTZLOSI,O,O
JTZSILO,O,O
JTZSIOL,O,O
JTZSLIO,O,O
JTZSLOI,O,O
JTZSOIL,O,O
JTZSOLI,O,O
JTZOILS,O,O
JTZOISL,O,O
JTZOLIS,O,O
JTZOLSI,O,O
JTZOSIL,O,O
JTZOSLI,O,O
JTOILSZ,O,O
JTOILZS,O,O
JTOISLZ,O,O
JTOISZL,O,O
JTOIZLS,O,O
JTOIZSL,O,O
JTOLISZ,O,O
JTOLIZS,O,O
JTOLSIZ,O,O
JTOLSZI,O,O
JTOLZIS,O,O
JTOLZSI,O,O
JTOSILZ,O,O
JTOSIZL,O,O
JTOSLIZ,O,O
JTOSLZI,O,O
JTOSZIL,O,O
JTOSZLI,O,O
JTOZILS,O,O
JTOZISL,O,O
JTOZLIS,O,O
JTOZLSI,O,O
JTOZSIL,O,O
JTOZSLI,O,O
JITLSZO,O,O
JITLSOZ,O,O
JITLZSO,O,O
JITLZOS,O,O
JITLOSZ,O,O
JITLOZS,O,O
JITSLZO,O,O
JITSLOZ,O,O
JITSZLO,O,O
JITSZOL,O,O
JITSOLZ,O,O
JITSOZL,O,O
JITZLSO,O,O
JITZLOS,O,O
JITZSLO,O,O
JITZSOL,O,O
JITZOLS,O,O
JITZOSL,O,O
JITOLSZ,O,O
JITOLZS,O,O
JITOSLZ,O,O
JITOSZL,O,O
JITOZLS,O,O
JITOZSL,O,O
JILTSZO,O,O
JILTSOZ,O,O
JILTZSO,O,O
JILTZOS,O,O
JILTOSZ,O,O
JILTOZS,O,O
JILSTZO,O,O
JILSTOZ,O,O
JILSZTO,O,O
JILSZOT,O,O
JILSOTZ,O,O
JILSOZT,O,O
JILZTSO,X,O
JILZTOS,X,O
JILZSTO,X,O
JILZSOT,X,O
JILZOTS,X,O
JILZOST,X,O
JILOTSZ,O,O
JILOTZS,O,O
JILOSTZ,O,O
JILOSZT,O,O
JILOZTS,X,O
JILOZST,X,O
JISTLZO,O,O
JISTLOZ,O,O
JISTZLO,O,O
JISTZOL,O,O
JISTOLZ,O,O
JISTOZL,O,O
JISLTZO,O,O
JISLTOZ,O,O
JISLZTO,O,O
JISLZOT,O,O
JISLOTZ,O,O
JISLOZT,O,O
JISZTLO,O,O
JISZTOL,O,O
JISZLTO,O,O
JISZLOT,O,O
JISZOTL,O,O
JISZOLT,O,O
JISOTLZ,O,O
JISOTZL,O,O
JISOLTZ,O,O
JISOLZT,O,O
JISOZTL,O,O
JISOZLT,O,O
JIZTLSO,X,O
JIZTLOS,X,O
JIZTSLO,X,O
JIZTSOL,X,O
JIZTOLS,X,O
JIZTOSL,X,O
JIZLTSO,X,O
JIZLTOS,X,O
JIZLSTO,X,O
JIZLSOT,X,O
JIZLOTS,X,O
JIZLOST,X,O
JIZSTLO,X,O
JIZSTOL,X,O
JIZSLTO,X,O
JIZSLOT,X,O
JIZSOTL,X,O
JIZSOLT,X,O
JIZOTLS,X,O
JIZOTSL,X,O
JIZOLTS,X,O
JIZOLST,X,O
JIZOSTL,X,O
JIZOSLT,X,O
JIOTLSZ,O,O
JIOTLZS,O,O
JIOTSLZ,O,O
JIOTSZL,O,O
JIOTZLS,O,O
JIOTZSL,O,O
JIOLTSZ,O,O
JIOLTZS,O,O
JIOLSTZ,O,O
JIOLSZT,O,O
JIOLZTS,X,O
JIOLZST,X,O
JIOSTLZ,O,O
JIOSTZL,O,O
JIOSLTZ,O,O
JIOSLZT,O,O
JIOSZTL,O,O
JIOSZLT,O,O
JIOZTLS,X,O
JIOZTSL,X,O
JIOZLTS,X,O
JIOZLST,X,O
JIOZSTL,X,O
JIOZSLT,X,O
JLTISZO,O,O
JLTISOZ,O,O
JLTIZSO,O,O
JLTIZOS,O,O
JLTIOSZ,O,O
JLTIOZS,O,O
JLTSIZO,O,O
JLTSIOZ,O,O
JLTSZIO,O,O
JLTSZOI,O,O
JLTSOIZ,O,O
JLTSOZI,O,O
JLTZISO,O,O
JLTZIOS,O,O
JLTZSIO,O,O
JLTZSOI,O,O
JLTZOIS,O,O
JLTZOSI,O,O
JLTOISZ,O,O
JLTOIZS,O,O
JLTOSIZ,O,O
JLTOSZI,O,O
JLTOZIS,O,O
JLTOZSI,O,O
JLITSZO,O,O
JLITSOZ,O,O
JLITZSO,O,O
JLITZOS,O,O
JLITOSZ,O,O
JLITOZS,O,O
JLISTZO,O,O
JLISTOZ,O,O
JLISZTO,O,O
JLISZOT,O,O
JLISOTZ,O,O
JLISOZT,O,O
JLIZTSO,X,O
JLIZTOS,X,O
JLIZSTO,X,O
JLIZSOT,X,O
JLIZOTS,X,O
JLIZOST,X,O
JLIOTSZ,O,O
JLIOTZS,O,O
JLIOSTZ,O,O
JLIOSZT,O,O
JLIOZTS,X,O
JLIOZST,X,O
JLSTIZO,O,O
JLSTIOZ,O,O
JLSTZIO,O,O
JLSTZOI,O,O
JLSTOIZ,O,O
JLSTOZI,O,O
JLSITZO,O,O
JLSITOZ,O,O
JLSIZTO,O,O
JLSIZOT,O,O
JLSIOTZ,O,O
JLSIOZT,O,O
JLSZTIO,O,O
JLSZTOI,O,O
JLSZITO,O,O
JLSZIOT,O,O
JLSZOTI,O,O
JLSZOIT,O,O
JLSOTIZ,O,O
JLSOTZI,O,O
JLSOITZ,O,O
JLSOIZT,O,O
JLSOZTI,O,O
JLSOZIT,O,O
JLZTISO,X,O
JLZTIOS,X,O
JLZTSIO,X,O
JLZTSOI,X,O
JLZTOIS,X,O
JLZTOSI,X,O
JLZITSO,X,O
JLZITOS,X,O
JLZISTO,X,O
JLZISOT,X,O
JLZIOTS,X,O
JLZIOST,X,O
JLZSTIO,X,O
JLZSTOI,X,O
JLZSITO,X,O
JLZSIOT,X,O
JLZSOTI,X,O
JLZSOIT,X,O
JLZOTIS,X,O
JLZOTSI,X,O
JLZOITS,X,O
JLZOIST,X,O
JLZOSTI,X,O
JLZOSIT,X,O
JLOTISZ,O,O
JLOTIZS,O,O
JLOTSIZ,O,O
JLOTSZI,O,O
JLOTZIS,O,O
JLOTZSI,O,O
JLOITSZ,O,O
JLOITZS,O,O
JLOISTZ,O,O
JLOISZT,O,O
JLOIZTS,X,O
JLOIZST,X,O
JLOSTIZ,O,O
JLOSTZI,O,O
JLOSITZ,O,O
JLOSIZT,O,O
JLOSZTI,O,O
JLOSZIT,O,O
JLOZTIS,X,O
JLOZTSI,X,O
JLOZITS,X,O
JLOZIST,X,O
JLOZSTI,X,O
JLOZSIT,X,O
JSTILZO,O,O
JSTILOZ,O,O
JSTIZLO,O,O
JSTIZOL,O,O
JSTIOLZ,O,O
JSTIOZL,O,O
JSTLIZO,O,O
JSTLIOZ,O,O
JSTLZIO,O,O
JSTLZOI,O,O
JSTLOIZ,O,O
JSTLOZI,O,O
JSTZILO,O,O
JSTZIOL,O,O
JSTZLIO,O,O
JSTZLOI,O,O
JSTZOIL,O,O
JSTZOLI,O,O
JSTOILZ,O,O
JSTOIZL,O,O
JSTOLIZ,O,O
JSTOLZI,O,O
JSTOZIL,O,O
JSTOZLI,O,O
JSITLZO,O,O
JSITLOZ,O,O
JSITZLO,O,O
JSITZOL,O,O
JSITOLZ,O,O
JSITOZL,O,O
JSILTZO,O,O
JSILTOZ,O,O
JSILZTO,O,O
JSILZOT,O,O
JSILOTZ,O,O
JSILOZT,O,O
JSIZTLO,O,O
JSIZTOL,O,O
JSIZLTO,O,O
JSIZLOT,O,O
JSIZOTL,O,O
JSIZOLT,O,O
JSIOTLZ,O,O
JSIOTZL,O,O
JSIOLTZ,O,O
JSIOLZT,O,O
JSIOZTL,O,O
JSIOZLT,O,O
JSLTIZO,O,O
JSLTIOZ,O,O
JSLTZIO,O,O
JSLTZOI,O,O
JSLTOIZ,O,O
JSLTOZI,O,O
JSLITZO,O,O
JSLITOZ,O,O
JSLIZTO,O,O
JSLIZOT,O,O
JSLIOTZ,O,O
JSLIOZT,O,O
JSLZTIO,O,O
JSLZTOI,O,O
JSLZITO,O,O
JSLZIOT,O,O
JSLZOTI,O,O
JSLZOIT,O,O
JSLOTIZ,O,O
JSLOTZI,O,O
JSLOITZ,O,O
JSLOIZT,O,O
JSLOZTI,O,O
JSLOZIT,O,O
JSZTILO,O,O
JSZTIOL,O,O
JSZTLIO,O,O
JSZTLOI,O,O
JSZTOIL,O,O
JSZTOLI,O,O
JSZITLO,O,O
JSZITOL,O,O
JSZILTO,O,O
JSZILOT,O,O
JSZIOTL,O,O
JSZIOLT,O,O
JSZLTIO,O,O
JSZLTOI,O,O
JSZLITO,O,O
JSZLIOT,O,O
JSZLOTI,O,O
JSZLOIT,O,O
JSZOTIL,O,O
JSZOTLI,O,O
JSZOITL,O,O
JSZOILT,O,O
JSZOLTI,O,O
JSZOLIT,O,O
JSOTILZ,O,O
JSOTIZL,O,O
JSOTLIZ,O,O
JSOTLZI,O,O
JSOTZIL,O,O
JSOTZLI,O,O
JSOITLZ,O,O
JSOITZL,O,O
JSOILTZ,O,O
JSOILZT,O,O
JSOIZTL,O,O
JSOIZLT,O,O
JSOLTIZ,O,O
JSOLTZI,O,O
JSOLITZ,O,O
JSOLIZT,O,O
JSOLZTI,O,O
JSOLZIT,O,O
JSOZTIL,O,O
JSOZTLI,O,O
JSOZITL,O,O
JSOZILT,O,O
JSOZLTI,O,O
JSOZLIT,O,O
JZTILSO,X,O
JZTILOS,X,O
JZTISLO,X,O
JZTISOL,X,O
JZTIOLS,X,O
JZTIOSL,X,O
JZTLISO,X,O
JZTLIOS,X,O
JZTLSIO,X,O
JZTLSOI,X,O
JZTLOIS,X,O
JZTLOSI,X,O
JZTSILO,X,O
JZTSIOL,X,O
JZTSLIO,X,O
JZTSLOI,X,O
JZTSOIL,X,O
JZTSOLI,X,O
JZTOILS,X,O
JZTOISL,X,O
JZTOLIS,X,O
JZTOLSI,X,O
JZTOSIL,X,O
JZTOSLI,X,O
JZITLSO,X,O
JZITLOS,X,O
JZITSLO,X,O
JZITSOL,X,O
JZITOLS,X,O
JZITOSL,X,O
JZILTSO,X,O
JZILTOS,X,O
JZILSTO,X,O
JZILSOT,X,O
JZILOTS,X,O
JZILOST,X,O
JZISTLO,X,O
JZISTOL,X,O
JZISLTO,X,O
JZISLOT,X,O
JZISOTL,X,O
JZISOLT,X,O
JZIOTLS,X,O
JZIOTSL,X,O
JZIOLTS,X,O
JZIOLST,X,O
JZIOSTL,X,O
JZIOSLT,X,O
JZLTISO,X,O
JZLTIOS,X,O
JZLTSIO,X,O
JZLTSOI,X,O
JZLTOIS,X,O
JZLTOSI,X,O
JZLITSO,X,O
JZLITOS,X,O
JZLISTO,X,O
JZLISOT,X,O
JZLIOTS,X,O
JZLIOST,X,O
JZLSTIO,X,O
JZLSTOI,X,O
JZLSITO,X,O
JZLSIOT,X,O
JZLSOTI,X,O
JZLSOIT,X,O
JZLOTIS,X,O
JZLOTSI,X,O
JZLOITS,X,O
JZLOIST,X,O
JZLOSTI,X,O
JZLOSIT,X,O
JZSTILO,X,O
JZSTIOL,X,O
JZSTLIO,X,O
JZSTLOI,X,O
JZSTOIL,X,O
JZSTOLI,X,O
JZSITLO,X,O
JZSITOL,X,O
JZSILTO,X,O
JZSILOT,X,O
JZSIOTL,X,O
JZSIOLT,X,O
JZSLTIO,X,O
JZSLTOI,X,O
JZSLITO,X,O
JZSLIOT,X,O
JZSLOTI,X,O
JZSLOIT,X,O
JZSOTIL,X,O
JZSOTLI,X,O
JZSOITL,X,O
JZSOILT,X,O
JZSOLTI,X,O
JZSOLIT,X,O
JZOTILS,X,O
JZOTISL,X,O
JZOTLIS,X,O
JZOTLSI,X,O
JZOTSIL,X,O
JZOTSLI,X,O
JZOITLS,X,O
JZOITSL,X,O
JZOILTS,X,O
JZOILST,X,O
JZOISTL,X,O
JZOISLT,X,O
JZOLTIS,X,O
JZOLTSI,X,O
JZOLITS,X,O
JZOLIST,X,O
JZOLSTI,X,O
JZOLSIT,X,O
JZOSTIL,X,O
JZOSTLI,X,O
JZOSITL,X,O
JZOSILT,X,O
JZOSLTI,X,O
JZOSLIT,X,O
JOTILSZ,O,O
JOTILZS,O,O
JOTISLZ,O,O
JOTISZL,O,O
JOTIZLS,O,O
JOTIZSL,O,O
JOTLISZ,O,O
JOTLIZS,O,O
JOTLSIZ,O,O
JOTLSZI,O,O
JOTLZIS,O,O
JOTLZSI,O,O
JOTSILZ,O,O
JOTSIZL,O,O
JOTSLIZ,O,O
JOTSLZI,O,O
JOTSZIL,O,O
JOTSZLI,O,O
JOTZILS,O,O
JOTZISL,O,O
JOTZLIS,O,O
JOTZLSI,O,O
JOTZSIL,O,O
JOTZSLI,O,O
JOITLSZ,O,O
JOITLZS,O,O
JOITSLZ,O,O
JOITSZL,O,O
JOITZLS,O,O
JOITZSL,O,O
JOILTSZ,O,O
JOILTZS,O,O
JOILSTZ,O,O
JOILSZT,O,O
JOILZTS,X,O
JOILZST,X,O
JOISTLZ,O,O
JOISTZL,O,O
JOISLTZ,O,O
JOISLZT,O,O
JOISZTL,O,O
JOISZLT,O,O
JOIZTLS,X,O
JOIZTSL,X,O
JOIZLTS,X,O
JOIZLST,X,O
JOIZSTL,X,O
JOIZSLT,X,O
JOLTISZ,O,O
JOLTIZS,O,O
JOLTSIZ,O,O
JOLTSZI,O,O
JOLTZIS,O,O
JOLTZSI,O,O
JOLITSZ,O,O
JOLITZS,O,O
JOLISTZ,O,O
JOLISZT,O,O
JOLIZTS,X,O
JOLIZST,X,O
JOLSTIZ,O,O
JOLSTZI,O,O
JOLSITZ,O,O
JOLSIZT,O,O
JOLSZTI,O,O
JOLSZIT,O,O
JOLZTIS,X,O
JOLZTSI,X,O
JOLZITS,X,O
JOLZIST,X,O
JOLZSTI,X,O
JOLZSIT,X,O
JOSTILZ,O,O
JOSTIZL,O,O
JOSTLIZ,O,O
JOSTLZI,O,O
JOSTZIL,O,O
JOSTZLI,O,O
JOSITLZ,O,O
JOSITZL,O,O
JOSILTZ,O,O
JOSILZT,O,O
JOSIZTL,O,O
JOSIZLT,O,O
JOSLTIZ,O,O
JOSLTZI,O,O
JOSLITZ,O,O
JOSLIZT,O,O
JOSLZTI,O,O
JOSLZIT,O,O
JOSZTIL,O,O
JOSZTLI,O,O
JOSZITL,O,O
JOSZILT,O,O
JOSZLTI,O,O
JOSZLIT,O,O
JOZTILS,X,O
JOZTISL,X,O
JOZTLIS,X,O
JOZTLSI,X,O
JOZTSIL,X,O
JOZTSLI,X,O
JOZITLS,X,O
JOZITSL,X,O
JOZILTS,X,O
JOZILST,X,O
JOZISTL,X,O
JOZISLT,X,O
JOZLTIS,X,O
JOZLTSI,X,O
JOZLITS,X,O
JOZLIST,X,O
JOZLSTI,X,O
JOZLSIT,X,O
JOZSTIL,X,O
JOZSTLI,X,O
JOZSITL,X,O
JOZSILT,X,O
JOZSLTI,X,O
JOZSLIT,X,O
STILJZO,O,O
STILJOZ,O,O
STILZJO,O,X
STILZOJ,O,X
STILOJZ,O,O
STILOZJ,O,X
STIJLZO,O,O
STIJLOZ,O,O
STIJZLO,O,O
STIJZOL,O,O
STIJOLZ,O,O
STIJOZL,O,O
STIZLJO,O,X
STIZLOJ,O,X
STIZJLO,O,X
STIZJOL,O,X
STIZOLJ,O,X
STIZOJL,O,X
STIOLJZ,O,O
STIOLZJ,O,X
STIOJLZ,O,O
STIOJZL,O,O
STIOZLJ,O,X
STIOZJL,O,X
STLIJZO,O,O
STLIJOZ,O,O
STLIZJO,O,X
STLIZOJ,O,X
STLIOJZ,O,O
STLIOZJ,O,X
STLJIZO,O,O
STLJIOZ,O,O
STLJZIO,O,O
STLJZOI,O,O
STLJOIZ,O,O
STLJOZI,O,O
STLZIJO,O,X
STLZIOJ,O,X
STLZJIO,O,X
STLZJOI,O,X
STLZOIJ,O,X
STLZOJI,O,X
STLOIJZ,O,O
STLOIZJ,O,X
STLOJIZ,O,O
STLOJZI,O,O
STLOZIJ,O,X
STLOZJI,O,X
STJILZO,O,O
STJILOZ,O,O
STJIZLO,O,O
STJIZOL,O,O
STJIOLZ,O,O
STJIOZL,O,O
STJLIZO,O,O
STJLIOZ,O,O
STJLZIO,O,O
STJLZOI,O,O
STJLOIZ,O,O
STJLOZI,O,O
STJZILO,O,O
STJZIOL,O,O
STJZLIO,O,O
STJZLOI,O,O
STJZOIL,O,O
STJZOLI,O,O
STJOILZ,O,O
STJOIZL,O,O
STJOLIZ,O,O
STJOLZI,O,O
STJOZIL,O,O
STJOZLI,O,O
STZILJO,O,X
STZILOJ,O,X
STZIJLO,O,X
STZIJOL,O,X
STZIOLJ,O,X
STZIOJL,O,X
STZLIJO,O,X
STZLIOJ,O,X
STZLJIO,O,X
STZLJOI,O,X
STZLOIJ,O,X
STZLOJI,O,X
STZJILO,O,X
STZJIOL,O,X
STZJLIO,O,X
STZJLOI,O,X
STZJOIL,O,X
STZJOLI,O,X
STZOILJ,O,X
STZOIJL,O,X
STZOLIJ,O,X
STZOLJI,O,X
STZOJIL,O,X
STZOJLI,O,X
STOILJZ,O,O
STOILZJ,O,X
STOIJLZ,O,O
STOIJZL,O,O
STOIZLJ,O,X
STOIZJL,O,X
STOLIJZ,O,O
STOLIZJ,O,X
STOLJIZ,O,O
STOLJZI,O,O
STOLZIJ,O,X
STOLZJI,O,X
STOJILZ,O,O
STOJIZL,O,O
STOJLIZ,O,O
STOJLZI,O,O
STOJZIL,O,O
STOJZLI,O,O
STOZILJ,O,X
STOZIJL,O,X
STOZLIJ,O,X
STOZLJI,O,X
STOZJIL,O,X
STOZJLI,O,X
SITLJZO,O,O
SITLJOZ,O,O
SITLZJO,O,X
SITLZOJ,O,X
SITLOJZ,O,O
SITLOZJ,O,X
SITJLZO,O,O
SITJLOZ,O,O
SITJZLO,O,O
SITJZOL,O,O
SITJOLZ,O,O
SITJOZL,O,O
SITZLJO,O,X
SITZLOJ,O,X
SITZJLO,O,X
SITZJOL,O,X
SITZOLJ,O,X
SITZOJL,O,X
SITOLJZ,O,O
SITOLZJ,O,X
SITOJLZ,O,O
SITOJZL,O,O
SITOZLJ,O,X
SITOZJL,O,X
SILTJZO,O,O
SILTJOZ,O,O
SILTZJO,O,X
SILTZOJ,O,X
SILTOJZ,O,O
SILTOZJ,O,X
SILJTZO,O,O
SILJTOZ,O,O
SILJZTO,O,O
SILJZOT,O,O
SILJOTZ,O,O
SILJOZT,O,O
SILZTJO,O,X
SILZTOJ,O,X
SILZJTO,O,O
SILZJOT,O,O
SILZOTJ,O,X
SILZOJT,O,O
SILOTJZ,O,O
SILOTZJ,O,X
SILOJTZ,O,O
SILOJZT,O,O
SILOZTJ,O,X
SILOZJT,O,O
SIJTLZO,O,O
SIJTLOZ,O,O
SIJTZLO,O,O
SIJTZOL,O,O
SIJTOLZ,O,O
SIJTOZL,O,O
SIJLTZO,O,O
SIJLTOZ,O,O
SIJLZTO,O,O
SIJLZOT,O,O
SIJLOTZ,O,O
SIJLOZT,O,O
SIJZTLO,O,O
SIJZTOL,O,O
SIJZLTO,O,O
SIJZLOT,O,O
SIJZOTL,O,O
SIJZOLT,O,O
SIJOTLZ,O,O
SIJOTZL,O,O
SIJOLTZ,O,O
SIJOLZT,O,O
SIJOZTL,O,O
SIJOZLT,O,O
SIZTLJO,O,X
SIZTLOJ,O,X
SIZTJLO,O,X
SIZTJOL,O,X
SIZTOLJ,O,X
SIZTOJL,O,X
SIZLTJO,O,X
SIZLTOJ,O,X
SIZLJTO,O,O
SIZLJOT,O,O
SIZLOTJ,O,X
SIZLOJT,O,O
SIZJTLO,O,O
SIZJTOL,O,O
SIZJLTO,O,O
SIZJLOT,O,O
SIZJOTL,O,O
SIZJOLT,O,O
SIZOTLJ,O,X
SIZOTJL,O,X
SIZOLTJ,O,X
SIZOLJT,O,O
SIZOJTL,O,O
SIZOJLT,O,O
SIOTLJZ,O,O
SIOTLZJ,O,X
SIOTJLZ,O,O
SIOTJZL,O,O
SIOTZLJ,O,X
SIOTZJL,O,X
SIOLTJZ,O,O
SIOLTZJ,O,X
SIOLJTZ,O,O
SIOLJZT,O,O
SIOLZTJ,O,X
SIOLZJT,O,O
SIOJTLZ,O,O
SIOJTZL,O,O
SIOJLTZ,O,O
SIOJLZT,O,O
SIOJZTL,O,O
SIOJZLT,O,O
SIOZTLJ,O,X
SIOZTJL,O,X
SIOZLTJ,O,X
SIOZLJT,O,O
SIOZJTL,O,O
SIOZJLT,O,O
SLTIJZO,O,O
SLTIJOZ,O,O
SLTIZJO,O,X
SLTIZOJ,O,X
SLTIOJZ,O,O
SLTIOZJ,O,X
SLTJIZO,O,O
SLTJIOZ,O,O
SLTJZIO,O,O
SLTJZOI,O,O
SLTJOIZ,O,O
SLTJOZI,O,O
SLTZIJO,O,X
SLTZIOJ,O,X
SLTZJIO,O,X
SLTZJOI,O,X
SLTZOIJ,O,X
SLTZOJI,O,X
SLTOIJZ,O,O
SLTOIZJ,O,X
SLTOJIZ,O,O
SLTOJZI,O,O
SLTOZIJ,O,X
SLTOZJI,O,X
SLITJZO,O,O
SLITJOZ,O,O
SLITZJO,O,X
SLITZOJ,O,X
SLITOJZ,O,O
SLITOZJ,O,X
SLIJTZO,O,O
SLIJTOZ,O,O
SLIJZTO,O,O
SLIJZOT,O,O
SLIJOTZ,O,O
SLIJOZT,O,O
SLIZTJO,O,X
SLIZTOJ,O,X
SLIZJTO,O,O
SLIZJOT,O,O
SLIZOTJ,O,X
SLIZOJT,O,O
SLIOTJZ,O,O
SLIOTZJ,O,X
SLIOJTZ,O,O
SLIOJZT,O,O
SLIOZTJ,O,X
SLIOZJT,O,O
SLJTIZO,O,O
SLJTIOZ,O,O
SLJTZIO,O,O
SLJTZOI,O,O
SLJTOIZ,O,O
SLJTOZI,O,O
SLJITZO,O,O
SLJITOZ,O,O
SLJIZTO,O,O
SLJIZOT,O,O
SLJIOTZ,O,O
SLJIOZT,O,O
SLJZTIO,O,O
SLJZTOI,O,O
SLJZITO,O,O
SLJZIOT,O,O
SLJZOTI,O,O
SLJZOIT,O,O
SLJOTIZ,O,O
SLJOTZI,O,O
SLJOITZ,O,O
SLJOIZT,O,O
SLJOZTI,O,O
SLJOZIT,O,O
SLZTIJO,O,X
SLZTIOJ,O,X
SLZTJIO,O,X
SLZTJOI,O,X
SLZTOIJ,O,X
SLZTOJI,O,X
SLZITJO,O,X
SLZITOJ,O,X
SLZIJTO,O,O
SLZIJOT,O,O
SLZIOTJ,O,X
SLZIOJT,O,O
SLZJTIO,O,O
SLZJTOI,O,O
SLZJITO,O,O
SLZJIOT,O,O
SLZJOTI,O,O
SLZJOIT,O,O
SLZOTIJ,O,X
SLZOTJI,O,X
SLZOITJ,O,X
SLZOIJT,O,O
SLZOJTI,O,O
SLZOJIT,O,O
SLOTIJZ,O,O
SLOTIZJ,O,X
SLOTJIZ,O,O
SLOTJZI,O,O
SLOTZIJ,O,X
SLOTZJI,O,X
SLOITJZ,O,O
SLOITZJ,O,X
SLOIJTZ,O,O
SLOIJZT,O,O
SLOIZTJ,O,X
SLOIZJT,O,O
SLOJTIZ,O,O
SLOJTZI,O,O
SLOJITZ,O,O
SLOJIZT,O,O
SLOJZTI,O,O
SLOJZIT,O,O
SLOZTIJ,O,X
SLOZTJI,O,X
SLOZITJ,O,X
SLOZIJT,O,O
SLOZJTI,O,O
SLOZJIT,O,O
SJTILZO,O,O
SJTILOZ,O,O
SJTIZLO,O,O
SJTIZOL,O,O
SJTIOLZ,O,O
SJTIOZL,O,O
SJTLIZO,O,O
SJTLIOZ,O,O
SJTLZIO,O,O
SJTLZOI,O,O
SJTLOIZ,O,O
SJTLOZI,O,O
SJTZILO,O,O
SJTZIOL,O,O
SJTZLIO,O,O
SJTZLOI,O,O
SJTZOIL,O,O
SJTZOLI,O,O
SJTOILZ,O,O
SJTOIZL,O,O
SJTOLIZ,O,O
SJTOLZI,O,O
SJTOZIL,O,O
SJTOZLI,O,O
SJITLZO,O,O
SJITLOZ,O,O
SJITZLO,O,O
SJITZOL,O,O
SJITOLZ,O,O
SJITOZL,O,O
SJILTZO,O,O
SJILTOZ,O,O
SJILZTO,O,O
SJILZOT,O,O
SJILOTZ,O,O
SJILOZT,O,O
SJIZTLO,O,O
SJIZTOL,O,O
SJIZLTO,O,O
SJIZLOT,O,O
SJIZOTL,O,O
SJIZOLT,O,O
SJIOTLZ,O,O
SJIOTZL,O,O
SJIOLTZ,O,O
SJIOLZT,O,O
SJIOZTL,O,O
SJIOZLT,O,O
SJLTIZO,O,O
SJLTIOZ,O,O
SJLTZIO,O,O
SJLTZOI,O,O
SJLTOIZ,O,O
SJLTOZI,O,O
SJLITZO,O,O
SJLITOZ,O,O
SJLIZTO,O,O
SJLIZOT,O,O
SJLIOTZ,O,O
SJLIOZT,O,O
SJLZTIO,O,O
SJLZTOI,O,O
SJLZITO,O,O
SJLZIOT,O,O
SJLZOTI,O,O
SJLZOIT,O,O
SJLOTIZ,O,O
SJLOTZI,O,O
SJLOITZ,O,O
SJLOIZT,O,O
SJLOZTI,O,O
SJLOZIT,O,O
SJZTILO,O,O
SJZTIOL,O,O
SJZTLIO,O,O
SJZTLOI,O,O
SJZTOIL,O,O
SJZTOLI,O,O
SJZITLO,O,O
SJZITOL,O,O
SJZILTO,O,O
SJZILOT,O,O
SJZIOTL,O,O
SJZIOLT,O,O
SJZLTIO,O,O
SJZLTOI,O,O
SJZLITO,O,O
SJZLIOT,O,O
SJZLOTI,O,O
SJZLOIT,O,O
SJZOTIL,O,O
SJZOTLI,O,O
SJZOITL,O,O
SJZOILT,O,O
SJZOLTI,O,O
SJZOLIT,O,O
SJOTILZ,O,O
SJOTIZL,O,O
SJOTLIZ,O,O
SJOTLZI,O,O
SJOTZIL,O,O
SJOTZLI,O,O
SJOITLZ,O,O
SJOITZL,O,O
SJOILTZ,O,O
SJOILZT,O,O
SJOIZTL,O,O
SJOIZLT,O,O
SJOLTIZ,O,O
SJOLTZI,O,O
SJOLITZ,O,O
SJOLIZT,O,O
SJOLZTI,O,O
SJOLZIT,O,O
SJOZTIL,O,O
SJOZTLI,O,O
SJOZITL,O,O
SJOZILT,O,O
SJOZLTI,O,O
SJOZLIT,O,O
SZTILJO,O,X
SZTILOJ,O,X
SZTIJLO,O,X
SZTIJOL,O,X
SZTIOLJ,O,X
SZTIOJL,O,X
SZTLIJO,O,X
SZTLIOJ,O,X
SZTLJIO,O,X
SZTLJOI,O,X
SZTLOIJ,O,X
SZTLOJI,O,X
SZTJILO,O,X
SZTJIOL,O,X
SZTJLIO,O,X
SZTJLOI,O,X
SZTJOIL,O,X
SZTJOLI,O,X
SZTOILJ,O,X
SZTOIJL,O,X
SZTOLIJ,O,X
SZTOLJI,O,X
SZTOJIL,O,X
SZTOJLI,O,X
SZITLJO,O,X
SZITLOJ,O,X
SZITJLO,O,X
SZITJOL,O,X
SZITOLJ,O,X
SZITOJL,O,X
SZILTJO,O,X
SZILTOJ,O,X
SZILJTO,O,O
SZILJOT,O,O
SZILOTJ,O,X
SZILOJT,O,O
SZIJTLO,O,O
SZIJTOL,O,O
SZIJLTO,O,O
SZIJLOT,O,O
SZIJOTL,O,O
SZIJOLT,O,O
SZIOTLJ,O,X
SZIOTJL,O,X
SZIOLTJ,O,X
SZIOLJT,O,O
SZIOJTL,O,O
SZIOJLT,O,O
SZLTIJO,O,X
SZLTIOJ,O,X
SZLTJIO,O,X
SZLTJOI,O,X
SZLTOIJ,O,X
SZLTOJI,O,X
SZLITJO,O,X
SZLITOJ,O,X
SZLIJTO,O,O
SZLIJOT,O,O
SZLIOTJ,O,X
SZLIOJT,O,O
SZLJTIO,O,O
SZLJTOI,O,O
SZLJITO,O,O
SZLJIOT,O,O
SZLJOTI,O,O
SZLJOIT,O,O
SZLOTIJ,O,X
SZLOTJI,O,X
SZLOITJ,O,X
SZLOIJT,O,O
SZLOJTI,O,O
SZLOJIT,O,O
SZJTILO,O,O
SZJTIOL,O,O
SZJTLIO,O,O
SZJTLOI,O,O
SZJTOIL,O,O
SZJTOLI,O,O
SZJITLO,O,O
SZJITOL,O,O
SZJILTO,O,O
SZJILOT,O,O
SZJIOTL,O,O
SZJIOLT,O,O
SZJLTIO,O,O
SZJLTOI,O,O
SZJLITO,O,O
SZJLIOT,O,O
SZJLOTI,O,O
SZJLOIT,O,O
SZJOTIL,O,O
SZJOTLI,O,O
SZJOITL,O,O
SZJOILT,O,O
SZJOLTI,O,O
SZJOLIT,O,O
SZOTILJ,O,X
SZOTIJL,O,X
SZOTLIJ,O,X
SZOTLJI,O,X
SZOTJIL,O,X
SZOTJLI,O,X
SZOITLJ,O,X
SZOITJL,O,X
SZOILTJ,O,X
SZOILJT,O,O
SZOIJTL,O,O
SZOIJLT,O,O
SZOLTIJ,O,X
SZOLTJI,O,X
SZOLITJ,O,X
SZOLIJT,O,O
SZOLJTI,O,O
SZOLJIT,O,O
SZOJTIL,O,O
SZOJTLI,O,O
SZOJITL,O,O
SZOJILT,O,O
SZOJLTI,O,O
SZOJLIT,O,O
SOTILJZ,O,O
SOTILZJ,O,X
SOTIJLZ,O,O
SOTIJZL,O,O
SOTIZLJ,O,X
SOTIZJL,O,X
SOTLIJZ,O,O
SOTLIZJ,O,X
SOTLJIZ,O,O
SOTLJZI,O,O
SOTLZIJ,O,X
SOTLZJI,O,X
SOTJILZ,O,O
SOTJIZL,O,O
SOTJLIZ,O,O
SOTJLZI,O,O
SOTJZIL,O,O
SOTJZLI,O,O
SOTZILJ,O,X
SOTZIJL,O,X
SOTZLIJ,O,X
SOTZLJI,O,X
SOTZJIL,O,X
SOTZJLI,O,X
SOITLJZ,O,O
SOITLZJ,O,X
SOITJLZ,O,O
SOITJZL,O,O
SOITZLJ,O,X
SOITZJL,O,X
SOILTJZ,O,O
SOILTZJ,O,X
SOILJTZ,O,O
SOILJZT,O,O
SOILZTJ,O,X
SOILZJT,O,O
SOIJTLZ,O,O
SOIJTZL,O,O
SOIJLTZ,O,O
SOIJLZT,O,O
SOIJZTL,O,O
SOIJZLT,O,O
SOIZTLJ,O,X
SOIZTJL,O,X
SOIZLTJ,O,X
SOIZLJT,O,O
SOIZJTL,O,O
SOIZJLT,O,O
SOLTIJZ,O,O
SOLTIZJ,O,X
SOLTJIZ,O,O
SOLTJZI,O,O
SOLTZIJ,O,X
SOLTZJI,O,X
SOLITJZ,O,O
SOLITZJ,O,X
SOLIJTZ,O,O
SOLIJZT,O,O
SOLIZTJ,O,X
SOLIZJT,O,O
SOLJTIZ,O,O
SOLJTZI,O,O
SOLJITZ,O,O
SOLJIZT,O,O
SOLJZTI,O,O
SOLJZIT,O,O
SOLZTIJ,O,X
SOLZTJI,O,X
SOLZITJ,O,X
SOLZIJT,O,O
SOLZJTI,O,O
SOLZJIT,O,O
SOJTILZ,O,O
SOJTIZL,O,O
SOJTLIZ,O,O
SOJTLZI,O,O
SOJTZIL,O,O
SOJTZLI,O,O
SOJITLZ,O,O
SOJITZL,O,O
SOJILTZ,O,O
SOJILZT,O,O
SOJIZTL,O,O
SOJIZLT,O,O
SOJLTIZ,O,O
SOJLTZI,O,O
SOJLITZ,O,O
SOJLIZT,O,O
SOJLZTI,O,O
SOJLZIT,O,O
SOJZTIL,O,O
SOJZTLI,O,O
SOJZITL,O,O
SOJZILT,O,O
SOJZLTI,O,O
SOJZLIT,O,O
SOZTILJ,O,X
SOZTIJL,O,X
SOZTLIJ,O,X
SOZTLJI,O,X
SOZTJIL,O,X
SOZTJLI,O,X
SOZITLJ,O,X
SOZITJL,O,X
SOZILTJ,O,X
SOZILJT,O,O
SOZIJTL,O,O
SOZIJLT,O,O
SOZLTIJ,O,X
SOZLTJI,O,X
SOZLITJ,O,X
SOZLIJT,O,O
SOZLJTI,O,O
SOZLJIT,O,O
SOZJTIL,O,O
SOZJTLI,O,O
SOZJITL,O,O
SOZJILT,O,O
SOZJLTI,O,O
SOZJLIT,O,O
ZTILJSO,O,X
ZTILJOS,O,X
ZTILSJO,O,X
ZTILSOJ,O,X
ZTILOJS,O,X
ZTILOSJ,O,X
ZTIJLSO,O,X
ZTIJLOS,O,X
ZTIJSLO,O,X
ZTIJSOL,O,X
ZTIJOLS,O,X
ZTIJOSL,O,X
ZTISLJO,O,X
ZTISLOJ,O,X
ZTISJLO,O,X
ZTISJOL,O,X
ZTISOLJ,O,X
ZTISOJL,O,X
ZTIOLJS,O,X
ZTIOLSJ,O,X
ZTIOJLS,O,X
ZTIOJSL,O,X
ZTIOSLJ,O,X
ZTIOSJL,O,X
ZTLIJSO,O,X
ZTLIJOS,O,X
ZTLISJO,O,X
ZTLISOJ,O,X
ZTLIOJS,O,X
ZTLIOSJ,O,X
ZTLJISO,O,X
ZTLJIOS,O,X
ZTLJSIO,O,X
ZTLJSOI,O,X
ZTLJOIS,O,X
ZTLJOSI,O,X
ZTLSIJO,O,X
ZTLSIOJ,O,X
ZTLSJIO,O,X
ZTLSJOI,O,X
ZTLSOIJ,O,X
ZTLSOJI,O,X
ZTLOIJS,O,X
ZTLOISJ,O,X
ZTLOJIS,O,X
ZTLOJSI,O,X
ZTLOSIJ,O,X
ZTLOSJI,O,X
ZTJILSO,O,X
ZTJILOS,O,X
ZTJISLO,O,X
ZTJISOL,O,X
ZTJIOLS,O,X
ZTJIOSL,O,X
ZTJLISO,O,X
ZTJLIOS,O,X
ZTJLSIO,O,X
ZTJLSOI,O,X
ZTJLOIS,O,X
ZTJLOSI,O,X
ZTJSILO,O,X
ZTJSIOL,O,X
ZTJSLIO,O,X
ZTJSLOI,O,X
ZTJSOIL,O,X
ZTJSOLI,O,X
ZTJOILS,O,X
ZTJOISL,O,X
ZTJOLIS,O,X
ZTJOLSI,O,X
ZTJOSIL,O,X
ZTJOSLI,O,X
ZTSILJO,O,X
ZTSILOJ,O,X
ZTSIJLO,O,X
ZTSIJOL,O,X
ZTSIOLJ,O,X
ZTSIOJL,O,X
ZTSLIJO,O,X
ZTSLIOJ,O,X
ZTSLJIO,O,X
ZTSLJOI,O,X
ZTSLOIJ,O,X
ZTSLOJI,O,X
ZTSJILO,O,X
ZTSJIOL,O,X
ZTSJLIO,O,X
ZTSJLOI,O,X
ZTSJOIL,O,X
ZTSJOLI,O,X
ZTSOILJ,O,X
ZTSOIJL,O,X
ZTSOLIJ,O,X
ZTSOLJI,O,X
ZTSOJIL,O,X
ZTSOJLI,O,X
ZTOILJS,O,X
ZTOILSJ,O,X
ZTOIJLS,O,X
ZTOIJSL,O,X
ZTOISLJ,O,X
ZTOISJL,O,X
ZTOLIJS,O,X
ZTOLISJ,O,X
ZTOLJIS,O,X
ZTOLJSI,O,X
ZTOLSIJ,O,X
ZTOLSJI,O,X
ZTOJILS,O,X
ZTOJISL,O,X
ZTOJLIS,O,X
ZTOJLSI,O,X
ZTOJSIL,O,X
ZTOJSLI,O,X
ZTOSILJ,O,X
ZTOSIJL,O,X
ZTOSLIJ,O,X
ZTOSLJI,O,X
ZTOSJIL,O,X
ZTOSJLI,O,X
ZITLJSO,O,X
ZITLJOS,O,X
ZITLSJO,O,X
ZITLSOJ,O,X
ZITLOJS,O,X
ZITLOSJ,O,X
ZITJLSO,O,X
ZITJLOS,O,X
ZITJSLO,O,X
ZITJSOL,O,X
ZITJOLS,O,X
ZITJOSL,O,X
ZITSLJO,O,X
ZITSLOJ,O,X
ZITSJLO,O,X
ZITSJOL,O,X
ZITSOLJ,O,X
ZITSOJL,O,X
ZITOLJS,O,X
ZITOLSJ,O,X
ZITOJLS,O,X
ZITOJSL,O,X
ZITOSLJ,O,X
ZITOSJL,O,X
ZILTJSO,O,X
ZILTJOS,O,X
ZILTSJO,O,X
ZILTSOJ,O,X
ZILTOJS,O,X
ZILTOSJ,O,X
ZILJTSO,X,O
ZILJTOS,X,O
ZILJSTO,X,O
ZILJSOT,X,O
ZILJOTS,X,O
ZILJOST,X,O
ZILSTJO,O,X
ZILSTOJ,O,X
ZILSJTO,O,O
ZILSJOT,O,O
ZILSOTJ,O,X
ZILSOJT,O,O
ZILOTJS,O,X
ZILOTSJ,O,X
ZILOJTS,X,O
ZILOJST,X,O
ZILOSTJ,O,X
ZILOSJT,O,O
ZIJTLSO,X,O
ZIJTLOS,X,O
ZIJTSLO,X,O
ZIJTSOL,X,O
ZIJTOLS,X,O
ZIJTOSL,X,O
ZIJLTSO,X,O
ZIJLTOS,X,O
ZIJLSTO,X,O
ZIJLSOT,X,O
ZIJLOTS,X,O
ZIJLOST,X,O
ZIJSTLO,X,O
ZIJSTOL,X,O
ZIJSLTO,X,O
ZIJSLOT,X,O
ZIJSOTL,X,O
ZIJSOLT,X,O
ZIJOTLS,X,O
ZIJOTSL,X,O
ZIJOLTS,X,O
ZIJOLST,X,O
ZIJOSTL,X,O
ZIJOSLT,X,O
ZISTLJO,O,X
ZISTLOJ,O,X
ZISTJLO,O,X
ZISTJOL,O,X
ZISTOLJ,O,X
ZISTOJL,O,X
ZISLTJO,O,X
ZISLTOJ,O,X
ZISLJTO,O,O
ZISLJOT,O,O
ZISLOTJ,O,X
ZISLOJT,O,O
ZISJTLO,O,O
ZISJTOL,O,O
ZISJLTO,O,O
ZISJLOT,O,O
ZISJOTL,O,O
ZISJOLT,O,O
ZISOTLJ,O,X
ZISOTJL,O,X
ZISOLTJ,O,X
ZISOLJT,O,O
ZISOJTL,O,O
ZISOJLT,O,O
ZIOTLJS,O,X
ZIOTLSJ,O,X
ZIOTJLS,O,X
ZIOTJSL,O,X
ZIOTSLJ,O,X
ZIOTSJL,O,X
ZIOLTJS,O,X
ZIOLTSJ,O,X
ZIOLJTS,X,O
ZIOLJST,X,O
ZIOLSTJ,O,X
ZIOLSJT,O,O
ZIOJTLS,X,O
ZIOJTSL,X,O
ZIOJLTS,X,O
ZIOJLST,X,O
ZIOJSTL,X,O
ZIOJSLT,X,O
ZIOSTLJ,O,X
ZIOSTJL,O,X
ZIOSLTJ,O,X
ZIOSLJT,O,O
ZIOSJTL,O,O
ZIOSJLT,O,O
ZLTIJSO,O,X
ZLTIJOS,O,X
ZLTISJO,O,X
ZLTISOJ,O,X
ZLTIOJS,O,X
ZLTIOSJ,O,X
ZLTJISO,O,X
ZLTJIOS,O,X
ZLTJSIO,O,X
ZLTJSOI,O,X
ZLTJOIS,O,X
ZLTJOSI,O,X
ZLTSIJO,O,X
ZLTSIOJ,O,X
ZLTSJIO,O,X
ZLTSJOI,O,X
ZLTSOIJ,O,X
ZLTSOJI,O,X
ZLTOIJS,O,X
ZLTOISJ,O,X
ZLTOJIS,O,X
ZLTOJSI,O,X
ZLTOSIJ,O,X
ZLTOSJI,O,X
ZLITJSO,O,X
ZLITJOS,O,X
ZLITSJO,O,X
ZLITSOJ,O,X
ZLITOJS,O,X
ZLITOSJ,O,X
ZLIJTSO,X,O
ZLIJTOS,X,O
ZLIJSTO,X,O
ZLIJSOT,X,O
ZLIJOTS,X,O
ZLIJOST,X,O
ZLISTJO,O,X
ZLISTOJ,O,X
ZLISJTO,O,O
ZLISJOT,O,O
ZLISOTJ,O,X
ZLISOJT,O,O
ZLIOTJS,O,X
ZLIOTSJ,O,X
ZLIOJTS,X,O
ZLIOJST,X,O
ZLIOSTJ,O,X
ZLIOSJT,O,O
ZLJTISO,X,O
ZLJTIOS,X,O
ZLJTSIO,X,O
ZLJTSOI,X,O
ZLJTOIS,X,O
ZLJTOSI,X,O
ZLJITSO,X,O
ZLJITOS,X,O
ZLJISTO,X,O
ZLJISOT,X,O
ZLJIOTS,X,O
ZLJIOST,X,O
ZLJSTIO,X,O
ZLJSTOI,X,O
ZLJSITO,X,O
ZLJSIOT,X,O
ZLJSOTI,X,O
ZLJSOIT,X,O
ZLJOTIS,X,O
ZLJOTSI,X,O
ZLJOITS,X,O
ZLJOIST,X,O
ZLJOSTI,X,O
ZLJOSIT,X,O
ZLSTIJO,O,X
ZLSTIOJ,O,X
ZLSTJIO,O,X
ZLSTJOI,O,X
ZLSTOIJ,O,X
ZLSTOJI,O,X
ZLSITJO,O,X
ZLSITOJ,O,X
ZLSIJTO,O,O
ZLSIJOT,O,O
ZLSIOTJ,O,X
ZLSIOJT,O,O
ZLSJTIO,O,O
ZLSJTOI,O,O
ZLSJITO,O,O
ZLSJIOT,O,O
ZLSJOTI,O,O
ZLSJOIT,O,O
ZLSOTIJ,O,X
ZLSOTJI,O,X
ZLSOITJ,O,X
ZLSOIJT,O,O
ZLSOJTI,O,O
ZLSOJIT,O,O
ZLOTIJS,O,X
ZLOTISJ,O,X
ZLOTJIS,O,X
ZLOTJSI,O,X
ZLOTSIJ,O,X
ZLOTSJI,O,X
ZLOITJS,O,X
ZLOITSJ,O,X
ZLOIJTS,X,O
ZLOIJST,X,O
ZLOISTJ,O,X
ZLOISJT,O,O
ZLOJTIS,X,O
ZLOJTSI,X,O
ZLOJITS,X,O
ZLOJIST,X,O
ZLOJSTI,X,O
ZLOJSIT,X,O
ZLOSTIJ,O,X
ZLOSTJI,O,X
ZLOSITJ,O,X
ZLOSIJT,O,O
ZLOSJTI,O,O
ZLOSJIT,O,O
ZJTILSO,X,O
ZJTILOS,X,O
ZJTISLO,X,O
ZJTISOL,X,O
ZJTIOLS,X,O
ZJTIOSL,X,O
ZJTLISO,X,O
ZJTLIOS,X,O
ZJTLSIO,X,O
ZJTLSOI,X,O
ZJTLOIS,X,O
ZJTLOSI,X,O
ZJTSILO,X,O
ZJTSIOL,X,O
ZJTSLIO,X,O
ZJTSLOI,X,O
ZJTSOIL,X,O
ZJTSOLI,X,O
ZJTOILS,X,O
ZJTOISL,X,O
ZJTOLIS,X,O
ZJTOLSI,X,O
ZJTOSIL,X,O
ZJTOSLI,X,O
ZJITLSO,X,O
ZJITLOS,X,O
ZJITSLO,X,O
ZJITSOL,X,O
ZJITOLS,X,O
ZJITOSL,X,O
ZJILTSO,X,O
ZJILTOS,X,O
ZJILSTO,X,O
ZJILSOT,X,O
ZJILOTS,X,O
ZJILOST,X,O
ZJISTLO,X,O
ZJISTOL,X,O
ZJISLTO,X,O
ZJISLOT,X,O
ZJISOTL,X,O
ZJISOLT,X,O
ZJIOTLS,X,O
ZJIOTSL,X,O
ZJIOLTS,X,O
ZJIOLST,X,O
ZJIOSTL,X,O
ZJIOSLT,X,O
ZJLTISO,X,O
ZJLTIOS,X,O
ZJLTSIO,X,O
ZJLTSOI,X,O
ZJLTOIS,X,O
ZJLTOSI,X,O
ZJLITSO,X,O
ZJLITOS,X,O
ZJLISTO,X,O
ZJLISOT,X,O
ZJLIOTS,X,O
ZJLIOST,X,O
ZJLSTIO,X,O
ZJLSTOI,X,O
ZJLSITO,X,O
ZJLSIOT,X,O
ZJLSOTI,X,O
ZJLSOIT,X,O
ZJLOTIS,X,O
ZJLOTSI,X,O
ZJLOITS,X,O
ZJLOIST,X,O
ZJLOSTI,X,O
ZJLOSIT,X,O
ZJSTILO,X,O
ZJSTIOL,X,O
ZJSTLIO,X,O
ZJSTLOI,X,O
ZJSTOIL,X,O
ZJSTOLI,X,O
ZJSITLO,X,O
ZJSITOL,X,O
ZJSILTO,X,O
ZJSILOT,X,O
ZJSIOTL,X,O
ZJSIOLT,X,O
ZJSLTIO,X,O
ZJSLTOI,X,O
ZJSLITO,X,O
ZJSLIOT,X,O
ZJSLOTI,X,O
ZJSLOIT,X,O
ZJSOTIL,X,O
ZJSOTLI,X,O
ZJSOITL,X,O
ZJSOILT,X,O
ZJSOLTI,X,O
ZJSOLIT,X,O
ZJOTILS,X,O
ZJOTISL,X,O
ZJOTLIS,X,O
ZJOTLSI,X,O
ZJOTSIL,X,O
ZJOTSLI,X,O
ZJOITLS,X,O
ZJOITSL,X,O
ZJOILTS,X,O
ZJOILST,X,O
ZJOISTL,X,O
ZJOISLT,X,O
ZJOLTIS,X,O
ZJOLTSI,X,O
ZJOLITS,X,O
ZJOLIST,X,O
ZJOLSTI,X,O
ZJOLSIT,X,O
ZJOSTIL,X,O
ZJOSTLI,X,O
ZJOSITL,X,O
ZJOSILT,X,O
ZJOSLTI,X,O
ZJOSLIT,X,O
ZSTILJO,O,X
ZSTILOJ,O,X
ZSTIJLO,O,X
ZSTIJOL,O,X
ZSTIOLJ,O,X
ZSTIOJL,O,X
ZSTLIJO,O,X
ZSTLIOJ,O,X
ZSTLJIO,O,X
ZSTLJOI,O,X
ZSTLOIJ,O,X
ZSTLOJI,O,X
ZSTJILO,O,X
ZSTJIOL,O,X
ZSTJLIO,O,X
ZSTJLOI,O,X
ZSTJOIL,O,X
ZSTJOLI,O,X
ZSTOILJ,O,X
ZSTOIJL,O,X
ZSTOLIJ,O,X
ZSTOLJI,O,X
ZSTOJIL,O,X
ZSTOJLI,O,X
ZSITLJO,O,X
ZSITLOJ,O,X
ZSITJLO,O,X
ZSITJOL,O,X
ZSITOLJ,O,X
ZSITOJL,O,X
ZSILTJO,O,X
ZSILTOJ,O,X
ZSILJTO,O,O
ZSILJOT,O,O
ZSILOTJ,O,X
ZSILOJT,O,O
ZSIJTLO,O,O
ZSIJTOL,O,O
ZSIJLTO,O,O
ZSIJLOT,O,O
ZSIJOTL,O,O
ZSIJOLT,O,O
ZSIOTLJ,O,X
ZSIOTJL,O,X
ZSIOLTJ,O,X
ZSIOLJT,O,O
ZSIOJTL,O,O
ZSIOJLT,O,O
ZSLTIJO,O,X
ZSLTIOJ,O,X
ZSLTJIO,O,X
ZSLTJOI,O,X
ZSLTOIJ,O,X
ZSLTOJI,O,X
ZSLITJO,O,X
ZSLITOJ,O,X
ZSLIJTO,O,O
ZSLIJOT,O,O
ZSLIOTJ,O,X
ZSLIOJT,O,O
ZSLJTIO,O,O
ZSLJTOI,O,O
ZSLJITO,O,O
ZSLJIOT,O,O
ZSLJOTI,O,O
ZSLJOIT,O,O
ZSLOTIJ,O,X
ZSLOTJI,O,X
ZSLOITJ,O,X
ZSLOIJT,O,O
ZSLOJTI,O,O
ZSLOJIT,O,O
ZSJTILO,O,O
ZSJTIOL,O,O
ZSJTLIO,O,O
ZSJTLOI,O,O
ZSJTOIL,O,O
ZSJTOLI,O,O
ZSJITLO,O,O
ZSJITOL,O,O
ZSJILTO,O,O
ZSJILOT,O,O
ZSJIOTL,O,O
ZSJIOLT,O,O
ZSJLTIO,O,O
ZSJLTOI,O,O
ZSJLITO,O,O
ZSJLIOT,O,O
ZSJLOTI,O,O
ZSJLOIT,O,O
ZSJOTIL,O,O
ZSJOTLI,O,O
ZSJOITL,O,O
ZSJOILT,O,O
ZSJOLTI,O,O
ZSJOLIT,O,O
ZSOTILJ,O,X
ZSOTIJL,O,X
ZSOTLIJ,O,X
ZSOTLJI,O,X
ZSOTJIL,O,X
ZSOTJLI,O,X
ZSOITLJ,O,X
ZSOITJL,O,X
ZSOILTJ,O,X
ZSOILJT,O,O
ZSOIJTL,O,O
ZSOIJLT,O,O
ZSOLTIJ,O,X
ZSOLTJI,O,X
ZSOLITJ,O,X
ZSOLIJT,O,O
ZSOLJTI,O,O
ZSOLJIT,O,O
ZSOJTIL,O,O
ZSOJTLI,O,O
ZSOJITL,O,O
ZSOJILT,O,O
ZSOJLTI,O,O
ZSOJLIT,O,O
ZOTILJS,O,X
ZOTILSJ,O,X
ZOTIJLS,O,X
ZOTIJSL,O,X
ZOTISLJ,O,X
ZOTISJL,O,X
ZOTLIJS,O,X
ZOTLISJ,O,X
ZOTLJIS,O,X
ZOTLJSI,O,X
ZOTLSIJ,O,X
ZOTLSJI,O,X
ZOTJILS,O,X
ZOTJISL,O,X
ZOTJLIS,O,X
ZOTJLSI,O,X
ZOTJSIL,O,X
ZOTJSLI,O,X
ZOTSILJ,O,X
ZOTSIJL,O,X
ZOTSLIJ,O,X
ZOTSLJI,O,X
ZOTSJIL,O,X
ZOTSJLI,O,X
ZOITLJS,O,X
ZOITLSJ,O,X
ZOITJLS,O,X
ZOITJSL,O,X
ZOITSLJ,O,X
ZOITSJL,O,X
ZOILTJS,O,X
ZOILTSJ,O,X
ZOILJTS,X,O
ZOILJST,X,O
ZOILSTJ,O,X
ZOILSJT,O,O
ZOIJTLS,X,O
ZOIJTSL,X,O
ZOIJLTS,X,O
ZOIJLST,X,O
ZOIJSTL,X,O
ZOIJSLT,X,O
ZOISTLJ,O,X
ZOISTJL,O,X
ZOISLTJ,O,X
ZOISLJT,O,O
ZOISJTL,O,O
ZOISJLT,O,O
ZOLTIJS,O,X
ZOLTISJ,O,X
ZOLTJIS,O,X
ZOLTJSI,O,X
ZOLTSIJ,O,X
ZOLTSJI,O,X
ZOLITJS,O,X
ZOLITSJ,O,X
ZOLIJTS,X,O
ZOLIJST,X,O
ZOLISTJ,O,X
ZOLISJT,O,O
ZOLJTIS,X,O
ZOLJTSI,X,O
ZOLJITS,X,O
ZOLJIST,X,O
ZOLJSTI,X,O
ZOLJSIT,X,O
ZOLSTIJ,O,X
ZOLSTJI,O,X
ZOLSITJ,O,X
ZOLSIJT,O,O
ZOLSJTI,O,O
ZOLSJIT,O,O
ZOJTILS,X,O
ZOJTISL,X,O
ZOJTLIS,X,O
ZOJTLSI,X,O
ZOJTSIL,X,O
ZOJTSLI,X,O
ZOJITLS,X,O
ZOJITSL,X,O
ZOJILTS,X,O
ZOJILST,X,O
ZOJISTL,X,O
ZOJISLT,X,O
ZOJLTIS,X,O
ZOJLTSI,X,O
ZOJLITS,X,O
ZOJLIST,X,O
ZOJLSTI,X,O
ZOJLSIT,X,O
ZOJSTIL,X,O
ZOJSTLI,X,O
ZOJSITL,X,O
ZOJSILT,X,O
ZOJSLTI,X,O
ZOJSLIT,X,O
ZOSTILJ,O,X
ZOSTIJL,O,X
ZOSTLIJ,O,X
ZOSTLJI,O,X
ZOSTJIL,O,X
ZOSTJLI,O,X
ZOSITLJ,O,X
ZOSITJL,O,X
ZOSILTJ,O,X
ZOSILJT,O,O
ZOSIJTL,O,O
ZOSIJLT,O,O
ZOSLTIJ,O,X
ZOSLTJI,O,X
ZOSLITJ,O,X
ZOSLIJT,O,O
ZOSLJTI,O,O
ZOSLJIT,O,O
ZOSJTIL,O,O
ZOSJTLI,O,O
ZOSJITL,O,O
ZOSJILT,O,O
ZOSJLTI,O,O
ZOSJLIT,O,O
OTILJSZ,O,O
OTILJZS,O,O
OTILSJZ,O,O
OTILSZJ,O,X
OTILZJS,O,X
OTILZSJ,O,X
OTIJLSZ,O,O
OTIJLZS,O,O
OTIJSLZ,O,O
OTIJSZL,O,O
OTIJZLS,O,O
OTIJZSL,O,O
OTISLJZ,O,O
OTISLZJ,O,X
OTISJLZ,O,O
OTISJZL,O,O
OTISZLJ,O,X
OTISZJL,O,X
OTIZLJS,O,X
OTIZLSJ,O,X
OTIZJLS,O,X
OTIZJSL,O,X
OTIZSLJ,O,X
OTIZSJL,O,X
OTLIJSZ,O,O
OTLIJZS,O,O
OTLISJZ,O,O
OTLISZJ,O,X
OTLIZJS,O,X
OTLIZSJ,O,X
OTLJISZ,O,O
OTLJIZS,O,O
OTLJSIZ,O,O
OTLJSZI,O,O
OTLJZIS,O,O
OTLJZSI,O,O
OTLSIJZ,O,O
OTLSIZJ,O,X
OTLSJIZ,O,O
OTLSJZI,O,O
OTLSZIJ,O,X
OTLSZJI,O,X
OTLZIJS,O,X
OTLZISJ,O,X
OTLZJIS,O,X
OTLZJSI,O,X
OTLZSIJ,O,X
OTLZSJI,O,X
OTJILSZ,O,O
OTJILZS,O,O
OTJISLZ,O,O
OTJISZL,O,O
OTJIZLS,O,O
OTJIZSL,O,O
OTJLISZ,O,O
OTJLIZS,O,O
OTJLSIZ,O,O
OTJLSZI,O,O
OTJLZIS,O,O
OTJLZSI,O,O
OTJSILZ,O,O
OTJSIZL,O,O
OTJSLIZ,O,O
OTJSLZI,O,O
OTJSZIL,O,O
OTJSZLI,O,O
OTJZILS,O,O
OTJZISL,O,O
OTJZLIS,O,O
OTJZLSI,O,O
OTJZSIL,O,O
OTJZSLI,O,O
OTSILJZ,O,O
OTSILZJ,O,X
OTSIJLZ,O,O
OTSIJZL,O,O
OTSIZLJ,O,X
OTSIZJL,O,X
OTSLIJZ,O,O
OTSLIZJ,O,X
OTSLJIZ,O,O
OTSLJZI,O,O
OTSLZIJ,O,X
OTSLZJI,O,X
OTSJILZ,O,O
OTSJIZL,O,O
OTSJLIZ,O,O
OTSJLZI,O,O
OTSJZIL,O,O
OTSJZLI,O,O
OTSZILJ,O,X
OTSZIJL,O,X
OTSZLIJ,O,X
OTSZLJI,O,X
OTSZJIL,O,X
OTSZJLI,O,X
OTZILJS,O,X
OTZILSJ,O,X
OTZIJLS,O,X
OTZIJSL,O,X
OTZISLJ,O,X
OTZISJL,O,X
OTZLIJS,O,X
OTZLISJ,O,X
OTZLJIS,O,X
OTZLJSI,O,X
OTZLSIJ,O,X
OTZLSJI,O,X
OTZJILS,O,X
OTZJISL,O,X
OTZJLIS,O,X
OTZJLSI,O,X
OTZJSIL,O,X
OTZJSLI,O,X
OTZSILJ,O,X
OTZSIJL,O,X
OTZSLIJ,O,X
OTZSLJI,O,X
OTZSJIL,O,X
OTZSJLI,O,X
OITLJSZ,O,O
OITLJZS,O,O
OITLSJZ,O,O
OITLSZJ,O,X
OITLZJS,O,X
OITLZSJ,O,X
OITJLSZ,O,O
OITJLZS,O,O
OITJSLZ,O,O
OITJSZL,O,O
OITJZLS,O,O
OITJZSL,O,O
OITSLJZ,O,O
OITSLZJ,O,X
OITSJLZ,O,O
OITSJZL,O,O
OITSZLJ,O,X
OITSZJL,O,X
OITZLJS,O,X
OITZLSJ,O,X
OITZJLS,O,X
OITZJSL,O,X
OITZSLJ,O,X
OITZSJL,O,X
OILTJSZ,O,O
OILTJZS,O,O
OILTSJZ,O,O
OILTSZJ,O,X
OILTZJS,O,X
OILTZSJ,O,X
OILJTSZ,O,O
OILJTZS,O,O
OILJSTZ,O,O
OILJSZT,O,O
OILJZTS,X,O
OILJZST,X,O
OILSTJZ,O,O
OILSTZJ,O,X
OILSJTZ,O,O
OILSJZT,O,O
OILSZTJ,O,X
OILSZJT,O,O
OILZTJS,O,X
OILZTSJ,O,X
OILZJTS,X,O
OILZJST,X,O
OILZSTJ,O,X
OILZSJT,O,O
OIJTLSZ,O,O
OIJTLZS,O,O
OIJTSLZ,O,O
OIJTSZL,O,O
OIJTZLS,O,O
OIJTZSL,O,O
OIJLTSZ,O,O
OIJLTZS,O,O
OIJLSTZ,O,O
OIJLSZT,O,O
OIJLZTS,X,O
OIJLZST,X,O
OIJSTLZ,O,O
OIJSTZL,O,O
OIJSLTZ,O,O
OIJSLZT,O,O
OIJSZTL,O,O
OIJSZLT,O,O
OIJZTLS,X,O
OIJZTSL,X,O
OIJZLTS,X,O
OIJZLST,X,O
OIJZSTL,X,O
OIJZSLT,X,O
OISTLJZ,O,O
OISTLZJ,O,X
OISTJLZ,O,O
OISTJZL,O,O
OISTZLJ,O,X
OISTZJL,O,X
OISLTJZ,O,O
OISLTZJ,O,X
OISLJTZ,O,O
OISLJZT,O,O
OISLZTJ,O,X
OISLZJT,O,O
OISJTLZ,O,O
OISJTZL,O,O
OISJLTZ,O,O
OISJLZT,O,O
OISJZTL,O,O
OISJZLT,O,O
OISZTLJ,O,X
OISZTJL,O,X
OISZLTJ,O,X
OISZLJT,O,O
OISZJTL,O,O
OISZJLT,O,O
OIZTLJS,O,X
OIZTLSJ,O,X
OIZTJLS,O,X
OIZTJSL,O,X
OIZTSLJ,O,X
OIZTSJL,O,X
OIZLTJS,O,X
OIZLTSJ,O,X
OIZLJTS,X,O
OIZLJST,X,O
OIZLSTJ,O,X
OIZLSJT,O,O
OIZJTLS,X,O
OIZJTSL,X,O
OIZJLTS,X,O
OIZJLST,X,O
OIZJSTL,X,O
OIZJSLT,X,O
OIZSTLJ,O,X
OIZSTJL,O,X
OIZSLTJ,O,X
OIZSLJT,O,O
OIZSJTL,O,O
OIZSJLT,O,O
OLTIJSZ,O,O
OLTIJZS,O,O
OLTISJZ,O,O
OLTISZJ,O,X
OLTIZJS,O,X
OLTIZSJ,O,X
OLTJISZ,O,O
OLTJIZS,O,O
OLTJSIZ,O,O
OLTJSZI,O,O
OLTJZIS,O,O
OLTJZSI,O,O
OLTSIJZ,O,O
OLTSIZJ,O,X
OLTSJIZ,O,O
OLTSJZI,O,O
OLTSZIJ,O,X
OLTSZJI,O,X
OLTZIJS,O,X
OLTZISJ,O,X
OLTZJIS,O,X
OLTZJSI,O,X
OLTZSIJ,O,X
OLTZSJI,O,X
OLITJSZ,O,O
OLITJZS,O,O
OLITSJZ,O,O
OLITSZJ,O,X
OLITZJS,O,X
OLITZSJ,O,X
OLIJTSZ,O,O
OLIJTZS,O,O
OLIJSTZ,O,O
OLIJSZT,O,O
OLIJZTS,X,O
OLIJZST,X,O
OLISTJZ,O,O
OLISTZJ,O,X
OLISJTZ,O,O
OLISJZT,O,O
OLISZTJ,O,X
OLISZJT,O,O
OLIZTJS,O,X
OLIZTSJ,O,X
OLIZJTS,X,O
OLIZJST,X,O
OLIZSTJ,O,X
OLIZSJT,O,O
OLJTISZ,O,O
OLJTIZS,O,O
OLJTSIZ,O,O
OLJTSZI,O,O
OLJTZIS,O,O
OLJTZSI,O,O
OLJITSZ,O,O
OLJITZS,O,O
OLJISTZ,O,O
OLJISZT,O,O
OLJIZTS,X,O
OLJIZST,X,O
OLJSTIZ,O,O
OLJSTZI,O,O
OLJSITZ,O,O
OLJSIZT,O,O
OLJSZTI,O,O
OLJSZIT,O,O
OLJZTIS,X,O
OLJZTSI,X,O
OLJZITS,X,O
OLJZIST,X,O
OLJZSTI,X,O
OLJZSIT,X,O
OLSTIJZ,O,O
OLSTIZJ,O,X
OLSTJIZ,O,O
OLSTJZI,O,O
OLSTZIJ,O,X
OLSTZJI,O,X
OLSITJZ,O,O
OLSITZJ,O,X
OLSIJTZ,O,O
OLSIJZT,O,O
OLSIZTJ,O,X
OLSIZJT,O,O
OLSJTIZ,O,O
OLSJTZI,O,O
OLSJITZ,O,O
OLSJIZT,O,O
OLSJZTI,O,O
OLSJZIT,O,O
OLSZTIJ,O,X
OLSZTJI,O,X
OLSZITJ,O,X
OLSZIJT,O,O
OLSZJTI,O,O
OLSZJIT,O,O
OLZTIJS,O,X
OLZTISJ,O,X
OLZTJIS,O,X
OLZTJSI,O,X
OLZTSIJ,O,X
OLZTSJI,O,X
OLZITJS,O,X
OLZITSJ,O,X
OLZIJTS,X,O
OLZIJST,X,O
OLZISTJ,O,X
OLZISJT,O,O
OLZJTIS,X,O
OLZJTSI,X,O
OLZJITS,X,O
OLZJIST,X,O
OLZJSTI,X,O
OLZJSIT,X,O
OLZSTIJ,O,X
OLZSTJI,O,X
OLZSITJ,O,X
OLZSIJT,O,O
OLZSJTI,O,O
OLZSJIT,O,O
OJTILSZ,O,O
OJTILZS,O,O
OJTISLZ,O,O
OJTISZL,O,O
OJTIZLS,O,O
OJTIZSL,O,O
OJTLISZ,O,O
OJTLIZS,O,O
OJTLSIZ,O,O
OJTLSZI,O,O
OJTLZIS,O,O
OJTLZSI,O,O
OJTSILZ,O,O
OJTSIZL,O,O
OJTSLIZ,O,O
OJTSLZI,O,O
OJTSZIL,O,O
OJTSZLI,O,O
OJTZILS,O,O
OJTZISL,O,O
OJTZLIS,O,O
OJTZLSI,O,O
OJTZSIL,O,O
OJTZSLI,O,O
OJITLSZ,O,O
OJITLZS,O,O
OJITSLZ,O,O
OJITSZL,O,O
OJITZLS,O,O
OJITZSL,O,O
OJILTSZ,O,O
OJILTZS,O,O
OJILSTZ,O,O
OJILSZT,O,O
OJILZTS,X,O
OJILZST,X,O
OJISTLZ,O,O
OJISTZL,O,O
OJISLTZ,O,O
OJISLZT,O,O
OJISZTL,O,O
OJISZLT,O,O
OJIZTLS,X,O
OJIZTSL,X,O
OJIZLTS,X,O
OJIZLST,X,O
OJIZSTL,X,O
OJIZSLT,X,O
OJLTISZ,O,O
OJLTIZS,O,O
OJLTSIZ,O,O
OJLTSZI,O,O
OJLTZIS,O,O
OJLTZSI,O,O
OJLITSZ,O,O
OJLITZS,O,O
OJLISTZ,O,O
OJLISZT,O,O
OJLIZTS,X,O
OJLIZST,X,O
OJLSTIZ,O,O
OJLSTZI,O,O
OJLSITZ,O,O
OJLSIZT,O,O
OJLSZTI,O,O
OJLSZIT,O,O
OJLZTIS,X,O
OJLZTSI,X,O
OJLZITS,X,O
OJLZIST,X,O
OJLZSTI,X,O
OJLZSIT,X,O
OJSTILZ,O,O
OJSTIZL,O,O
OJSTLIZ,O,O
OJSTLZI,O,O
OJSTZIL,O,O
OJSTZLI,O,O
OJSITLZ,O,O
OJSITZL,O,O
OJSILTZ,O,O
OJSILZT,O,O
OJSIZTL,O,O
OJSIZLT,O,O
OJSLTIZ,O,O
OJSLTZI,O,O
OJSLITZ,O,O
OJSLIZT,O,O
OJSLZTI,O,O
OJSLZIT,O,O
OJSZTIL,O,O
OJSZTLI,O,O
OJSZITL,O,O
OJSZILT,O,O
OJSZLTI,O,O
OJSZLIT,O,O
OJZTILS,X,O
OJZTISL,X,O
OJZTLIS,X,O
OJZTLSI,X,O
OJZTSIL,X,O
OJZTSLI,X,O
OJZITLS,X,O
OJZITSL,X,O
OJZILTS,X,O
OJZILST,X,O
OJZISTL,X,O
OJZISLT,X,O
OJZLTIS,X,O
OJZLTSI,X,O
OJZLITS,X,O
OJZLIST,X,O
OJZLSTI,X,O
OJZLSIT,X,O
OJZSTIL,X,O
OJZSTLI,X,O
OJZSITL,X,O
OJZSILT,X,O
OJZSLTI,X,O
OJZSLIT,X,O
OSTILJZ,O,O
OSTILZJ,O,X
OSTIJLZ,O,O
OSTIJZL,O,O
OSTIZLJ,O,X
OSTIZJL,O,X
OSTLIJZ,O,O
OSTLIZJ,O,X
OSTLJIZ,O,O
OSTLJZI,O,O
OSTLZIJ,O,X
OSTLZJI,O,X
OSTJILZ,O,O
OSTJIZL,O,O
OSTJLIZ,O,O
OSTJLZI,O,O
OSTJZIL,O,O
OSTJZLI,O,O
OSTZILJ,O,X
OSTZIJL,O,X
OSTZLIJ,O,X
OSTZLJI,O,X
OSTZJIL,O,X
OSTZJLI,O,X
OSITLJZ,O,O
OSITLZJ,O,X
OSITJLZ,O,O
OSITJZL,O,O
OSITZLJ,O,X
OSITZJL,O,X
OSILTJZ,O,O
OSILTZJ,O,X
OSILJTZ,O,O
OSILJZT,O,O
OSILZTJ,O,X
OSILZJT,O,O
OSIJTLZ,O,O
OSIJTZL,O,O
OSIJLTZ,O,O
OSIJLZT,O,O
OSIJZTL,O,O
OSIJZLT,O,O
OSIZTLJ,O,X
OSIZTJL,O,X
OSIZLTJ,O,X
OSIZLJT,O,O
OSIZJTL,O,O
OSIZJLT,O,O
OSLTIJZ,O,O
OSLTIZJ,O,X
OSLTJIZ,O,O
OSLTJZI,O,O
OSLTZIJ,O,X
OSLTZJI,O,X
OSLITJZ,O,O
OSLITZJ,O,X
OSLIJTZ,O,O
OSLIJZT,O,O
OSLIZTJ,O,X
OSLIZJT,O,O
OSLJTIZ,O,O
OSLJTZI,O,O
OSLJITZ,O,O
OSLJIZT,O,O
OSLJZTI,O,O
OSLJZIT,O,O
OSLZTIJ,O,X
OSLZTJI,O,X
OSLZITJ,O,X
OSLZIJT,O,O
OSLZJTI,O,O
OSLZJIT,O,O
OSJTILZ,O,O
OSJTIZL,O,O
OSJTLIZ,O,O
OSJTLZI,O,O
OSJTZIL,O,O
OSJTZLI,O,O
OSJITLZ,O,O
OSJITZL,O,O
OSJILTZ,O,O
OSJILZT,O,O
OSJIZTL,O,O
OSJIZLT,O,O
OSJLTIZ,O,O
OSJLTZI,O,O
OSJLITZ,O,O
OSJLIZT,O,O
OSJLZTI,O,O
OSJLZIT,O,O
OSJZTIL,O,O
OSJZTLI,O,O
OSJZITL,O,O
OSJZILT,O,O
OSJZLTI,O,O
OSJZLIT,O,O
OSZTILJ,O,X
OSZTIJL,O,X
OSZTLIJ,O,X
OSZTLJI,O,X
OSZTJIL,O,X
OSZTJLI,O,X
OSZITLJ,O,X
OSZITJL,O,X
OSZILTJ,O,X
OSZILJT,O,O
OSZIJTL,O,O
OSZIJLT,O,O
OSZLTIJ,O,X
OSZLTJI,O,X
OSZLITJ,O,X
OSZLIJT,O,O
OSZLJTI,O,O
OSZLJIT,O,O
OSZJTIL,O,O
OSZJTLI,O,O
OSZJITL,O,O
OSZJILT,O,O
OSZJLTI,O,O
OSZJLIT,O,O
OZTILJS,O,X
OZTILSJ,O,X
OZTIJLS,O,X
OZTIJSL,O,X
OZTISLJ,O,X
OZTISJL,O,X
OZTLIJS,O,X
OZTLISJ,O,X
OZTLJIS,O,X
OZTLJSI,O,X
OZTLSIJ,O,X
OZTLSJI,O,X
OZTJILS,O,X
OZTJISL,O,X
OZTJLIS,O,X
OZTJLSI,O,X
OZTJSIL,O,X
OZTJSLI,O,X
OZTSILJ,O,X
OZTSIJL,O,X
OZTSLIJ,O,X
OZTSLJI,O,X
OZTSJIL,O,X
OZTSJLI,O,X
OZITLJS,O,X
OZITLSJ,O,X
OZITJLS,O,X
OZITJSL,O,X
OZITSLJ,O,X
OZITSJL,O,X
OZILTJS,O,X
OZILTSJ,O,X
OZILJTS,X,O
OZILJST,X,O
OZILSTJ,O,X
OZILSJT,O,O
OZIJTLS,X,O
OZIJTSL,X,O
OZIJLTS,X,O
OZIJLST,X,O
OZIJSTL,X,O
OZIJSLT,X,O
OZISTLJ,O,X
OZISTJL,O,X
OZISLTJ,O,X
OZISLJT,O,O
OZISJTL,O,O
OZISJLT,O,O
OZLTIJS,O,X
OZLTISJ,O,X
OZLTJIS,O,X
OZLTJSI,O,X
OZLTSIJ,O,X
OZLTSJI,O,X
OZLITJS,O,X
OZLITSJ,O,X
OZLIJTS,X,O
OZLIJST,X,O
OZLISTJ,O,X
OZLISJT,O,O
OZLJTIS,X,O
OZLJTSI,X,O
OZLJITS,X,O
OZLJIST,X,O
OZLJSTI,X,O
OZLJSIT,X,O
OZLSTIJ,O,X
OZLSTJI,O,X
OZLSITJ,O,X
OZLSIJT,O,O
OZLSJTI,O,O
OZLSJIT,O,O
OZJTILS,X,O
OZJTISL,X,O
OZJTLIS,X,O
OZJTLSI,X,O
OZJTSIL,X,O
OZJTSLI,X,O
OZJITLS,X,O
OZJITSL,X,O
OZJILTS,X,O
OZJILST,X,O
OZJISTL,X,O
OZJISLT,X,O
OZJLTIS,X,O
OZJLTSI,X,O
OZJLITS,X,O
OZJLIST,X,O
OZJLSTI,X,O
OZJLSIT,X,O
OZJSTIL,X,O
OZJSTLI,X,O
OZJSITL,X,O
OZJSILT,X,O
OZJSLTI,X,O
OZJSLIT,X,O
OZSTILJ,O,X
OZSTIJL,O,X
OZSTLIJ,O,X
OZSTLJI,O,X
OZSTJIL,O,X
OZSTJLI,O,X
OZSITLJ,O,X
OZSITJL,O,X
OZSILTJ,O,X
OZSILJT,O,O
OZSIJTL,O,O
OZSIJLT,O,O
OZSLTIJ,O,X
OZSLTJI,O,X
OZSLITJ,O,X
OZSLIJT,O,O
OZSLJTI,O,O
OZSLJIT,O,O
OZSJTIL,O,O
OZSJTLI,O,O
OZSJITL,O,O
OZSJILT,O,O
OZSJLTI,O,O
OZSJLIT,O,O
