sequence,v115@IhA8IeA8BeC8DeF8BeA8JeZEJvhFalBulB3hB9oB0n?BzsB
TILJSZO,O
TILJSOZ,O
TILJZSO,O
TILJZOS,O
TILJOSZ,O
TILJOZS,O
TILSJZO,O
TILSJOZ,O
TILSZJO,O
TILSZOJ,O
TILSOJZ,O
TILSOZJ,O
TILZJSO,O
TILZJOS,O
TILZSJO,O
TILZSOJ,O
TILZOJS,O
TILZOSJ,O
TILOJSZ,O
TILOJZS,O
TILOSJZ,O
TILOSZJ,O
TILOZJS,O
TILOZSJ,O
TIJLSZO,O
TIJLSOZ,O
TIJLZSO,O
TIJLZOS,O
TIJLOSZ,O
TIJLOZS,O
TIJSLZO,O
TIJSLOZ,O
TIJSZLO,O
TIJSZOL,O
TIJSOLZ,O
TIJSOZL,O
TIJZLSO,O
TIJZLOS,O
TIJZSLO,O
TIJZSOL,O
TIJZOLS,O
TIJZOSL,O
TIJOLSZ,O
TIJOLZS,O
TIJOSLZ,O
TIJOSZL,O
TIJOZLS,O
TIJOZSL,O
TISLJZO,O
TISLJOZ,O
TISLZJO,O
TISLZOJ,O
TISLOJZ,O
TISLOZJ,O
TISJLZO,O
TISJLOZ,O
TISJZLO,O
TISJZOL,O
TISJOLZ,O
TISJOZL,O
TISZLJO,O
TISZLOJ,O
TISZJLO,O
TISZJOL,O
TISZOLJ,O
TISZOJL,O
TISOLJZ,O
TISOLZJ,O
TISOJLZ,O
TISOJZL,O
TISOZLJ,O
TISOZJL,O
TIZLJSO,O
TIZLJOS,O
TIZLSJO,O
TIZLSOJ,O
TIZLOJS,O
TIZLOSJ,O
TIZJLSO,O
TIZJLOS,O
TIZJSLO,O
TIZJSOL,O
TIZJOLS,O
TIZJOSL,O
TIZSLJO,O
TIZSLOJ,O
TIZSJLO,O
TIZSJOL,O
TIZSOLJ,O
TIZSOJL,O
TIZOLJS,O
TIZOLSJ,O
TIZOJLS,O
TIZOJSL,O
TIZOSLJ,O
TIZOSJL,O
TIOLJSZ,O
TIOLJZS,O
TIOLSJZ,O
TIOLSZJ,O
TIOLZJS,O
TIOLZSJ,O
TIOJLSZ,O
TIOJLZS,O
TIOJSLZ,O
TIOJSZL,O
TIOJZLS,O
TIOJZSL,O
TIOSLJZ,O
TIOSLZJ,O
TIOSJLZ,O
TIOSJZL,O
TIOSZLJ,O
TIOSZJL,O
TIOZLJS,O
TIOZLSJ,O
TIOZJLS,O
TIOZJSL,O
TIOZSLJ,O
TIOZSJL,O
TLIJSZO,O
TLIJSOZ,O
TLIJZSO,O
TLIJZOS,O
TLIJOSZ,O
TLIJOZS,O
TLISJZO,O
TLISJOZ,O
TLISZJO,O
TLISZOJ,O
TLISOJZ,O
TLISOZJ,O
TLIZJSO,O
TLIZJOS,O
TLIZSJO,O
TLIZSOJ,O
TLIZOJS,O
TLIZOSJ,O
TLIOJSZ,O
TLIOJZS,O
TLIOSJZ,O
TLIOSZJ,O
TLIOZJS,O
TLIOZSJ,O
TLJISZO,O
TLJISOZ,O
TLJIZSO,O
TLJIZOS,O
TLJIOSZ,O
TLJIOZS,O
TLJSIZO,O
TLJSIOZ,O
TLJSZIO,O
TLJSZOI,O
TLJSOIZ,O
TLJSOZI,O
TLJZISO,O
TLJZIOS,O
TLJZSIO,O
TLJZSOI,O
TLJZOIS,O
TLJZOSI,O
TLJOISZ,O
TLJOIZS,O
TLJOSIZ,O
TLJOSZI,O
TLJOZIS,O
TLJOZSI,O
TLSIJZO,O
TLSIJOZ,O
TLSIZJO,O
TLSIZOJ,O
TLSIOJZ,O
TLSIOZJ,O
TLSJIZO,O
TLSJIOZ,O
TLSJZIO,O
TLSJZOI,O
TLSJOIZ,O
TLSJOZI,O
TLSZIJO,O
TLSZIOJ,O
TLSZJIO,O
TLSZJOI,O
TLSZOIJ,O
TLSZOJI,O
TLSOIJZ,O
TLSOIZJ,O
TLSOJIZ,O
TLSOJZI,O
TLSOZIJ,O
TLSOZJI,O
TLZIJSO,O
TLZIJOS,O
TLZISJO,O
TLZISOJ,O
TLZIOJS,O
TLZIOSJ,O
TLZJISO,O
TLZJIOS,O
TLZJSIO,O
TLZJSOI,O
TLZJOIS,O
TLZJOSI,O
TLZSIJO,O
TLZSIOJ,O
TLZSJIO,O
TLZSJOI,O
TLZSOIJ,O
TLZSOJI,O
TLZOIJS,O
TLZOISJ,O
TLZOJIS,O
TLZOJSI,O
TLZOSIJ,O
TLZOSJI,O
TLOIJSZ,O
TLOIJZS,O
TLOISJZ,O
TLOISZJ,O
TLOIZJS,O
TLOIZSJ,O
TLOJISZ,O
TLOJIZS,O
TLOJSIZ,O
TLOJSZI,O
TLOJZIS,O
TLOJZSI,O
TLOSIJZ,O
TLOSIZJ,O
TLOSJIZ,O
TLOSJZI,O
TLOSZIJ,O
TLOSZJI,O
TLOZIJS,O
TLOZISJ,O
TLOZJIS,O
TLOZJSI,O
TLOZSIJ,O
TLOZSJI,O
TJILSZO,O
TJILSOZ,O
TJILZSO,O
TJILZOS,O
TJILOSZ,O
TJILOZS,O
TJISLZO,O
TJISLOZ,O
TJISZLO,O
TJISZOL,O
TJISOLZ,O
TJISOZL,O
TJIZLSO,O
TJIZLOS,O
TJIZSLO,O
TJIZSOL,O
TJIZOLS,O
TJIZOSL,O
TJIOLSZ,O
TJIOLZS,O
TJIOSLZ,O
TJIOSZL,O
TJIOZLS,O
TJIOZSL,O
TJLISZO,O
TJLISOZ,O
TJLIZSO,O
TJLIZOS,O
TJLIOSZ,O
TJLIOZS,O
TJLSIZO,O
TJLSIOZ,O
TJLSZIO,O
TJLSZOI,O
TJLSOIZ,O
TJLSOZI,O
TJLZISO,O
TJLZIOS,O
TJLZSIO,O
TJLZSOI,O
TJLZOIS,O
TJLZOSI,O
TJLOISZ,O
TJLOIZS,O
TJLOSIZ,O
TJLOSZI,O
TJLOZIS,O
TJLOZSI,O
TJSILZO,O
TJSILOZ,O
TJSIZLO,O
TJSIZOL,O
TJSIOLZ,O
TJSIOZL,O
TJSLIZO,O
TJSLIOZ,O
TJSLZIO,O
TJSLZOI,O
TJSLOIZ,O
TJSLOZI,O
TJSZILO,O
TJSZIOL,O
TJSZLIO,O
TJSZLOI,O
TJSZOIL,O
TJSZOLI,O
TJSOILZ,O
TJSOIZL,O
TJSOLIZ,O
TJSOLZI,O
TJSOZIL,O
TJSOZLI,O
TJZILSO,O
TJZILOS,O
TJZISLO,O
TJZISOL,O
TJZIOLS,O
TJZIOSL,O
TJZLISO,O
TJZLIOS,O
TJZLSIO,O
TJZLSOI,O
TJZLOIS,O
TJZLOSI,O
TJZSILO,O
TJZSIOL,O
TJZSLIO,O
TJZSLOI,O
TJZSOIL,O
TJZSOLI,O
TJZOILS,O
TJZOISL,O
TJZOLIS,O
TJZOLSI,O
TJZOSIL,O
TJZOSLI,O
TJOILSZ,O
TJOILZS,O
TJOISLZ,O
TJOISZL,O
TJOIZLS,O
TJOIZSL,O
TJOLISZ,O
TJOLIZS,O
TJOLSIZ,O
TJOLSZI,O
TJOLZIS,O
TJOLZSI,O
TJOSILZ,O
TJOSIZL,O
TJOSLIZ,O
TJOSLZI,O
TJOSZIL,O
TJOSZLI,O
TJOZILS,O
TJOZISL,O
TJOZLIS,O
TJOZLSI,O
TJOZSIL,O
TJOZSLI,O
TSILJZO,O
TSILJOZ,O
TSILZJO,O
TSILZOJ,O
TSILOJZ,O
TSILOZJ,O
TSIJLZO,O
TSIJLOZ,O
TSIJZLO,O
TSIJZOL,O
TSIJOLZ,O
TSIJOZL,O
TSIZLJO,O
TSIZLOJ,O
TSIZJLO,O
TSIZJOL,O
TSIZOLJ,O
TSIZOJL,O
TSIOLJZ,O
TSIOLZJ,O
TSIOJLZ,O
TSIOJZL,O
TSIOZLJ,O
TSIOZJL,O
TSLIJZO,O
TSLIJOZ,O
TSLIZJO,O
TSLIZOJ,O
TSLIOJZ,O
TSLIOZJ,O
TSLJIZO,O
TSLJIOZ,O
TSLJZIO,O
TSLJZOI,O
TSLJOIZ,O
TSLJOZI,O
TSLZIJO,O
TSLZIOJ,O
TSLZJIO,O
TSLZJOI,O
TSLZOIJ,O
TSLZOJI,O
TSLOIJZ,O
TSLOIZJ,O
TSLOJIZ,O
TSLOJZI,O
TSLOZIJ,O
TSLOZJI,O
TSJILZO,O
TSJILOZ,O
TSJIZLO,O
TSJIZOL,O
TSJIOLZ,O
TSJIOZL,O
TSJLIZO,O
TSJLIOZ,O
TSJLZIO,O
TSJLZOI,O
TSJLOIZ,O
TSJLOZI,O
TSJZILO,O
TSJZIOL,O
TSJZLIO,O
TSJZLOI,O
TSJZOIL,O
TSJZOLI,O
TSJOILZ,O
TSJOIZL,O
TSJOLIZ,O
TSJOLZI,O
TSJOZIL,O
TSJOZLI,O
TSZILJO,O
TSZILOJ,O
TSZIJLO,O
TSZIJOL,O
TSZIOLJ,O
TSZIOJL,O
TSZLIJO,O
TSZLIOJ,O
TSZLJIO,O
TSZLJOI,O
TSZLOIJ,O
TSZLOJI,O
TSZJILO,O
TSZJIOL,O
TSZJLIO,O
TSZJLOI,O
TSZJOIL,O
TSZJOLI,O
TSZOILJ,O
TSZOIJL,O
TSZOLIJ,O
TSZOLJI,O
TSZOJIL,O
TSZOJLI,O
TSOILJZ,O
TSOILZJ,O
TSOIJLZ,O
TSOIJZL,O
TSOIZLJ,O
TSOIZJL,O
TSOLIJZ,O
TSOLIZJ,O
TSOLJIZ,O
TSOLJZI,O
TSOLZIJ,O
TSOLZJI,O
TSOJILZ,O
TSOJIZL,O
TSOJLIZ,O
TSOJLZI,O
TSOJZIL,O
TSOJZLI,O
TSOZILJ,O
TSOZIJL,O
TSOZLIJ,O
TSOZLJI,O
TSOZJIL,O
TSOZJLI,O
TZILJSO,O
TZILJOS,O
TZILSJO,O
TZILSOJ,O
TZILOJS,O
TZILOSJ,O
TZIJLSO,O
TZIJLOS,O
TZIJSLO,O
TZIJSOL,O
TZIJOLS,O
TZIJOSL,O
TZISLJO,O
TZISLOJ,O
TZISJLO,O
TZISJOL,O
TZISOLJ,O
TZISOJL,O
TZIOLJS,O
TZIOLSJ,O
TZIOJLS,O
TZIOJSL,O
TZIOSLJ,O
TZIOSJL,O
TZLIJSO,O
TZLIJOS,O
TZLISJO,O
TZLISOJ,O
TZLIOJS,O
TZLIOSJ,O
TZLJISO,O
TZLJIOS,O
TZLJSIO,O
TZLJSOI,O
TZLJOIS,O
TZLJOSI,O
TZLSIJO,O
TZLSIOJ,O
TZLSJIO,O
TZLSJOI,O
TZLSOIJ,O
TZLSOJI,O
TZLOIJS,O
TZLOISJ,O
TZLOJIS,O
TZLOJSI,O
TZLOSIJ,O
TZLOSJI,O
TZJILSO,O
TZJILOS,O
TZJISLO,O
TZJISOL,O
TZJIOLS,O
TZJIOSL,O
TZJLISO,O
TZJLIOS,O
TZJLSIO,O
TZJLSOI,O
TZJLOIS,O
TZJLOSI,O
TZJSILO,O
TZJSIOL,O
TZJSLIO,O
TZJSLOI,O
TZJSOIL,O
TZJSOLI,O
TZJOILS,O
TZJOISL,O
TZJOLIS,O
TZJOLSI,O
TZJOSIL,O
TZJOSLI,O
TZSILJO,O
TZSILOJ,O
TZSIJLO,O
TZSIJOL,O
TZSIOLJ,O
TZSIOJL,O
TZSLIJO,O
TZSLIOJ,O
TZSLJIO,O
TZSLJOI,O
TZSLOIJ,O
TZSLOJI,O
TZSJILO,O
TZSJIOL,O
TZSJLIO,O
TZSJLOI,O
TZSJOIL,O
TZSJOLI,O
TZSOILJ,O
TZSOIJL,O
TZSOLIJ,O
TZSOLJI,O
TZSOJIL,O
TZSOJLI,O
TZOILJS,O
TZOILSJ,O
TZOIJLS,O
TZOIJSL,O
TZOISLJ,O
TZOISJL,O
TZOLIJS,O
TZOLISJ,O
TZOLJIS,O
TZOLJSI,O
TZOLSIJ,O
TZOLSJI,O
TZOJILS,O
TZOJISL,O
TZOJLIS,O
TZOJLSI,O
TZOJSIL,O
TZOJSLI,O
TZOSILJ,O
TZOSIJL,O
TZOSLIJ,O
TZOSLJI,O
TZOSJIL,O
TZOSJLI,O
TOILJSZ,O
TOILJZS,O
TOILSJZ,O
TOILSZJ,O
TOILZJS,O
TOILZSJ,O
TOIJLSZ,O
TOIJLZS,O
TOIJSLZ,O
TOIJSZL,O
TOIJZLS,O
TOIJZSL,O
TOISLJZ,O
TOISLZJ,O
TOISJLZ,O
TOISJZL,O
TOISZLJ,O
TOISZJL,O
TOIZLJS,O
TOIZLSJ,O
TOIZJLS,O
TOIZJSL,O
TOIZSLJ,O
TOIZSJL,O
TOLIJSZ,O
TOLIJZS,O
TOLISJZ,O
TOLISZJ,O
TOLIZJS,O
TOLIZSJ,O
TOLJISZ,O
TOLJIZS,O
TOLJSIZ,O
TOLJSZI,O
TOLJZIS,O
TOLJZSI,O
TOLSIJZ,O
TOLSIZJ,O
TOLSJIZ,O
TOLSJZI,O
TOLSZIJ,O
TOLSZJI,O
TOLZIJS,O
TOLZISJ,O
TOLZJIS,O
TOLZJSI,O
TOLZSIJ,O
TOLZSJI,O
TOJILSZ,O
TOJILZS,O
TOJISLZ,O
TOJISZL,O
TOJIZLS,O
TOJIZSL,O
TOJLISZ,O
TOJLIZS,O
TOJLSIZ,O
TOJLSZI,O
TOJLZIS,O
TOJLZSI,O
TOJSILZ,O
TOJSIZL,O
TOJSLIZ,O
TOJSLZI,O
TOJSZIL,O
TOJSZLI,O
TOJZILS,O
TOJZISL,O
TOJZLIS,O
TOJZLSI,O
TOJZSIL,O
TOJZSLI,O
TOSILJZ,O
TOSILZJ,O
TOSIJLZ,O
TOSIJZL,O
TOSIZLJ,O
TOSIZJL,O
TOSLIJZ,O
TOSLIZJ,O
TOSLJIZ,O
TOSLJZI,O
TOSLZIJ,O
TOSLZJI,O
TOSJILZ,O
TOSJIZL,O
TOSJLIZ,O
TOSJLZI,O
TOSJZIL,O
TOSJZLI,O
TOSZILJ,O
TOSZIJL,O
TOSZLIJ,O
TOSZLJI,O
TOSZJIL,O
TOSZJLI,O
TOZILJS,O
TOZILSJ,O
TOZIJLS,O
TOZIJSL,O
TOZISLJ,O
TOZISJL,O
TOZLIJS,O
TOZLISJ,O
TOZLJIS,O
TOZLJSI,O
TOZLSIJ,O
TOZLSJI,O
TOZJILS,O
TOZJISL,O
TOZJLIS,O
TOZJLSI,O
TOZJSIL,O
TOZJSLI,O
TOZSILJ,O
TOZSIJL,O
TOZSLIJ,O
TOZSLJI,O
TOZSJIL,O
TOZSJLI,O
ITLJSZO,O
ITLJSOZ,O
ITLJZSO,O
ITLJZOS,O
ITLJOSZ,O
ITLJOZS,O
ITLSJZO,O
ITLSJOZ,O
ITLSZJO,O
ITLSZOJ,O
ITLSOJZ,O
ITLSOZJ,O
ITLZJSO,O
ITLZJOS,O
ITLZSJO,O
ITLZSOJ,O
ITLZOJS,O
ITLZOSJ,O
ITLOJSZ,O
ITLOJZS,O
ITLOSJZ,O
ITLOSZJ,O
ITLOZJS,O
ITLOZSJ,O
ITJLSZO,O
ITJLSOZ,O
ITJLZSO,O
ITJLZOS,O
ITJLOSZ,O
ITJLOZS,O
ITJSLZO,O
ITJSLOZ,O
ITJSZLO,O
ITJSZOL,O
ITJSOLZ,O
ITJSOZL,O
ITJZLSO,O
ITJZLOS,O
ITJZSLO,O
ITJZSOL,O
ITJZOLS,O
ITJZOSL,O
ITJOLSZ,O
ITJOLZS,O
ITJOSLZ,O
ITJOSZL,O
ITJOZLS,O
ITJOZSL,O
ITSLJZO,O
ITSLJOZ,O
ITSLZJO,O
ITSLZOJ,O
ITSLOJZ,O
ITSLOZJ,O
ITSJLZO,O
ITSJLOZ,O
ITSJZLO,O
ITSJZOL,O
ITSJOLZ,O
ITSJOZL,O
ITSZLJO,O
ITSZLOJ,O
ITSZJLO,O
ITSZJOL,O
ITSZOLJ,O
ITSZOJL,O
ITSOLJZ,O
ITSOLZJ,O
ITSOJLZ,O
ITSOJZL,O
ITSOZLJ,O
ITSOZJL,O
ITZLJSO,O
ITZLJOS,O
ITZLSJO,O
ITZLSOJ,O
ITZLOJS,O
ITZLOSJ,O
ITZJLSO,O
ITZJLOS,O
ITZJSLO,O
ITZJSOL,O
ITZJOLS,O
ITZJOSL,O
ITZSLJO,O
ITZSLOJ,O
ITZSJLO,O
ITZSJOL,O
ITZSOLJ,O
ITZSOJL,O
ITZOLJS,O
ITZOLSJ,O
ITZOJLS,O
ITZOJSL,O
ITZOSLJ,O
ITZOSJL,O
ITOLJSZ,O
ITOLJZS,O
ITOLSJZ,O
ITOLSZJ,O
ITOLZJS,O
ITOLZSJ,O
ITOJLSZ,O
ITOJLZS,O
ITOJSLZ,O
ITOJSZL,O
ITOJZLS,O
ITOJZSL,O
ITOSLJZ,O
ITOSLZJ,O
ITOSJLZ,O
ITOSJZL,O
ITOSZLJ,O
ITOSZJL,O
ITOZLJS,O
ITOZLSJ,O
ITOZJLS,O
ITOZJSL,O
ITOZSLJ,O
ITOZSJL,O
ILTJSZO,O
ILTJSOZ,O
ILTJZSO,O
ILTJZOS,O
ILTJOSZ,O
ILTJOZS,O
ILTSJZO,O
ILTSJOZ,O
ILTSZJO,O
ILTSZOJ,O
ILTSOJZ,O
ILTSOZJ,O
ILTZJSO,O
ILTZJOS,O
ILTZSJO,O
ILTZSOJ,O
ILTZOJS,O
ILTZOSJ,O
ILTOJSZ,O
ILTOJZS,O
ILTOSJZ,O
ILTOSZJ,O
ILTOZJS,O
ILTOZSJ,O
ILJTSZO,O
ILJTSOZ,O
ILJTZSO,O
ILJTZOS,O
ILJTOSZ,O
ILJTOZS,O
ILJSTZO,O
ILJSTOZ,O
ILJSZTO,O
ILJSZOT,O
ILJSOTZ,O
ILJSOZT,O
ILJZTSO,O
ILJZTOS,O
ILJZSTO,O
ILJZSOT,O
ILJZOTS,O
ILJZOST,O
ILJOTSZ,O
ILJOTZS,O
ILJOSTZ,O
ILJOSZT,O
ILJOZTS,O
ILJOZST,O
ILSTJZO,O
ILSTJOZ,O
ILSTZJO,O
ILSTZOJ,O
ILSTOJZ,O
ILSTOZJ,O
ILSJTZO,O
ILSJTOZ,O
ILSJZTO,O
ILSJZOT,O
ILSJOTZ,O
ILSJOZT,O
ILSZTJO,O
ILSZTOJ,O
ILSZJTO,O
ILSZJOT,O
ILSZOTJ,O
ILSZOJT,O
ILSOTJZ,O
ILSOTZJ,O
ILSOJTZ,O
ILSOJZT,O
ILSOZTJ,O
ILSOZJT,O
ILZTJSO,O
ILZTJOS,O
ILZTSJO,O
ILZTSOJ,O
ILZTOJS,O
ILZTOSJ,O
ILZJTSO,O
ILZJTOS,O
ILZJSTO,O
ILZJSOT,O
ILZJOTS,O
ILZJOST,O
ILZSTJO,O
ILZSTOJ,O
ILZSJTO,O
ILZSJOT,O
ILZSOTJ,O
ILZSOJT,O
ILZOTJS,O
ILZOTSJ,O
ILZOJTS,O
ILZOJST,O
ILZOSTJ,O
ILZOSJT,O
ILOTJSZ,O
ILOTJZS,O
ILOTSJZ,O
ILOTSZJ,O
ILOTZJS,O
ILOTZSJ,O
ILOJTSZ,O
ILOJTZS,O
ILOJSTZ,O
ILOJSZT,O
ILOJZTS,O
ILOJZST,O
ILOSTJZ,O
ILOSTZJ,O
ILOSJTZ,O
ILOSJZT,O
ILOSZTJ,O
ILOSZJT,O
ILOZTJS,O
ILOZTSJ,O
ILOZJTS,O
ILOZJST,O
ILOZSTJ,O
ILOZSJT,O
IJTLSZO,O
IJTLSOZ,O
IJTLZSO,O
IJTLZOS,O
IJTLOSZ,O
IJTLOZS,O
IJTSLZO,O
IJTSLOZ,O
IJTSZLO,O
IJTSZOL,O
IJTSOLZ,O
IJTSOZL,O
IJTZLSO,O
IJTZLOS,O
IJTZSLO,O
IJTZSOL,O
IJTZOLS,O
IJTZOSL,O
IJTOLSZ,O
IJTOLZS,O
IJTOSLZ,O
IJTOSZL,O
IJTOZLS,O
IJTOZSL,O
IJLTSZO,O
IJLTSOZ,O
IJLTZSO,O
IJLTZOS,O
IJLTOSZ,O
IJLTOZS,O
IJLSTZO,O
IJLSTOZ,O
IJLSZTO,O
IJLSZOT,O
IJLSOTZ,O
IJLSOZT,O
IJLZTSO,O
IJLZTOS,O
IJLZSTO,O
IJLZSOT,O
IJLZOTS,O
IJLZOST,O
IJLOTSZ,O
IJLOTZS,O
IJLOSTZ,O
IJLOSZT,O
IJLOZTS,O
IJLOZST,O
IJSTLZO,O
IJSTLOZ,O
IJSTZLO,O
IJSTZOL,O
IJSTOLZ,O
IJSTOZL,O
IJSLTZO,O
IJSLTOZ,O
IJSLZTO,O
IJSLZOT,O
IJSLOTZ,O
IJSLOZT,O
IJSZTLO,O
IJSZTOL,O
IJSZLTO,O
IJSZLOT,O
IJSZOTL,O
IJSZOLT,O
IJSOTLZ,O
IJSOTZL,O
IJSOLTZ,O
IJSOLZT,O
IJSOZTL,O
IJSOZLT,O
IJZTLSO,O
IJZTLOS,O
IJZTSLO,O
IJZTSOL,O
IJZTOLS,O
IJZTOSL,O
IJZLTSO,O
IJZLTOS,O
IJZLSTO,O
IJZLSOT,O
IJZLOTS,O
IJZLOST,O
IJZSTLO,O
IJZSTOL,O
IJZSLTO,O
IJZSLOT,O
IJZSOTL,O
IJZSOLT,O
IJZOTLS,O
IJZOTSL,O
IJZOLTS,O
IJZOLST,O
IJZOSTL,O
IJZOSLT,O
IJOTLSZ,O
IJOTLZS,O
IJOTSLZ,O
IJOTSZL,O
IJOTZLS,O
IJOTZSL,O
IJOLTSZ,O
IJOLTZS,O
IJOLSTZ,O
IJOLSZT,O
IJOLZTS,O
IJOLZST,O
IJOSTLZ,O
IJOSTZL,O
IJOSLTZ,O
IJOSLZT,O
IJOSZTL,O
IJOSZLT,O
IJOZTLS,O
IJOZTSL,O
IJOZLTS,O
IJOZLST,O
IJOZSTL,O
IJOZSLT,O
ISTLJZO,O
ISTLJOZ,O
ISTLZJO,O
ISTLZOJ,O
ISTLOJZ,O
ISTLOZJ,O
ISTJLZO,O
ISTJLOZ,O
ISTJZLO,O
ISTJZOL,O
ISTJOLZ,O
ISTJOZL,O
ISTZLJO,O
ISTZLOJ,O
ISTZJLO,O
ISTZJOL,O
ISTZOLJ,O
ISTZOJL,O
ISTOLJZ,O
ISTOLZJ,O
ISTOJLZ,O
ISTOJZL,O
ISTOZLJ,O
ISTOZJL,O
ISLTJZO,O
ISLTJOZ,O
ISLTZJO,O
ISLTZOJ,O
ISLTOJZ,O
ISLTOZJ,O
ISLJTZO,O
ISLJTOZ,O
ISLJZTO,O
ISLJZOT,O
ISLJOTZ,O
ISLJOZT,O
ISLZTJO,O
ISLZTOJ,O
ISLZJTO,O
ISLZJOT,O
ISLZOTJ,O
ISLZOJT,O
ISLOTJZ,O
ISLOTZJ,O
ISLOJTZ,O
ISLOJZT,O
ISLOZTJ,O
ISLOZJT,O
ISJTLZO,O
ISJTLOZ,O
ISJTZLO,O
ISJTZOL,O
ISJTOLZ,O
ISJTOZL,O
ISJLTZO,O
ISJLTOZ,O
ISJLZTO,O
ISJLZOT,O
ISJLOTZ,O
ISJLOZT,O
ISJZTLO,O
ISJZTOL,O
ISJZLTO,O
ISJZLOT,O
ISJZOTL,O
ISJZOLT,O
ISJOTLZ,O
ISJOTZL,O
ISJOLTZ,O
ISJOLZT,O
ISJOZTL,O
ISJOZLT,O
ISZTLJO,O
ISZTLOJ,O
ISZTJLO,O
ISZTJOL,O
ISZTOLJ,O
ISZTOJL,O
ISZLTJO,O
ISZLTOJ,O
ISZLJTO,O
ISZLJOT,O
ISZLOTJ,O
ISZLOJT,O
ISZJTLO,O
ISZJTOL,O
ISZJLTO,O
ISZJLOT,O
ISZJOTL,O
ISZJOLT,O
ISZOTLJ,O
ISZOTJL,O
ISZOLTJ,O
ISZOLJT,O
ISZOJTL,O
ISZOJLT,O
ISOTLJZ,O
ISOTLZJ,O
ISOTJLZ,O
ISOTJZL,O
ISOTZLJ,O
ISOTZJL,O
ISOLTJZ,O
ISOLTZJ,O
ISOLJTZ,O
ISOLJZT,O
ISOLZTJ,O
ISOLZJT,O
ISOJTLZ,O
ISOJTZL,O
ISOJLTZ,O
ISOJLZT,O
ISOJZTL,O
ISOJZLT,O
ISOZTLJ,O
ISOZTJL,O
ISOZLTJ,O
ISOZLJT,O
ISOZJTL,O
ISOZJLT,O
IZTLJSO,O
IZTLJOS,O
IZTLSJO,O
IZTLSOJ,O
IZTLOJS,O
IZTLOSJ,O
IZTJLSO,O
IZTJLOS,O
IZTJSLO,O
IZTJSOL,O
IZTJOLS,O
IZTJOSL,O
IZTSLJO,O
IZTSLOJ,O
IZTSJLO,O
IZTSJOL,O
IZTSOLJ,O
IZTSOJL,O
IZTOLJS,O
IZTOLSJ,O
IZTOJLS,O
IZTOJSL,O
IZTOSLJ,O
IZTOSJL,O
IZLTJSO,O
IZLTJOS,O
IZLTSJO,O
IZLTSOJ,O
IZLTOJS,O
IZLTOSJ,O
IZLJTSO,O
IZLJTOS,O
IZLJSTO,O
IZLJSOT,O
IZLJOTS,O
IZLJOST,O
IZLSTJO,O
IZLSTOJ,O
IZLSJTO,O
IZLSJOT,O
IZLSOTJ,O
IZLSOJT,O
IZLOTJS,O
IZLOTSJ,O
IZLOJTS,O
IZLOJST,O
IZLOSTJ,O
IZLOSJT,O
IZJTLSO,O
IZJTLOS,O
IZJTSLO,O
IZJTSOL,O
IZJTOLS,O
IZJTOSL,O
IZJLTSO,O
IZJLTOS,O
IZJLSTO,O
IZJLSOT,O
IZJLOTS,O
IZJLOST,O
IZJSTLO,O
IZJSTOL,O
IZJSLTO,O
IZJSLOT,O
IZJSOTL,O
IZJSOLT,O
IZJOTLS,O
IZJOTSL,O
IZJOLTS,O
IZJOLST,O
IZJOSTL,O
IZJOSLT,O
IZSTLJO,O
IZSTLOJ,O
IZSTJLO,O
IZSTJOL,O
IZSTOLJ,O
IZSTOJL,O
IZSLTJO,O
IZSLTOJ,O
IZSLJTO,O
IZSLJOT,O
IZSLOTJ,O
IZSLOJT,O
IZSJTLO,O
IZSJTOL,O
IZSJLTO,O
IZSJLOT,O
IZSJOTL,O
IZSJOLT,O
IZSOTLJ,O
IZSOTJL,O
IZSOLTJ,O
IZSOLJT,O
IZSOJTL,O
IZSOJLT,O
IZOTLJS,O
IZOTLSJ,O
IZOTJLS,O
IZOTJSL,O
IZOTSLJ,O
IZOTSJL,O
IZOLTJS,O
IZOLTSJ,O
IZOLJTS,O
IZOLJST,O
IZOLSTJ,O
IZOLSJT,O
IZOJTLS,O
IZOJTSL,O
IZOJLTS,O
IZOJLST,O
IZOJSTL,O
IZOJSLT,O
IZOSTLJ,O
IZOSTJL,O
IZOSLTJ,O
IZOSLJT,O
IZOSJTL,O
IZOSJLT,O
IOTLJSZ,O
IOTLJZS,O
IOTLSJZ,O
IOTLSZJ,O
IOTLZJS,O
IOTLZSJ,O
IOTJLSZ,O
IOTJLZS,O
IOTJSLZ,O
IOTJSZL,O
IOTJZLS,O
IOTJZSL,O
IOTSLJZ,O
IOTSLZJ,O
IOTSJLZ,O
IOTSJZL,O
IOTSZLJ,O
IOTSZJL,O
IOTZLJS,O
IOTZLSJ,O
IOTZJLS,O
IOTZJSL,O
IOTZSLJ,O
IOTZSJL,O
IOLTJSZ,O
IOLTJZS,O
IOLTSJZ,O
IOLTSZJ,O
IOLTZJS,O
IOLTZSJ,O
IOLJTSZ,O
IOLJTZS,O
IOLJSTZ,O
IOLJSZT,O
IOLJZTS,O
IOLJZST,O
IOLSTJZ,O
IOLSTZJ,O
IOLSJTZ,O
IOLSJZT,O
IOLSZTJ,O
IOLSZJT,O
IOLZTJS,O
IOLZTSJ,O
IOLZJTS,O
IOLZJST,O
IOLZSTJ,O
IOLZSJT,O
IOJTLSZ,O
IOJTLZS,O
IOJTSLZ,O
IOJTSZL,O
IOJTZLS,O
IOJTZSL,O
IOJLTSZ,O
IOJLTZS,O
IOJLSTZ,O
IOJLSZT,O
IOJLZTS,O
IOJLZST,O
IOJSTLZ,O
IOJSTZL,O
IOJSLTZ,O
IOJSLZT,O
IOJSZTL,O
IOJSZLT,O
IOJZTLS,O
IOJZTSL,O
IOJZLTS,O
IOJZLST,O
IOJZSTL,O
IOJZSLT,O
IOSTLJZ,O
IOSTLZJ,O
IOSTJLZ,O
IOSTJZL,O
IOSTZLJ,O
IOSTZJL,O
IOSLTJZ,O
IOSLTZJ,O
IOSLJTZ,O
IOSLJZT,O
IOSLZTJ,O
IOSLZJT,O
IOSJTLZ,O
IOSJTZL,O
IOSJLTZ,O
IOSJLZT,O
IOSJZTL,O
IOSJZLT,O
IOSZTLJ,O
IOSZTJL,O
IOSZLTJ,O
IOSZLJT,O
IOSZJTL,O
IOSZJLT,O
IOZTLJS,O
IOZTLSJ,O
IOZTJLS,O
IOZTJSL,O
IOZTSLJ,O
IOZTSJL,O
IOZLTJS,O
IOZLTSJ,O
IOZLJTS,O
IOZLJST,O
IOZLSTJ,O
IOZLSJT,O
IOZJTLS,O
IOZJTSL,O
IOZJLTS,O
IOZJLST,O
IOZJSTL,O
IOZJSLT,O
IOZSTLJ,O
IOZSTJL,O
IOZSLTJ,O
IOZSLJT,O
IOZSJTL,O
IOZSJLT,O
LTIJSZO,O
LTIJSOZ,O
LTIJZSO,O
LTIJZOS,O
LTIJOSZ,O
LTIJOZS,O
LTISJZO,O
LTISJOZ,O
LTISZJO,O
LTISZOJ,O
LTISOJZ,O
LTISOZJ,O
LTIZJSO,O
LTIZJOS,O
LTIZSJO,O
LTIZSOJ,O
LTIZOJS,O
LTIZOSJ,O
LTIOJSZ,O
LTIOJZS,O
LTIOSJZ,O
LTIOSZJ,O
LTIOZJS,O
LTIOZSJ,O
LTJISZO,O
LTJISOZ,O
LTJIZSO,O
LTJIZOS,O
LTJIOSZ,O
LTJIOZS,O
LTJSIZO,O
LTJSIOZ,O
LTJSZIO,O
LTJSZOI,O
LTJSOIZ,O
LTJSOZI,O
LTJZISO,O
LTJZIOS,O
LTJZSIO,O
LTJZSOI,O
LTJZOIS,O
LTJZOSI,O
LTJOISZ,O
LTJOIZS,O
LTJOSIZ,O
LTJOSZI,O
LTJOZIS,O
LTJOZSI,O
LTSIJZO,O
LTSIJOZ,O
LTSIZJO,O
LTSIZOJ,O
LTSIOJZ,O
LTSIOZJ,O
LTSJIZO,O
LTSJIOZ,O
LTSJZIO,O
LTSJZOI,O
LTSJOIZ,O
LTSJOZI,O
LTSZIJO,O
LTSZIOJ,O
LTSZJIO,O
LTSZJOI,O
LTSZOIJ,O
LTSZOJI,O
LTSOIJZ,O
LTSOIZJ,O
LTSOJIZ,O
LTSOJZI,O
LTSOZIJ,O
LTSOZJI,O
LTZIJSO,O
LTZIJOS,O
LTZISJO,O
LTZISOJ,O
LTZIOJS,O
LTZIOSJ,O
LTZJISO,O
LTZJIOS,O
LTZJSIO,O
LTZJSOI,O
LTZJOIS,O
LTZJOSI,O
LTZSIJO,O
LTZSIOJ,O
LTZSJIO,O
LTZSJOI,O
LTZSOIJ,O
LTZSOJI,O
LTZOIJS,O
LTZOISJ,O
LTZOJIS,O
LTZOJSI,O
LTZOSIJ,O
LTZOSJI,O
LTOIJSZ,O
LTOIJZS,O
LTOISJZ,O
LTOISZJ,O
LTOIZJS,O
LTOIZSJ,O
LTOJISZ,O
LTOJIZS,O
LTOJSIZ,O
LTOJSZI,O
LTOJZIS,O
LTOJZSI,O
LTOSIJZ,O
LTOSIZJ,O
LTOSJIZ,O
LTOSJZI,O
LTOSZIJ,O
LTOSZJI,O
LTOZIJS,O
LTOZISJ,O
LTOZJIS,O
LTOZJSI,O
LTOZSIJ,O
LTOZSJI,O
LITJSZO,O
LITJSOZ,O
LITJZSO,O
LITJZOS,O
LITJOSZ,O
LITJOZS,O
LITSJZO,O
LITSJOZ,O
LITSZJO,O
LITSZOJ,O
LITSOJZ,O
LITSOZJ,O
LITZJSO,O
LITZJOS,O
LITZSJO,O
LITZSOJ,O
LITZOJS,O
LITZOSJ,O
LITOJSZ,O
LITOJZS,O
LITOSJZ,O
LITOSZJ,O
LITOZJS,O
LITOZSJ,O
LIJTSZO,O
LIJTSOZ,O
LIJTZSO,O
LIJTZOS,O
LIJTOSZ,O
LIJTOZS,O
LIJSTZO,O
LIJSTOZ,O
LIJSZTO,O
LIJSZOT,O
LIJSOTZ,O
LIJSOZT,O
LIJZTSO,O
LIJZTOS,O
LIJZSTO,O
LIJZSOT,O
LIJZOTS,O
LIJZOST,O
LIJOTSZ,O
LIJOTZS,O
LIJOSTZ,O
LIJOSZT,O
LIJOZTS,O
LIJOZST,O
LISTJZO,O
LISTJOZ,O
LISTZJO,O
LISTZOJ,O
LISTOJZ,O
LISTOZJ,O
LISJTZO,O
LISJTOZ,O
LISJZTO,O
LISJZOT,O
LISJOTZ,O
LISJOZT,O
LISZTJO,O
LISZTOJ,O
LISZJTO,O
LISZJOT,O
LISZOTJ,O
LISZOJT,O
LISOTJZ,O
LISOTZJ,O
LISOJTZ,O
LISOJZT,O
LISOZTJ,O
LISOZJT,O
LIZTJSO,O
LIZTJOS,O
LIZTSJO,O
LIZTSOJ,O
LIZTOJS,O
LIZTOSJ,O
LIZJTSO,O
LIZJTOS,O
LIZJSTO,O
LIZJSOT,O
LIZJOTS,O
LIZJOST,O
LIZSTJO,O
LIZSTOJ,O
LIZSJTO,O
LIZSJOT,O
LIZSOTJ,O
LIZSOJT,O
LIZOTJS,O
LIZOTSJ,O
LIZOJTS,O
LIZOJST,O
LIZOSTJ,O
LIZOSJT,O
LIOTJSZ,O
LIOTJZS,O
LIOTSJZ,O
LIOTSZJ,O
LIOTZJS,O
LIOTZSJ,O
LIOJTSZ,O
LIOJTZS,O
LIOJSTZ,O
LIOJSZT,O
LIOJZTS,O
LIOJZST,O
LIOSTJZ,O
LIOSTZJ,O
LIOSJTZ,O
LIOSJZT,O
LIOSZTJ,O
LIOSZJT,O
LIOZTJS,O
LIOZTSJ,O
LIOZJTS,O
LIOZJST,O
LIOZSTJ,O
LIOZSJT,O
LJTISZO,O
LJTISOZ,O
LJTIZSO,O
LJTIZOS,O
LJTIOSZ,O
LJTIOZS,O
LJTSIZO,O
LJTSIOZ,O
LJTSZIO,O
LJTSZOI,O
LJTSOIZ,O
LJTSOZI,O
LJTZISO,O
LJTZIOS,O
LJTZSIO,O
LJTZSOI,O
LJTZOIS,O
LJTZOSI,O
LJTOISZ,O
LJTOIZS,O
LJTOSIZ,O
LJTOSZI,O
LJTOZIS,O
LJTOZSI,O
LJITSZO,O
LJITSOZ,O
LJITZSO,O
LJITZOS,O
LJITOSZ,O
LJITOZS,O
LJISTZO,O
LJISTOZ,O
LJISZTO,O
LJISZOT,O
LJISOTZ,O
LJISOZT,O
LJIZTSO,O
LJIZTOS,O
LJIZSTO,O
LJIZSOT,O
LJIZOTS,O
LJIZOST,O
LJIOTSZ,O
LJIOTZS,O
LJIOSTZ,O
LJIOSZT,O
LJIOZTS,O
LJIOZST,O
LJSTIZO,O
LJSTIOZ,O
LJSTZIO,O
LJSTZOI,O
LJSTOIZ,O
LJSTOZI,O
LJSITZO,O
LJSITOZ,O
LJSIZTO,O
LJSIZOT,O
LJSIOTZ,O
LJSIOZT,O
LJSZTIO,O
LJSZTOI,O
LJSZITO,O
LJSZIOT,O
LJSZOTI,O
LJSZOIT,O
LJSOTIZ,O
LJSOTZI,O
LJSOITZ,O
LJSOIZT,O
LJSOZTI,O
LJSOZIT,O
LJZTISO,O
LJZTIOS,O
LJZTSIO,O
LJZTSOI,O
LJZTOIS,O
LJZTOSI,O
LJZITSO,O
LJZITOS,O
LJZISTO,O
LJZISOT,O
LJZIOTS,O
LJZIOST,O
LJZSTIO,O
LJZSTOI,O
LJZSITO,O
LJZSIOT,O
LJZSOTI,O
LJZSOIT,O
LJZOTIS,O
LJZOTSI,O
LJZOITS,O
LJZOIST,O
LJZOSTI,O
LJZOSIT,O
LJOTISZ,O
LJOTIZS,O
LJOTSIZ,O
LJOTSZI,O
LJOTZIS,O
LJOTZSI,O
LJOITSZ,O
LJOITZS,O
LJOISTZ,O
LJOISZT,O
LJOIZTS,O
LJOIZST,O
LJOSTIZ,O
LJOSTZI,O
LJOSITZ,O
LJOSIZT,O
LJOSZTI,O
LJOSZIT,O
LJOZTIS,O
LJOZTSI,O
LJOZITS,O
LJOZIST,O
LJOZSTI,O
LJOZSIT,O
LSTIJZO,O
LSTIJOZ,O
LSTIZJO,O
LSTIZOJ,O
LSTIOJZ,O
LSTIOZJ,O
LSTJIZO,O
LSTJIOZ,O
LSTJZIO,O
LSTJZOI,O
LSTJOIZ,O
LSTJOZI,O
LSTZIJO,O
LSTZIOJ,O
LSTZJIO,O
LSTZJOI,O
LSTZOIJ,O
LSTZOJI,O
LSTOIJZ,O
LSTOIZJ,O
LSTOJIZ,O
LSTOJZI,O
LSTOZIJ,O
LSTOZJI,O
LSITJZO,O
LSITJOZ,O
LSITZJO,O
LSITZOJ,O
LSITOJZ,O
LSITOZJ,O
LSIJTZO,O
LSIJTOZ,O
LSIJZTO,O
LSIJZOT,O
LSIJOTZ,O
LSIJOZT,O
LSIZTJO,O
LSIZTOJ,O
LSIZJTO,O
LSIZJOT,O
LSIZOTJ,O
LSIZOJT,O
LSIOTJZ,O
LSIOTZJ,O
LSIOJTZ,O
LSIOJZT,O
LSIOZTJ,O
LSIOZJT,O
LSJTIZO,O
LSJTIOZ,O
LSJTZIO,O
LSJTZOI,O
LSJTOIZ,O
LSJTOZI,O
LSJITZO,O
LSJITOZ,O
LSJIZTO,O
LSJIZOT,O
LSJIOTZ,O
LSJIOZT,O
LSJZTIO,O
LSJZTOI,O
LSJZITO,O
LSJZIOT,O
LSJZOTI,O
LSJZOIT,O
LSJOTIZ,O
LSJOTZI,O
LSJOITZ,O
LSJOIZT,O
LSJOZTI,O
LSJOZIT,O
LSZTIJO,O
LSZTIOJ,O
LSZTJIO,O
LSZTJOI,O
LSZTOIJ,O
LSZTOJI,O
LSZITJO,O
LSZITOJ,O
LSZIJTO,O
LSZIJOT,O
LSZIOTJ,O
LSZIOJT,O
LSZJTIO,O
LSZJTOI,O
LSZJITO,O
LSZJIOT,O
LSZJOTI,O
LSZJOIT,O
LSZOTIJ,O
LSZOTJI,O
LSZOITJ,O
LSZOIJT,O
LSZOJTI,O
LSZOJIT,O
LSOTIJZ,O
LSOTIZJ,O
LSOTJIZ,O
LSOTJZI,O
LSOTZIJ,O
LSOTZJI,O
LSOITJZ,O
LSOITZJ,O
LSOIJTZ,O
LSOIJZT,O
LSOIZTJ,O
LSOIZJT,O
LSOJTIZ,O
LSOJTZI,O
LSOJITZ,O
LSOJIZT,O
LSOJZTI,O
LSOJZIT,O
LSOZTIJ,O
LSOZTJI,O
LSOZITJ,O
LSOZIJT,O
LSOZJTI,O
LSOZJIT,O
LZTIJSO,O
LZTIJOS,O
LZTISJO,O
LZTISOJ,O
LZTIOJS,O
LZTIOSJ,O
LZTJISO,O
LZTJIOS,O
LZTJSIO,O
LZTJSOI,O
LZTJOIS,O
LZTJOSI,O
LZTSIJO,O
LZTSIOJ,O
LZTSJIO,O
LZTSJOI,O
LZTSOIJ,O
LZTSOJI,O
LZTOIJS,O
LZTOISJ,O
LZTOJIS,O
LZTOJSI,O
LZTOSIJ,O
LZTOSJI,O
LZITJSO,O
LZITJOS,O
LZITSJO,O
LZITSOJ,O
LZITOJS,O
LZITOSJ,O
LZIJTSO,O
LZIJTOS,O
LZIJSTO,O
LZIJSOT,O
LZIJOTS,O
LZIJOST,O
LZISTJO,O
LZISTOJ,O
LZISJTO,O
LZISJOT,O
LZISOTJ,O
LZISOJT,O
LZIOTJS,O
LZIOTSJ,O
LZIOJTS,O
LZIOJST,O
LZIOSTJ,O
LZIOSJT,O
LZJTISO,O
LZJTIOS,O
LZJTSIO,O
LZJTSOI,O
LZJTOIS,O
LZJTOSI,O
LZJITSO,O
LZJITOS,O
LZJISTO,O
LZJISOT,O
LZJIOTS,O
LZJIOST,O
LZJSTIO,O
LZJSTOI,O
LZJSITO,O
LZJSIOT,O
LZJSOTI,O
LZJSOIT,O
LZJOTIS,O
LZJOTSI,O
LZJOITS,O
LZJOIST,O
LZJOSTI,O
LZJOSIT,O
LZSTIJO,O
LZSTIOJ,O
LZSTJIO,O
LZSTJOI,O
LZSTOIJ,O
LZSTOJI,O
LZSITJO,O
LZSITOJ,O
LZSIJTO,O
LZSIJOT,O
LZSIOTJ,O
LZSIOJT,O
LZSJTIO,O
LZSJTOI,O
LZSJITO,O
LZSJIOT,O
LZSJOTI,O
LZSJOIT,O
LZSOTIJ,O
LZSOTJI,O
LZSOITJ,O
LZSOIJT,O
LZSOJTI,O
LZSOJIT,O
LZOTIJS,O
LZOTISJ,O
LZOTJIS,O
LZOTJSI,O
LZOTSIJ,O
LZOTSJI,O
LZOITJS,O
LZOITSJ,O
LZOIJTS,O
LZOIJST,O
LZOISTJ,O
LZOISJT,O
LZOJTIS,O
LZOJTSI,O
LZOJITS,O
LZOJIST,O
LZOJSTI,O
LZOJSIT,O
LZOSTIJ,O
LZOSTJI,O
LZOSITJ,O
LZOSIJT,O
LZOSJTI,O
LZOSJIT,O
LOTIJSZ,O
LOTIJZS,O
LOTISJZ,O
LOTISZJ,O
LOTIZJS,O
LOTIZSJ,O
LOTJISZ,O
LOTJIZS,O
LOTJSIZ,O
LOTJSZI,O
LOTJZIS,O
LOTJZSI,O
LOTSIJZ,O
LOTSIZJ,O
LOTSJIZ,O
LOTSJZI,O
LOTSZIJ,O
LOTSZJI,O
LOTZIJS,O
LOTZISJ,O
LOTZJIS,O
LOTZJSI,O
LOTZSIJ,O
LOTZSJI,O
LOITJSZ,O
LOITJZS,O
LOITSJZ,O
LOITSZJ,O
LOITZJS,O
LOITZSJ,O
LOIJTSZ,O
LOIJTZS,O
LOIJSTZ,O
LOIJSZT,O
LOIJZTS,O
LOIJZST,O
LOISTJZ,O
LOISTZJ,O
LOISJTZ,O
LOISJZT,O
LOISZTJ,O
LOISZJT,O
LOIZTJS,O
LOIZTSJ,O
LOIZJTS,O
LOIZJST,O
LOIZSTJ,O
LOIZSJT,O
LOJTISZ,O
LOJTIZS,O
LOJTSIZ,O
LOJTSZI,O
LOJTZIS,O
LOJTZSI,O
LOJITSZ,O
LOJITZS,O
LOJISTZ,O
LOJISZT,O
LOJIZTS,O
LOJIZST,O
LOJSTIZ,O
LOJSTZI,O
LOJSITZ,O
LOJSIZT,O
LOJSZTI,O
LOJSZIT,O
LOJZTIS,O
LOJZTSI,O
LOJZITS,O
LOJZIST,O
LOJZSTI,O
LOJZSIT,O
LOSTIJZ,O
LOSTIZJ,O
LOSTJIZ,O
LOSTJZI,O
LOSTZIJ,O
LOSTZJI,O
LOSITJZ,O
LOSITZJ,O
LOSIJTZ,O
LOSIJZT,O
LOSIZTJ,O
LOSIZJT,O
LOSJTIZ,O
LOSJTZI,O
LOSJITZ,O
LOSJIZT,O
LOSJZTI,O
LOSJZIT,O
LOSZTIJ,O
LOSZTJI,O
LOSZITJ,O
LOSZIJT,O
LOSZJTI,O
LOSZJIT,O
LOZTIJS,O
LOZTISJ,O
LOZTJIS,O
LOZTJSI,O
LOZTSIJ,O
LOZTSJI,O
LOZITJS,O
LOZITSJ,O
LOZIJTS,O
LOZIJST,O
LOZISTJ,O
LOZISJT,O
LOZJTIS,O
LOZJTSI,O
LOZJITS,O
LOZJIST,O
LOZJSTI,O
LOZJSIT,O
LOZSTIJ,O
LOZSTJI,O
LOZSITJ,O
LOZSIJT,O
LOZSJTI,O
LOZSJIT,O
JTILSZO,O
JTILSOZ,O
JTILZSO,O
JTILZOS,O
JTILOSZ,O
JTILOZS,O
JTISLZO,O
JTISLOZ,O
JTISZLO,O
JTISZOL,O
JTISOLZ,O
JTISOZL,O
JTIZLSO,O
JTIZLOS,O
JTIZSLO,O
JTIZSOL,O
JTIZOLS,O
JTIZOSL,O
JTIOLSZ,O
JTIOLZS,O
JTIOSLZ,O
JTIOSZL,O
JTIOZLS,O
JTIOZSL,O
JTLISZO,O
JTLISOZ,O
JTLIZSO,O
JTLIZOS,O
JTLIOSZ,O
JTLIOZS,O
JTLSIZO,O
JTLSIOZ,O
JTLSZIO,O
JTLSZOI,O
JTLSOIZ,O
JTLSOZI,O
JTLZISO,O
JTLZIOS,O
JTLZSIO,O
JTLZSOI,O
JTLZOIS,O
JTLZOSI,O
JTLOISZ,O
JTLOIZS,O
JTLOSIZ,O
JTLOSZI,O
JTLOZIS,O
JTLOZSI,O
JTSILZO,O
JTSILOZ,O
JTSIZLO,O
JTSIZOL,O
JTSIOLZ,O
JTSIOZL,O
JTSLIZO,O
JTSLIOZ,O
JTSLZIO,O
JTSLZOI,O
JTSLOIZ,O
JTSLOZI,O
JTSZILO,O
JTSZIOL,O
JTSZLIO,O
JTSZLOI,O
JTSZOIL,O
JTSZOLI,O
JTSOILZ,O
JTSOIZL,O
JTSOLIZ,O
JTSOLZI,O
JTSOZIL,O
JTSOZLI,O
JTZILSO,O
JTZILOS,O
JTZISLO,O
JTZISOL,O
JTZIOLS,O
JTZIOSL,O
JTZLISO,O
JTZLIOS,O
JTZLSIO,O
JTZLSOI,O
JTZLOIS,O
JTZLOSI,O
JTZSILO,O
JTZSIOL,O
JTZSLIO,O
JTZSLOI,O
JTZSOIL,O
JTZSOLI,O
JTZOILS,O
JTZOISL,O
JTZOLIS,O
JTZOLSI,O
JTZOSIL,O
JTZOSLI,O
JTOILSZ,O
JTOILZS,O
JTOISLZ,O
JTOISZL,O
JTOIZLS,O
JTOIZSL,O
JTOLISZ,O
JTOLIZS,O
JTOLSIZ,O
JTOLSZI,O
JTOLZIS,O
JTOLZSI,O
JTOSILZ,O
JTOSIZL,O
JTOSLIZ,O
JTOSLZI,O
JTOSZIL,O
JTOSZLI,O
JTOZILS,O
JTOZISL,O
JTOZLIS,O
JTOZLSI,O
JTOZSIL,O
JTOZSLI,O
JITLSZO,O
JITLSOZ,O
JITLZSO,O
JITLZOS,O
JITLOSZ,O
JITLOZS,O
JITSLZO,O
JITSLOZ,O
JITSZLO,O
JITSZOL,O
JITSOLZ,O
JITSOZL,O
JITZLSO,O
JITZLOS,O
JITZSLO,O
JITZSOL,O
JITZOLS,O
JITZOSL,O
JITOLSZ,O
JITOLZS,O
JITOSLZ,O
JITOSZL,O
JITOZLS,O
JITOZSL,O
JILTSZO,O
JILTSOZ,O
JILTZSO,O
JILTZOS,O
JILTOSZ,O
JILTOZS,O
JILSTZO,O
JILSTOZ,O
JILSZTO,O
JILSZOT,O
JILSOTZ,O
JILSOZT,O
JILZTSO,O
JILZTOS,O
JILZSTO,O
JILZSOT,O
JILZOTS,O
JILZOST,O
JILOTSZ,O
JILOTZS,O
JILOSTZ,O
JILOSZT,O
JILOZTS,O
JILOZST,O
JISTLZO,O
JISTLOZ,O
JISTZLO,O
JISTZOL,O
JISTOLZ,O
JISTOZL,O
JISLTZO,O
JISLTOZ,O
JISLZTO,O
JISLZOT,O
JISLOTZ,O
JISLOZT,O
JISZTLO,O
JISZTOL,O
JISZLTO,O
JISZLOT,O
JISZOTL,O
JISZOLT,O
JISOTLZ,O
JISOTZL,O
JISOLTZ,O
JISOLZT,O
JISOZTL,O
JISOZLT,O
JIZTLSO,O
JIZTLOS,O
JIZTSLO,O
JIZTSOL,O
JIZTOLS,O
JIZTOSL,O
JIZLTSO,O
JIZLTOS,O
JIZLSTO,O
JIZLSOT,O
JIZLOTS,O
JIZLOST,O
JIZSTLO,O
JIZSTOL,O
JIZSLTO,O
JIZSLOT,O
JIZSOTL,O
JIZSOLT,O
JIZOTLS,O
JIZOTSL,O
JIZOLTS,O
JIZOLST,O
JIZOSTL,O
JIZOSLT,O
JIOTLSZ,O
JIOTLZS,O
JIOTSLZ,O
JIOTSZL,O
JIOTZLS,O
JIOTZSL,O
JIOLTSZ,O
JIOLTZS,O
JIOLSTZ,O
JIOLSZT,O
JIOLZTS,O
JIOLZST,O
JIOSTLZ,O
JIOSTZL,O
JIOSLTZ,O
JIOSLZT,O
JIOSZTL,O
JIOSZLT,O
JIOZTLS,O
JIOZTSL,O
JIOZLTS,O
JIOZLST,O
JIOZSTL,O
JIOZSLT,O
JLTISZO,O
JLTISOZ,O
JLTIZSO,O
JLTIZOS,O
JLTIOSZ,O
JLTIOZS,O
JLTSIZO,O
JLTSIOZ,O
JLTSZIO,O
JLTSZOI,O
JLTSOIZ,O
JLTSOZI,O
JLTZISO,O
JLTZIOS,O
JLTZSIO,O
JLTZSOI,O
JLTZOIS,O
JLTZOSI,O
JLTOISZ,O
JLTOIZS,O
JLTOSIZ,O
JLTOSZI,O
JLTOZIS,O
JLTOZSI,O
JLITSZO,O
JLITSOZ,O
JLITZSO,O
JLITZOS,O
JLITOSZ,O
JLITOZS,O
JLISTZO,O
JLISTOZ,O
JLISZTO,O
JLISZOT,O
JLISOTZ,O
JLISOZT,O
JLIZTSO,O
JLIZTOS,O
JLIZSTO,O
JLIZSOT,O
JLIZOTS,O
JLIZOST,O
JLIOTSZ,O
JLIOTZS,O
JLIOSTZ,O
JLIOSZT,O
JLIOZTS,O
JLIOZST,O
JLSTIZO,O
JLSTIOZ,O
JLSTZIO,O
JLSTZOI,O
JLSTOIZ,O
JLSTOZI,O
JLSITZO,O
JLSITOZ,O
JLSIZTO,O
JLSIZOT,O
JLSIOTZ,O
JLSIOZT,O
JLSZTIO,O
JLSZTOI,O
JLSZITO,O
JLSZIOT,O
JLSZOTI,O
JLSZOIT,O
JLSOTIZ,O
JLSOTZI,O
JLSOITZ,O
JLSOIZT,O
JLSOZTI,O
JLSOZIT,O
JLZTISO,O
JLZTIOS,O
JLZTSIO,O
JLZTSOI,O
JLZTOIS,O
JLZTOSI,O
JLZITSO,O
JLZITOS,O
JLZISTO,O
JLZISOT,O
JLZIOTS,O
JLZIOST,O
JLZSTIO,O
JLZSTOI,O
JLZSITO,O
JLZSIOT,O
JLZSOTI,O
JLZSOIT,O
JLZOTIS,O
JLZOTSI,O
JLZOITS,O
JLZOIST,O
JLZOSTI,O
JLZOSIT,O
JLOTISZ,O
JLOTIZS,O
JLOTSIZ,O
JLOTSZI,O
JLOTZIS,O
JLOTZSI,O
JLOITSZ,O
JLOITZS,O
JLOISTZ,O
JLOISZT,O
JLOIZTS,O
JLOIZST,O
JLOSTIZ,O
JLOSTZI,O
JLOSITZ,O
JLOSIZT,O
JLOSZTI,O
JLOSZIT,O
JLOZTIS,O
JLOZTSI,O
JLOZITS,O
JLOZIST,O
JLOZSTI,O
JLOZSIT,O
JSTILZO,O
JSTILOZ,O
JSTIZLO,O
JSTIZOL,O
JSTIOLZ,O
JSTIOZL,O
JSTLIZO,O
JSTLIOZ,O
JSTLZIO,O
JSTLZOI,O
JSTLOIZ,O
JSTLOZI,O
JSTZILO,O
JSTZIOL,O
JSTZLIO,O
JSTZLOI,O
JSTZOIL,O
JSTZOLI,O
JSTOILZ,O
JSTOIZL,O
JSTOLIZ,O
JSTOLZI,O
JSTOZIL,O
JSTOZLI,O
JSITLZO,O
JSITLOZ,O
JSITZLO,O
JSITZOL,O
JSITOLZ,O
JSITOZL,O
JSILTZO,O
JSILTOZ,O
JSILZTO,O
JSILZOT,O
JSILOTZ,O
JSILOZT,O
JSIZTLO,O
JSIZTOL,O
JSIZLTO,O
JSIZLOT,O
JSIZOTL,O
JSIZOLT,O
JSIOTLZ,O
JSIOTZL,O
JSIOLTZ,O
JSIOLZT,O
JSIOZTL,O
JSIOZLT,O
JSLTIZO,O
JSLTIOZ,O
JSLTZIO,O
JSLTZOI,O
JSLTOIZ,O
JSLTOZI,O
JSLITZO,O
JSLITOZ,O
JSLIZTO,O
JSLIZOT,O
JSLIOTZ,O
JSLIOZT,O
JSLZTIO,O
JSLZTOI,O
JSLZITO,O
JSLZIOT,O
JSLZOTI,O
JSLZOIT,O
JSLOTIZ,O
JSLOTZI,O
JSLOITZ,O
JSLOIZT,O
JSLOZTI,O
JSLOZIT,O
JSZTILO,O
JSZTIOL,O
JSZTLIO,O
JSZTLOI,O
JSZTOIL,O
JSZTOLI,O
JSZITLO,O
JSZITOL,O
JSZILTO,O
JSZILOT,O
JSZIOTL,O
JSZIOLT,O
JSZLTIO,O
JSZLTOI,O
JSZLITO,O
JSZLIOT,O
JSZLOTI,O
JSZLOIT,O
JSZOTIL,O
JSZOTLI,O
JSZOITL,O
JSZOILT,O
JSZOLTI,O
JSZOLIT,O
JSOTILZ,O
JSOTIZL,O
JSOTLIZ,O
JSOTLZI,O
JSOTZIL,O
JSOTZLI,O
JSOITLZ,O
JSOITZL,O
JSOILTZ,O
JSOILZT,O
JSOIZTL,O
JSOIZLT,O
JSOLTIZ,O
JSOLTZI,O
JSOLITZ,O
JSOLIZT,O
JSOLZTI,O
JSOLZIT,O
JSOZTIL,O
JSOZTLI,O
JSOZITL,O
JSOZILT,O
JSOZLTI,O
JSOZLIT,O
JZTILSO,O
JZTILOS,O
JZTISLO,O
JZTISOL,O
JZTIOLS,O
JZTIOSL,O
JZTLISO,O
JZTLIOS,O
JZTLSIO,O
JZTLSOI,O
JZTLOIS,O
JZTLOSI,O
JZTSILO,O
JZTSIOL,O
JZTSLIO,O
JZTSLOI,O
JZTSOIL,O
JZTSOLI,O
JZTOILS,O
JZTOISL,O
JZTOLIS,O
JZTOLSI,O
JZTOSIL,O
JZTOSLI,O
JZITLSO,O
JZITLOS,O
JZITSLO,O
JZITSOL,O
JZITOLS,O
JZITOSL,O
JZILTSO,O
JZILTOS,O
JZILSTO,O
JZILSOT,O
JZILOTS,O
JZILOST,O
JZISTLO,O
JZISTOL,O
JZISLTO,O
JZISLOT,O
JZISOTL,O
JZISOLT,O
JZIOTLS,O
JZIOTSL,O
JZIOLTS,O
JZIOLST,O
JZIOSTL,O
JZIOSLT,O
JZLTISO,O
JZLTIOS,O
JZLTSIO,O
JZLTSOI,O
JZLTOIS,O
JZLTOSI,O
JZLITSO,O
JZLITOS,O
JZLISTO,O
JZLISOT,O
JZLIOTS,O
JZLIOST,O
JZLSTIO,O
JZLSTOI,O
JZLSITO,O
JZLSIOT,O
JZLSOTI,O
JZLSOIT,O
JZLOTIS,O
JZLOTSI,O
JZLOITS,O
JZLOIST,O
JZLOSTI,O
JZLOSIT,O
JZSTILO,O
JZSTIOL,O
JZSTLIO,O
JZSTLOI,O
JZSTOIL,O
JZSTOLI,O
JZSITLO,O
JZSITOL,O
JZSILTO,O
JZSILOT,O
JZSIOTL,O
JZSIOLT,O
JZSLTIO,O
JZSLTOI,O
JZSLITO,O
JZSLIOT,O
JZSLOTI,O
JZSLOIT,O
JZSOTIL,O
JZSOTLI,O
JZSOITL,O
JZSOILT,O
JZSOLTI,O
JZSOLIT,O
JZOTILS,O
JZOTISL,O
JZOTLIS,O
JZOTLSI,O
JZOTSIL,O
JZOTSLI,O
JZOITLS,O
JZOITSL,O
JZOILTS,O
JZOILST,O
JZOISTL,O
JZOISLT,O
JZOLTIS,O
JZOLTSI,O
JZOLITS,O
JZOLIST,O
JZOLSTI,O
JZOLSIT,O
JZOSTIL,O
JZOSTLI,O
JZOSITL,O
JZOSILT,O
JZOSLTI,O
JZOSLIT,O
JOTILSZ,O
JOTILZS,O
JOTISLZ,O
JOTISZL,O
JOTIZLS,O
JOTIZSL,O
JOTLISZ,O
JOTLIZS,O
JOTLSIZ,O
JOTLSZI,O
JOTLZIS,O
JOTLZSI,O
JOTSILZ,O
JOTSIZL,O
JOTSLIZ,O
JOTSLZI,O
JOTSZIL,O
JOTSZLI,O
JOTZILS,O
JOTZISL,O
JOTZLIS,O
JOTZLSI,O
JOTZSIL,O
JOTZSLI,O
JOITLSZ,O
JOITLZS,O
JOITSLZ,O
JOITSZL,O
JOITZLS,O
JOITZSL,O
JOILTSZ,O
JOILTZS,O
JOILSTZ,O
JOILSZT,O
JOILZTS,O
JOILZST,O
JOISTLZ,O
JOISTZL,O
JOISLTZ,O
JOISLZT,O
JOISZTL,O
JOISZLT,O
JOIZTLS,O
JOIZTSL,O
JOIZLTS,O
JOIZLST,O
JOIZSTL,O
JOIZSLT,O
JOLTISZ,O
JOLTIZS,O
JOLTSIZ,O
JOLTSZI,O
JOLTZIS,O
JOLTZSI,O
JOLITSZ,O
JOLITZS,O
JOLISTZ,O
JOLISZT,O
JOLIZTS,O
JOLIZST,O
JOLSTIZ,O
JOLSTZI,O
JOLSITZ,O
JOLSIZT,O
JOLSZTI,O
JOLSZIT,O
JOLZTIS,O
JOLZTSI,O
JOLZITS,O
JOLZIST,O
JOLZSTI,O
JOLZSIT,O
JOSTILZ,O
JOSTIZL,O
JOSTLIZ,O
JOSTLZI,O
JOSTZIL,O
JOSTZLI,O
JOSITLZ,O
JOSITZL,O
JOSILTZ,O
JOSILZT,O
JOSIZTL,O
JOSIZLT,O
JOSLTIZ,O
JOSLTZI,O
JOSLITZ,O
JOSLIZT,O
JOSLZTI,O
JOSLZIT,O
JOSZTIL,O
JOSZTLI,O
JOSZITL,O
JOSZILT,O
JOSZLTI,O
JOSZLIT,O
JOZTILS,O
JOZTISL,O
JOZTLIS,O
JOZTLSI,O
JOZTSIL,O
JOZTSLI,O
JOZITLS,O
JOZITSL,O
JOZILTS,O
JOZILST,O
JOZISTL,O
JOZISLT,O
JOZLTIS,O
JOZLTSI,O
JOZLITS,O
JOZLIST,O
JOZLSTI,O
JOZLSIT,O
JOZSTIL,O
JOZSTLI,O
JOZSITL,O
JOZSILT,O
JOZSLTI,O
JOZSLIT,O
STILJZO,O
STILJOZ,O
STILZJO,O
STILZOJ,O
STILOJZ,O
STILOZJ,O
STIJLZO,O
STIJLOZ,O
STIJZLO,O
STIJZOL,O
STIJOLZ,O
STIJOZL,O
STIZLJO,O
STIZLOJ,O
STIZJLO,O
STIZJOL,O
STIZOLJ,O
STIZOJL,O
STIOLJZ,O
STIOLZJ,O
STIOJLZ,O
STIOJZL,O
STIOZLJ,O
STIOZJL,O
STLIJZO,O
STLIJOZ,O
STLIZJO,O
STLIZOJ,O
STLIOJZ,O
STLIOZJ,O
STLJIZO,O
STLJIOZ,O
STLJZIO,O
STLJZOI,O
STLJOIZ,O
STLJOZI,O
STLZIJO,O
STLZIOJ,O
STLZJIO,O
STLZJOI,O
STLZOIJ,O
STLZOJI,O
STLOIJZ,O
STLOIZJ,O
STLOJIZ,O
STLOJZI,O
STLOZIJ,O
STLOZJI,O
STJILZO,O
STJILOZ,O
STJIZLO,O
STJIZOL,O
STJIOLZ,O
STJIOZL,O
STJLIZO,O
STJLIOZ,O
STJLZIO,O
STJLZOI,O
STJLOIZ,O
STJLOZI,O
STJZILO,O
STJZIOL,O
STJZLIO,O
STJZLOI,O
STJZOIL,O
STJZOLI,O
STJOILZ,O
STJOIZL,O
STJOLIZ,O
STJOLZI,O
STJOZIL,O
STJOZLI,O
STZILJO,O
STZILOJ,O
STZIJLO,O
STZIJOL,O
STZIOLJ,O
STZIOJL,O
STZLIJO,O
STZLIOJ,O
STZLJIO,O
STZLJOI,O
STZLOIJ,O
STZLOJI,O
STZJILO,O
STZJIOL,O
STZJLIO,O
STZJLOI,O
STZJOIL,O
STZJOLI,O
STZOILJ,O
STZOIJL,O
STZOLIJ,O
STZOLJI,O
STZOJIL,O
STZOJLI,O
STOILJZ,O
STOILZJ,O
STOIJLZ,O
STOIJZL,O
STOIZLJ,O
STOIZJL,O
STOLIJZ,O
STOLIZJ,O
STOLJIZ,O
STOLJZI,O
STOLZIJ,O
STOLZJI,O
STOJILZ,O
STOJIZL,O
STOJLIZ,O
STOJLZI,O
STOJZIL,O
STOJZLI,O
STOZILJ,O
STOZIJL,O
STOZLIJ,O
STOZLJI,O
STOZJIL,O
STOZJLI,O
SITLJZO,O
SITLJOZ,O
SITLZJO,O
SITLZOJ,O
SITLOJZ,O
SITLOZJ,O
SITJLZO,O
SITJLOZ,O
SITJZLO,O
SITJZOL,O
SITJOLZ,O
SITJOZL,O
SITZLJO,O
SITZLOJ,O
SITZJLO,O
SITZJOL,O
SITZOLJ,O
SITZOJL,O
SITOLJZ,O
SITOLZJ,O
SITOJLZ,O
SITOJZL,O
SITOZLJ,O
SITOZJL,O
SILTJZO,O
SILTJOZ,O
SILTZJO,O
SILTZOJ,O
SILTOJZ,O
SILTOZJ,O
SILJTZO,O
SILJTOZ,O
SILJZTO,O
SILJZOT,O
SILJOTZ,O
SILJOZT,O
SILZTJO,O
SILZTOJ,O
SILZJTO,O
SILZJOT,O
SILZOTJ,O
SILZOJT,O
SILOTJZ,O
SILOTZJ,O
SILOJTZ,O
SILOJZT,O
SILOZTJ,O
SILOZJT,O
SIJTLZO,O
SIJTLOZ,O
SIJTZLO,O
SIJTZOL,O
SIJTOLZ,O
SIJTOZL,O
SIJLTZO,O
SIJLTOZ,O
SIJLZTO,O
SIJLZOT,O
SIJLOTZ,O
SIJLOZT,O
SIJZTLO,O
SIJZTOL,O
SIJZLTO,O
SIJZLOT,O
SIJZOTL,O
SIJZOLT,O
SIJOTLZ,O
SIJOTZL,O
SIJOLTZ,O
SIJOLZT,O
SIJOZTL,O
SIJOZLT,O
SIZTLJO,O
SIZTLOJ,O
SIZTJLO,O
SIZTJOL,O
SIZTOLJ,O
SIZTOJL,O
SIZLTJO,O
SIZLTOJ,O
SIZLJTO,O
SIZLJOT,O
SIZLOTJ,O
SIZLOJT,O
SIZJTLO,O
SIZJTOL,O
SIZJLTO,O
SIZJLOT,O
SIZJOTL,O
SIZJOLT,O
SIZOTLJ,O
SIZOTJL,O
SIZOLTJ,O
SIZOLJT,O
SIZOJTL,O
SIZOJLT,O
SIOTLJZ,O
SIOTLZJ,O
SIOTJLZ,O
SIOTJZL,O
SIOTZLJ,O
SIOTZJL,O
SIOLTJZ,O
SIOLTZJ,O
SIOLJTZ,O
SIOLJZT,O
SIOLZTJ,O
SIOLZJT,O
SIOJTLZ,O
SIOJTZL,O
SIOJLTZ,O
SIOJLZT,O
SIOJZTL,O
SIOJZLT,O
SIOZTLJ,O
SIOZTJL,O
SIOZLTJ,O
SIOZLJT,O
SIOZJTL,O
SIOZJLT,O
SLTIJZO,O
SLTIJOZ,O
SLTIZJO,O
SLTIZOJ,O
SLTIOJZ,O
SLTIOZJ,O
SLTJIZO,O
SLTJIOZ,O
SLTJZIO,O
SLTJZOI,O
SLTJOIZ,O
SLTJOZI,O
SLTZIJO,O
SLTZIOJ,O
SLTZJIO,O
SLTZJOI,O
SLTZOIJ,O
SLTZOJI,O
SLTOIJZ,O
SLTOIZJ,O
SLTOJIZ,O
SLTOJZI,O
SLTOZIJ,O
SLTOZJI,O
SLITJZO,O
SLITJOZ,O
SLITZJO,O
SLITZOJ,O
SLITOJZ,O
SLITOZJ,O
SLIJTZO,O
SLIJTOZ,O
SLIJZTO,O
SLIJZOT,O
SLIJOTZ,O
SLIJOZT,O
SLIZTJO,O
SLIZTOJ,O
SLIZJTO,O
SLIZJOT,O
SLIZOTJ,O
SLIZOJT,O
SLIOTJZ,O
SLIOTZJ,O
SLIOJTZ,O
SLIOJZT,O
SLIOZTJ,O
SLIOZJT,O
SLJTIZO,O
SLJTIOZ,O
SLJTZIO,O
SLJTZOI,O
SLJTOIZ,O
SLJTOZI,O
SLJITZO,O
SLJITOZ,O
SLJIZTO,O
SLJIZOT,O
SLJIOTZ,O
SLJIOZT,O
SLJZTIO,O
SLJZTOI,O
SLJZITO,O
SLJZIOT,O
SLJZOTI,O
SLJZOIT,O
SLJOTIZ,O
SLJOTZI,O
SLJOITZ,O
SLJOIZT,O
SLJOZTI,O
SLJOZIT,O
SLZTIJO,O
SLZTIOJ,O
SLZTJIO,O
SLZTJOI,O
SLZTOIJ,O
SLZTOJI,O
SLZITJO,O
SLZITOJ,O
SLZIJTO,O
SLZIJOT,O
SLZIOTJ,O
SLZIOJT,O
SLZJTIO,O
SLZJTOI,O
SLZJITO,O
SLZJIOT,O
SLZJOTI,O
SLZJOIT,O
SLZOTIJ,O
SLZOTJI,O
SLZOITJ,O
SLZOIJT,O
SLZOJTI,O
SLZOJIT,O
SLOTIJZ,O
SLOTIZJ,O
SLOTJIZ,O
SLOTJZI,O
SLOTZIJ,O
SLOTZJI,O
SLOITJZ,O
SLOITZJ,O
SLOIJTZ,O
SLOIJZT,O
SLOIZTJ,O
SLOIZJT,O
SLOJTIZ,O
SLOJTZI,O
SLOJITZ,O
SLOJIZT,O
SLOJZTI,O
SLOJZIT,O
SLOZTIJ,O
SLOZTJI,O
SLOZITJ,O
SLOZIJT,O
SLOZJTI,O
SLOZJIT,O
SJTILZO,O
SJTILOZ,O
SJTIZLO,O
SJTIZOL,O
SJTIOLZ,O
SJTIOZL,O
SJTLIZO,O
SJTLIOZ,O
SJTLZIO,O
SJTLZOI,O
SJTLOIZ,O
SJTLOZI,O
SJTZILO,O
SJTZIOL,O
SJTZLIO,O
SJTZLOI,O
SJTZOIL,O
SJTZOLI,O
SJTOILZ,O
SJTOIZL,O
SJTOLIZ,O
SJTOLZI,O
SJTOZIL,O
SJTOZLI,O
SJITLZO,O
SJITLOZ,O
SJITZLO,O
SJITZOL,O
SJITOLZ,O
SJITOZL,O
SJILTZO,O
SJILTOZ,O
SJILZTO,O
SJILZOT,O
SJILOTZ,O
SJILOZT,O
SJIZTLO,O
SJIZTOL,O
SJIZLTO,O
SJIZLOT,O
SJIZOTL,O
SJIZOLT,O
SJIOTLZ,O
SJIOTZL,O
SJIOLTZ,O
SJIOLZT,O
SJIOZTL,O
SJIOZLT,O
SJLTIZO,O
SJLTIOZ,O
SJLTZIO,O
SJLTZOI,O
SJLTOIZ,O
SJLTOZI,O
SJLITZO,O
SJLITOZ,O
SJLIZTO,O
SJLIZOT,O
SJLIOTZ,O
SJLIOZT,O
SJLZTIO,O
SJLZTOI,O
SJLZITO,O
SJLZIOT,O
SJLZOTI,O
SJLZOIT,O
SJLOTIZ,O
SJLOTZI,O
SJLOITZ,O
SJLOIZT,O
SJLOZTI,O
SJLOZIT,O
SJZTILO,O
SJZTIOL,O
SJZTLIO,O
SJZTLOI,O
SJZTOIL,O
SJZTOLI,O
SJZITLO,O
SJZITOL,O
SJZILTO,O
SJZILOT,O
SJZIOTL,O
SJZIOLT,O
SJZLTIO,O
SJZLTOI,O
SJZLITO,O
SJZLIOT,O
SJZLOTI,O
SJZLOIT,O
SJZOTIL,O
SJZOTLI,O
SJZOITL,O
SJZOILT,O
SJZOLTI,O
SJZOLIT,O
SJOTILZ,O
SJOTIZL,O
SJOTLIZ,O
SJOTLZI,O
SJOTZIL,O
SJOTZLI,O
SJOITLZ,O
SJOITZL,O
SJOILTZ,O
SJOILZT,O
SJOIZTL,O
SJOIZLT,O
SJOLTIZ,O
SJOLTZI,O
SJOLITZ,O
SJOLIZT,O
SJOLZTI,O
SJOLZIT,O
SJOZTIL,O
SJOZTLI,O
SJOZITL,O
SJOZILT,O
SJOZLTI,O
SJOZLIT,O
SZTILJO,O
SZTILOJ,O
SZTIJLO,O
SZTIJOL,O
SZTIOLJ,O
SZTIOJL,O
SZTLIJO,O
SZTLIOJ,O
SZTLJIO,O
SZTLJOI,O
SZTLOIJ,O
SZTLOJI,O
SZTJILO,O
SZTJIOL,O
SZTJLIO,O
SZTJLOI,O
SZTJOIL,O
SZTJOLI,O
SZTOILJ,O
SZTOIJL,O
SZTOLIJ,O
SZTOLJI,O
SZTOJIL,O
SZTOJLI,O
SZITLJO,O
SZITLOJ,O
SZITJLO,O
SZITJOL,O
SZITOLJ,O
SZITOJL,O
SZILTJO,O
SZILTOJ,O
SZILJTO,O
SZILJOT,O
SZILOTJ,O
SZILOJT,O
SZIJTLO,O
SZIJTOL,O
SZIJLTO,O
SZIJLOT,O
SZIJOTL,O
SZIJOLT,O
SZIOTLJ,O
SZIOTJL,O
SZIOLTJ,O
SZIOLJT,O
SZIOJTL,O
SZIOJLT,O
SZLTIJO,O
SZLTIOJ,O
SZLTJIO,O
SZLTJOI,O
SZLTOIJ,O
SZLTOJI,O
SZLITJO,O
SZLITOJ,O
SZLIJTO,O
SZLIJOT,O
SZLIOTJ,O
SZLIOJT,O
SZLJTIO,O
SZLJTOI,O
SZLJITO,O
SZLJIOT,O
SZLJOTI,O
SZLJOIT,O
SZLOTIJ,O
SZLOTJI,O
SZLOITJ,O
SZLOIJT,O
SZLOJTI,O
SZLOJIT,O
SZJTILO,O
SZJTIOL,O
SZJTLIO,O
SZJTLOI,O
SZJTOIL,O
SZJTOLI,O
SZJITLO,O
SZJITOL,O
SZJILTO,O
SZJILOT,O
SZJIOTL,O
SZJIOLT,O
SZJLTIO,O
SZJLTOI,O
SZJLITO,O
SZJLIOT,O
SZJLOTI,O
SZJLOIT,O
SZJOTIL,O
SZJOTLI,O
SZJOITL,O
SZJOILT,O
SZJOLTI,O
SZJOLIT,O
SZOTILJ,O
SZOTIJL,O
SZOTLIJ,O
SZOTLJI,O
SZOTJIL,O
SZOTJLI,O
SZOITLJ,O
SZOITJL,O
SZOILTJ,O
SZOILJT,O
SZOIJTL,O
SZOIJLT,O
SZOLTIJ,O
SZOLTJI,O
SZOLITJ,O
SZOLIJT,O
SZOLJTI,O
SZOLJIT,O
SZOJTIL,O
SZOJTLI,O
SZOJITL,O
SZOJILT,O
SZOJLTI,O
SZOJLIT,O
SOTILJZ,O
SOTILZJ,O
SOTIJLZ,O
SOTIJZL,O
SOTIZLJ,O
SOTIZJL,O
SOTLIJZ,O
SOTLIZJ,O
SOTLJIZ,O
SOTLJZI,O
SOTLZIJ,O
SOTLZJI,O
SOTJILZ,O
SOTJIZL,O
SOTJLIZ,O
SOTJLZI,O
SOTJZIL,O
SOTJZLI,O
SOTZILJ,O
SOTZIJL,O
SOTZLIJ,O
SOTZLJI,O
SOTZJIL,O
SOTZJLI,O
SOITLJZ,O
SOITLZJ,O
SOITJLZ,O
SOITJZL,O
SOITZLJ,O
SOITZJL,O
SOILTJZ,O
SOILTZJ,O
SOILJTZ,O
SOILJZT,O
SOILZTJ,O
SOILZJT,O
SOIJTLZ,O
SOIJTZL,O
SOIJLTZ,O
SOIJLZT,O
SOIJZTL,O
SOIJZLT,O
SOIZTLJ,O
SOIZTJL,O
SOIZLTJ,O
SOIZLJT,O
SOIZJTL,O
SOIZJLT,O
SOLTIJZ,O
SOLTIZJ,O
SOLTJIZ,O
SOLTJZI,O
SOLTZIJ,O
SOLTZJI,O
SOLITJZ,O
SOLITZJ,O
SOLIJTZ,O
SOLIJZT,O
SOLIZTJ,O
SOLIZJT,O
SOLJTIZ,O
SOLJTZI,O
SOLJITZ,O
SOLJIZT,O
SOLJZTI,O
SOLJZIT,O
SOLZTIJ,O
SOLZTJI,O
SOLZITJ,O
SOLZIJT,O
SOLZJTI,O
SOLZJIT,O
SOJTILZ,O
SOJTIZL,O
SOJTLIZ,O
SOJTLZI,O
SOJTZIL,O
SOJTZLI,O
SOJITLZ,O
SOJITZL,O
SOJILTZ,O
SOJILZT,O
SOJIZTL,O
SOJIZLT,O
SOJLTIZ,O
SOJLTZI,O
SOJLITZ,O
SOJLIZT,O
SOJLZTI,O
SOJLZIT,O
SOJZTIL,O
SOJZTLI,O
SOJZITL,O
SOJZILT,O
SOJZLTI,O
SOJZLIT,O
SOZTILJ,O
SOZTIJL,O
SOZTLIJ,O
SOZTLJI,O
SOZTJIL,O
SOZTJLI,O
SOZITLJ,O
SOZITJL,O
SOZILTJ,O
SOZILJT,O
SOZIJTL,O
SOZIJLT,O
SOZLTIJ,O
SOZLTJI,O
SOZLITJ,O
SOZLIJT,O
SOZLJTI,O
SOZLJIT,O
SOZJTIL,O
SOZJTLI,O
SOZJITL,O
SOZJILT,O
SOZJLTI,O
SOZJLIT,O
ZTILJSO,O
ZTILJOS,O
ZTILSJO,O
ZTILSOJ,O
ZTILOJS,O
ZTILOSJ,O
ZTIJLSO,O
ZTIJLOS,O
ZTIJSLO,O
ZTIJSOL,O
ZTIJOLS,O
ZTIJOSL,O
ZTISLJO,O
ZTISLOJ,O
ZTISJLO,O
ZTISJOL,O
ZTISOLJ,O
ZTISOJL,O
ZTIOLJS,O
ZTIOLSJ,O
ZTIOJLS,O
ZTIOJSL,O
ZTIOSLJ,O
ZTIOSJL,O
ZTLIJSO,O
ZTLIJOS,O
ZTLISJO,O
ZTLISOJ,O
ZTLIOJS,O
ZTLIOSJ,O
ZTLJISO,O
ZTLJIOS,O
ZTLJSIO,O
ZTLJSOI,O
ZTLJOIS,O
ZTLJOSI,O
ZTLSIJO,O
ZTLSIOJ,O
ZTLSJIO,O
ZTLSJOI,O
ZTLSOIJ,O
ZTLSOJI,O
ZTLOIJS,O
ZTLOISJ,O
ZTLOJIS,O
ZTLOJSI,O
ZTLOSIJ,O
ZTLOSJI,O
ZTJILSO,O
ZTJILOS,O
ZTJISLO,O
ZTJISOL,O
ZTJIOLS,O
ZTJIOSL,O
ZTJLISO,O
ZTJLIOS,O
ZTJLSIO,O
ZTJLSOI,O
ZTJLOIS,O
ZTJLOSI,O
ZTJSILO,O
ZTJSIOL,O
ZTJSLIO,O
ZTJSLOI,O
ZTJSOIL,O
ZTJSOLI,O
ZTJOILS,O
ZTJOISL,O
ZTJOLIS,O
ZTJOLSI,O
ZTJOSIL,O
ZTJOSLI,O
ZTSILJO,O
ZTSILOJ,O
ZTSIJLO,O
ZTSIJOL,O
ZTSIOLJ,O
ZTSIOJL,O
ZTSLIJO,O
ZTSLIOJ,O
ZTSLJIO,O
ZTSLJOI,O
ZTSLOIJ,O
ZTSLOJI,O
ZTSJILO,O
ZTSJIOL,O
ZTSJLIO,O
ZTSJLOI,O
ZTSJOIL,O
ZTSJOLI,O
ZTSOILJ,O
ZTSOIJL,O
ZTSOLIJ,O
ZTSOLJI,O
ZTSOJIL,O
ZTSOJLI,O
ZTOILJS,O
ZTOILSJ,O
ZTOIJLS,O
ZTOIJSL,O
ZTOISLJ,O
ZTOISJL,O
ZTOLIJS,O
ZTOLISJ,O
ZTOLJIS,O
ZTOLJSI,O
ZTOLSIJ,O
ZTOLSJI,O
ZTOJILS,O
ZTOJISL,O
ZTOJLIS,O
ZTOJLSI,O
ZTOJSIL,O
ZTOJSLI,O
ZTOSILJ,O
ZTOSIJL,O
ZTOSLIJ,O
ZTOSLJI,O
ZTOSJIL,O
ZTOSJLI,O
ZITLJSO,O
ZITLJOS,O
ZITLSJO,O
ZITLSOJ,O
ZITLOJS,O
ZITLOSJ,O
ZITJLSO,O
ZITJLOS,O
ZITJSLO,O
ZITJSOL,O
ZITJOLS,O
ZITJOSL,O
ZITSLJO,O
ZITSLOJ,O
ZITSJLO,O
ZITSJOL,O
ZITSOLJ,O
ZITSOJL,O
ZITOLJS,O
ZITOLSJ,O
ZITOJLS,O
ZITOJSL,O
ZITOSLJ,O
ZITOSJL,O
ZILTJSO,O
ZILTJOS,O
ZILTSJO,O
ZILTSOJ,O
ZILTOJS,O
ZILTOSJ,O
ZILJTSO,O
ZILJTOS,O
ZILJSTO,O
ZILJSOT,O
ZILJOTS,O
ZILJOST,O
ZILSTJO,O
ZILSTOJ,O
ZILSJTO,O
ZILSJOT,O
ZILSOTJ,O
ZILSOJT,O
ZILOTJS,O
ZILOTSJ,O
ZILOJTS,O
ZILOJST,O
ZILOSTJ,O
ZILOSJT,O
ZIJTLSO,O
ZIJTLOS,O
ZIJTSLO,O
ZIJTSOL,O
ZIJTOLS,O
ZIJTOSL,O
ZIJLTSO,O
ZIJLTOS,O
ZIJLSTO,O
ZIJLSOT,O
ZIJLOTS,O
ZIJLOST,O
ZIJSTLO,O
ZIJSTOL,O
ZIJSLTO,O
ZIJSLOT,O
ZIJSOTL,O
ZIJSOLT,O
ZIJOTLS,O
ZIJOTSL,O
ZIJOLTS,O
ZIJOLST,O
ZIJOSTL,O
ZIJOSLT,O
ZISTLJO,O
ZISTLOJ,O
ZISTJLO,O
ZISTJOL,O
ZISTOLJ,O
ZISTOJL,O
ZISLTJO,O
ZISLTOJ,O
ZISLJTO,O
ZISLJOT,O
ZISLOTJ,O
ZISLOJT,O
ZISJTLO,O
ZISJTOL,O
ZISJLTO,O
ZISJLOT,O
ZISJOTL,O
ZISJOLT,O
ZISOTLJ,O
ZISOTJL,O
ZISOLTJ,O
ZISOLJT,O
ZISOJTL,O
ZISOJLT,O
ZIOTLJS,O
ZIOTLSJ,O
ZIOTJLS,O
ZIOTJSL,O
ZIOTSLJ,O
ZIOTSJL,O
ZIOLTJS,O
ZIOLTSJ,O
ZIOLJTS,O
ZIOLJST,O
ZIOLSTJ,O
ZIOLSJT,O
ZIOJTLS,O
ZIOJTSL,O
ZIOJLTS,O
ZIOJLST,O
ZIOJSTL,O
ZIOJSLT,O
ZIOSTLJ,O
ZIOSTJL,O
ZIOSLTJ,O
ZIOSLJT,O
ZIOSJTL,O
ZIOSJLT,O
ZLTIJSO,O
ZLTIJOS,O
ZLTISJO,O
ZLTISOJ,O
ZLTIOJS,O
ZLTIOSJ,O
ZLTJISO,O
ZLTJIOS,O
ZLTJSIO,O
ZLTJSOI,O
ZLTJOIS,O
ZLTJOSI,O
ZLTSIJO,O
ZLTSIOJ,O
ZLTSJIO,O
ZLTSJOI,O
ZLTSOIJ,O
ZLTSOJI,O
ZLTOIJS,O
ZLTOISJ,O
ZLTOJIS,O
ZLTOJSI,O
ZLTOSIJ,O
ZLTOSJI,O
ZLITJSO,O
ZLITJOS,O
ZLITSJO,O
ZLITSOJ,O
ZLITOJS,O
ZLITOSJ,O
ZLIJTSO,O
ZLIJTOS,O
ZLIJSTO,O
ZLIJSOT,O
ZLIJOTS,O
ZLIJOST,O
ZLISTJO,O
ZLISTOJ,O
ZLISJTO,O
ZLISJOT,O
ZLISOTJ,O
ZLISOJT,O
ZLIOTJS,O
ZLIOTSJ,O
ZLIOJTS,O
ZLIOJST,O
ZLIOSTJ,O
ZLIOSJT,O
ZLJTISO,O
ZLJTIOS,O
ZLJTSIO,O
ZLJTSOI,O
ZLJTOIS,O
ZLJTOSI,O
ZLJITSO,O
ZLJITOS,O
ZLJISTO,O
ZLJISOT,O
ZLJIOTS,O
ZLJIOST,O
ZLJSTIO,O
ZLJSTOI,O
ZLJSITO,O
ZLJSIOT,O
ZLJSOTI,O
ZLJSOIT,O
ZLJOTIS,O
ZLJOTSI,O
ZLJOITS,O
ZLJOIST,O
ZLJOSTI,O
ZLJOSIT,O
ZLSTIJO,O
ZLSTIOJ,O
ZLSTJIO,O
ZLSTJOI,O
ZLSTOIJ,O
ZLSTOJI,O
ZLSITJO,O
ZLSITOJ,O
ZLSIJTO,O
ZLSIJOT,O
ZLSIOTJ,O
ZLSIOJT,O
ZLSJTIO,O
ZLSJTOI,O
ZLSJITO,O
ZLSJIOT,O
ZLSJOTI,O
ZLSJOIT,O
ZLSOTIJ,O
ZLSOTJI,O
ZLSOITJ,O
ZLSOIJT,O
ZLSOJTI,O
ZLSOJIT,O
ZLOTIJS,O
ZLOTISJ,O
ZLOTJIS,O
ZLOTJSI,O
ZLOTSIJ,O
ZLOTSJI,O
ZLOITJS,O
ZLOITSJ,O
ZLOIJTS,O
ZLOIJST,O
ZLOISTJ,O
ZLOISJT,O
ZLOJTIS,O
ZLOJTSI,O
ZLOJITS,O
ZLOJIST,O
ZLOJSTI,O
ZLOJSIT,O
ZLOSTIJ,O
ZLOSTJI,O
ZLOSITJ,O
ZLOSIJT,O
ZLOSJTI,O
ZLOSJIT,O
ZJTILSO,O
ZJTILOS,O
ZJTISLO,O
ZJTISOL,O
ZJTIOLS,O
ZJTIOSL,O
ZJTLISO,O
ZJTLIOS,O
ZJTLSIO,O
ZJTLSOI,O
ZJTLOIS,O
ZJTLOSI,O
ZJTSILO,O
ZJTSIOL,O
ZJTSLIO,O
ZJTSLOI,O
ZJTSOIL,O
ZJTSOLI,O
ZJTOILS,O
ZJTOISL,O
ZJTOLIS,O
ZJTOLSI,O
ZJTOSIL,O
ZJTOSLI,O
ZJITLSO,O
ZJITLOS,O
ZJITSLO,O
ZJITSOL,O
ZJITOLS,O
ZJITOSL,O
ZJILTSO,O
ZJILTOS,O
ZJILSTO,O
ZJILSOT,O
ZJILOTS,O
ZJILOST,O
ZJISTLO,O
ZJISTOL,O
ZJISLTO,O
ZJISLOT,O
ZJISOTL,O
ZJISOLT,O
ZJIOTLS,O
ZJIOTSL,O
ZJIOLTS,O
ZJIOLST,O
ZJIOSTL,O
ZJIOSLT,O
ZJLTISO,O
ZJLTIOS,O
ZJLTSIO,O
ZJLTSOI,O
ZJLTOIS,O
ZJLTOSI,O
ZJLITSO,O
ZJLITOS,O
ZJLISTO,O
ZJLISOT,O
ZJLIOTS,O
ZJLIOST,O
ZJLSTIO,O
ZJLSTOI,O
ZJLSITO,O
ZJLSIOT,O
ZJLSOTI,O
ZJLSOIT,O
ZJLOTIS,O
ZJLOTSI,O
ZJLOITS,O
ZJLOIST,O
ZJLOSTI,O
ZJLOSIT,O
ZJSTILO,O
ZJSTIOL,O
ZJSTLIO,O
ZJSTLOI,O
ZJSTOIL,O
ZJSTOLI,O
ZJSITLO,O
ZJSITOL,O
ZJSILTO,O
ZJSILOT,O
ZJSIOTL,O
ZJSIOLT,O
ZJSLTIO,O
ZJSLTOI,O
ZJSLITO,O
ZJSLIOT,O
ZJSLOTI,O
ZJSLOIT,O
ZJSOTIL,O
ZJSOTLI,O
ZJSOITL,O
ZJSOILT,O
ZJSOLTI,O
ZJSOLIT,O
ZJOTILS,O
ZJOTISL,O
ZJOTLIS,O
ZJOTLSI,O
ZJOTSIL,O
ZJOTSLI,O
ZJOITLS,O
ZJOITSL,O
ZJOILTS,O
ZJOILST,O
ZJOISTL,O
ZJOISLT,O
ZJOLTIS,O
ZJOLTSI,O
ZJOLITS,O
ZJOLIST,O
ZJOLSTI,O
ZJOLSIT,O
ZJOSTIL,O
ZJOSTLI,O
ZJOSITL,O
ZJOSILT,O
ZJOSLTI,O
ZJOSLIT,O
ZSTILJO,O
ZSTILOJ,O
ZSTIJLO,O
ZSTIJOL,O
ZSTIOLJ,O
ZSTIOJL,O
ZSTLIJO,O
ZSTLIOJ,O
ZSTLJIO,O
ZSTLJOI,O
ZSTLOIJ,O
ZSTLOJI,O
ZSTJILO,O
ZSTJIOL,O
ZSTJLIO,O
ZSTJLOI,O
ZSTJOIL,O
ZSTJOLI,O
ZSTOILJ,O
ZSTOIJL,O
ZSTOLIJ,O
ZSTOLJI,O
ZSTOJIL,O
ZSTOJLI,O
ZSITLJO,O
ZSITLOJ,O
ZSITJLO,O
ZSITJOL,O
ZSITOLJ,O
ZSITOJL,O
ZSILTJO,O
ZSILTOJ,O
ZSILJTO,O
ZSILJOT,O
ZSILOTJ,O
ZSILOJT,O
ZSIJTLO,O
ZSIJTOL,O
ZSIJLTO,O
ZSIJLOT,O
ZSIJOTL,O
ZSIJOLT,O
ZSIOTLJ,O
ZSIOTJL,O
ZSIOLTJ,O
ZSIOLJT,O
ZSIOJTL,O
ZSIOJLT,O
ZSLTIJO,O
ZSLTIOJ,O
ZSLTJIO,O
ZSLTJOI,O
ZSLTOIJ,O
ZSLTOJI,O
ZSLITJO,O
ZSLITOJ,O
ZSLIJTO,O
ZSLIJOT,O
ZSLIOTJ,O
ZSLIOJT,O
ZSLJTIO,O
ZSLJTOI,O
ZSLJITO,O
ZSLJIOT,O
ZSLJOTI,O
ZSLJOIT,O
ZSLOTIJ,O
ZSLOTJI,O
ZSLOITJ,O
ZSLOIJT,O
ZSLOJTI,O
ZSLOJIT,O
ZSJTILO,O
ZSJTIOL,O
ZSJTLIO,O
ZSJTLOI,O
ZSJTOIL,O
ZSJTOLI,O
ZSJITLO,O
ZSJITOL,O
ZSJILTO,O
ZSJILOT,O
ZSJIOTL,O
ZSJIOLT,O
ZSJLTIO,O
ZSJLTOI,O
ZSJLITO,O
ZSJLIOT,O
ZSJLOTI,O
ZSJLOIT,O
ZSJOTIL,O
ZSJOTLI,O
ZSJOITL,O
ZSJOILT,O
ZSJOLTI,O
ZSJOLIT,O
ZSOTILJ,O
ZSOTIJL,O
ZSOTLIJ,O
ZSOTLJI,O
ZSOTJIL,O
ZSOTJLI,O
ZSOITLJ,O
ZSOITJL,O
ZSOILTJ,O
ZSOILJT,O
ZSOIJTL,O
ZSOIJLT,O
ZSOLTIJ,O
ZSOLTJI,O
ZSOLITJ,O
ZSOLIJT,O
ZSOLJTI,O
ZSOLJIT,O
ZSOJTIL,O
ZSOJTLI,O
ZSOJITL,O
ZSOJILT,O
ZSOJLTI,O
ZSOJLIT,O
ZOTILJS,O
ZOTILSJ,O
ZOTIJLS,O
ZOTIJSL,O
ZOTISLJ,O
ZOTISJL,O
ZOTLIJS,O
ZOTLISJ,O
ZOTLJIS,O
ZOTLJSI,O
ZOTLSIJ,O
ZOTLSJI,O
ZOTJILS,O
ZOTJISL,O
ZOTJLIS,O
ZOTJLSI,O
ZOTJSIL,O
ZOTJSLI,O
ZOTSILJ,O
ZOTSIJL,O
ZOTSLIJ,O
ZOTSLJI,O
ZOTSJIL,O
ZOTSJLI,O
ZOITLJS,O
ZOITLSJ,O
ZOITJLS,O
ZOITJSL,O
ZOITSLJ,O
ZOITSJL,O
ZOILTJS,O
ZOILTSJ,O
ZOILJTS,O
ZOILJST,O
ZOILSTJ,O
ZOILSJT,O
ZOIJTLS,O
ZOIJTSL,O
ZOIJLTS,O
ZOIJLST,O
ZOIJSTL,O
ZOIJSLT,O
ZOISTLJ,O
ZOISTJL,O
ZOISLTJ,O
ZOISLJT,O
ZOISJTL,O
ZOISJLT,O
ZOLTIJS,O
ZOLTISJ,O
ZOLTJIS,O
ZOLTJSI,O
ZOLTSIJ,O
ZOLTSJI,O
ZOLITJS,O
ZOLITSJ,O
ZOLIJTS,O
ZOLIJST,O
ZOLISTJ,O
ZOLISJT,O
ZOLJTIS,O
ZOLJTSI,O
ZOLJITS,O
ZOLJIST,O
ZOLJSTI,O
ZOLJSIT,O
ZOLSTIJ,O
ZOLSTJI,O
ZOLSITJ,O
ZOLSIJT,O
ZOLSJTI,O
ZOLSJIT,O
ZOJTILS,O
ZOJTISL,O
ZOJTLIS,O
ZOJTLSI,O
ZOJTSIL,O
ZOJTSLI,O
ZOJITLS,O
ZOJITSL,O
ZOJILTS,O
ZOJILST,O
ZOJISTL,O
ZOJISLT,O
ZOJLTIS,O
ZOJLTSI,O
ZOJLITS,O
ZOJLIST,O
ZOJLSTI,O
ZOJLSIT,O
ZOJSTIL,O
ZOJSTLI,O
ZOJSITL,O
ZOJSILT,O
ZOJSLTI,O
ZOJSLIT,O
ZOSTILJ,O
ZOSTIJL,O
ZOSTLIJ,O
ZOSTLJI,O
ZOSTJIL,O
ZOSTJLI,O
ZOSITLJ,O
ZOSITJL,O
ZOSILTJ,O
ZOSILJT,O
ZOSIJTL,O
ZOSIJLT,O
ZOSLTIJ,O
ZOSLTJI,O
ZOSLITJ,O
ZOSLIJT,O
ZOSLJTI,O
ZOSLJIT,O
ZOSJTIL,O
ZOSJTLI,O
ZOSJITL,O
ZOSJILT,O
ZOSJLTI,O
ZOSJLIT,O
OTILJSZ,O
OTILJZS,O
OTILSJZ,O
OTILSZJ,O
OTILZJS,O
OTILZSJ,O
OTIJLSZ,O
OTIJLZS,O
OTIJSLZ,O
OTIJSZL,O
OTIJZLS,O
OTIJZSL,O
OTISLJZ,O
OTISLZJ,O
OTISJLZ,O
OTISJZL,O
OTISZLJ,O
OTISZJL,O
OTIZLJS,O
OTIZLSJ,O
OTIZJLS,O
OTIZJSL,O
OTIZSLJ,O
OTIZSJL,O
OTLIJSZ,O
OTLIJZS,O
OTLISJZ,O
OTLISZJ,O
OTLIZJS,O
OTLIZSJ,O
OTLJISZ,O
OTLJIZS,O
OTLJSIZ,O
OTLJSZI,O
OTLJZIS,O
OTLJZSI,O
OTLSIJZ,O
OTLSIZJ,O
OTLSJIZ,O
OTLSJZI,O
OTLSZIJ,O
OTLSZJI,O
OTLZIJS,O
OTLZISJ,O
OTLZJIS,O
OTLZJSI,O
OTLZSIJ,O
OTLZSJI,O
OTJILSZ,O
OTJILZS,O
OTJISLZ,O
OTJISZL,O
OTJIZLS,O
OTJIZSL,O
OTJLISZ,O
OTJLIZS,O
OTJLSIZ,O
OTJLSZI,O
OTJLZIS,O
OTJLZSI,O
OTJSILZ,O
OTJSIZL,O
OTJSLIZ,O
OTJSLZI,O
OTJSZIL,O
OTJSZLI,O
OTJZILS,O
OTJZISL,O
OTJZLIS,O
OTJZLSI,O
OTJZSIL,O
OTJZSLI,O
OTSILJZ,O
OTSILZJ,O
OTSIJLZ,O
OTSIJZL,O
OTSIZLJ,O
OTSIZJL,O
OTSLIJZ,O
OTSLIZJ,O
OTSLJIZ,O
OTSLJZI,O
OTSLZIJ,O
OTSLZJI,O
OTSJILZ,O
OTSJIZL,O
OTSJLIZ,O
OTSJLZI,O
OTSJZIL,O
OTSJZLI,O
OTSZILJ,O
OTSZIJL,O
OTSZLIJ,O
OTSZLJI,O
OTSZJIL,O
OTSZJLI,O
OTZILJS,O
OTZILSJ,O
OTZIJLS,O
OTZIJSL,O
OTZISLJ,O
OTZISJL,O
OTZLIJS,O
OTZLISJ,O
OTZLJIS,O
OTZLJSI,O
OTZLSIJ,O
OTZLSJI,O
OTZJILS,O
OTZJISL,O
OTZJLIS,O
OTZJLSI,O
OTZJSIL,O
OTZJSLI,O
OTZSILJ,O
OTZSIJL,O
OTZSLIJ,O
OTZSLJI,O
OTZSJIL,O
OTZSJLI,O
OITLJSZ,O
OITLJZS,O
OITLSJZ,O
OITLSZJ,O
OITLZJS,O
OITLZSJ,O
OITJLSZ,O
OITJLZS,O
OITJSLZ,O
OITJSZL,O
OITJZLS,O
OITJZSL,O
OITSLJZ,O
OITSLZJ,O
OITSJLZ,O
OITSJZL,O
OITSZLJ,O
OITSZJL,O
OITZLJS,O
OITZLSJ,O
OITZJLS,O
OITZJSL,O
OITZSLJ,O
OITZSJL,O
OILTJSZ,O
OILTJZS,O
OILTSJZ,O
OILTSZJ,O
OILTZJS,O
OILTZSJ,O
OILJTSZ,O
OILJTZS,O
OILJSTZ,O
OILJSZT,O
OILJZTS,O
OILJZST,O
OILSTJZ,O
OILSTZJ,O
OILSJTZ,O
OILSJZT,O
OILSZTJ,O
OILSZJT,O
OILZTJS,O
OILZTSJ,O
OILZJTS,O
OILZJST,O
OILZSTJ,O
OILZSJT,O
OIJTLSZ,O
OIJTLZS,O
OIJTSLZ,O
OIJTSZL,O
OIJTZLS,O
OIJTZSL,O
OIJLTSZ,O
OIJLTZS,O
OIJLSTZ,O
OIJLSZT,O
OIJLZTS,O
OIJLZST,O
OIJSTLZ,O
OIJSTZL,O
OIJSLTZ,O
OIJSLZT,O
OIJSZTL,O
OIJSZLT,O
OIJZTLS,O
OIJZTSL,O
OIJZLTS,O
OIJZLST,O
OIJZSTL,O
OIJZSLT,O
OISTLJZ,O
OISTLZJ,O
OISTJLZ,O
OISTJZL,O
OISTZLJ,O
OISTZJL,O
OISLTJZ,O
OISLTZJ,O
OISLJTZ,O
OISLJZT,O
OISLZTJ,O
OISLZJT,O
OISJTLZ,O
OISJTZL,O
OISJLTZ,O
OISJLZT,O
OISJZTL,O
OISJZLT,O
OISZTLJ,O
OISZTJL,O
OISZLTJ,O
OISZLJT,O
OISZJTL,O
OISZJLT,O
OIZTLJS,O
OIZTLSJ,O
OIZTJLS,O
OIZTJSL,O
OIZTSLJ,O
OIZTSJL,O
OIZLTJS,O
OIZLTSJ,O
OIZLJTS,O
OIZLJST,O
OIZLSTJ,O
OIZLSJT,O
OIZJTLS,O
OIZJTSL,O
OIZJLTS,O
OIZJLST,O
OIZJSTL,O
OIZJSLT,O
OIZSTLJ,O
OIZSTJL,O
OIZSLTJ,O
OIZSLJT,O
OIZSJTL,O
OIZSJLT,O
OLTIJSZ,O
OLTIJZS,O
OLTISJZ,O
OLTISZJ,O
OLTIZJS,O
OLTIZSJ,O
OLTJISZ,O
OLTJIZS,O
OLTJSIZ,O
OLTJSZI,O
OLTJZIS,O
OLTJZSI,O
OLTSIJZ,O
OLTSIZJ,O
OLTSJIZ,O
OLTSJZI,O
OLTSZIJ,O
OLTSZJI,O
OLTZIJS,O
OLTZISJ,O
OLTZJIS,O
OLTZJSI,O
OLTZSIJ,O
OLTZSJI,O
OLITJSZ,O
OLITJZS,O
OLITSJZ,O
OLITSZJ,O
OLITZJS,O
OLITZSJ,O
OLIJTSZ,O
OLIJTZS,O
OLIJSTZ,O
OLIJSZT,O
OLIJZTS,O
OLIJZST,O
OLISTJZ,O
OLISTZJ,O
OLISJTZ,O
OLISJZT,O
OLISZTJ,O
OLISZJT,O
OLIZTJS,O
OLIZTSJ,O
OLIZJTS,O
OLIZJST,O
OLIZSTJ,O
OLIZSJT,O
OLJTISZ,O
OLJTIZS,O
OLJTSIZ,O
OLJTSZI,O
OLJTZIS,O
OLJTZSI,O
OLJITSZ,O
OLJITZS,O
OLJISTZ,O
OLJISZT,O
OLJIZTS,O
OLJIZST,O
OLJSTIZ,O
OLJSTZI,O
OLJSITZ,O
OLJSIZT,O
OLJSZTI,O
OLJSZIT,O
OLJZTIS,O
OLJZTSI,O
OLJZITS,O
OLJZIST,O
OLJZSTI,O
OLJZSIT,O
OLSTIJZ,O
OLSTIZJ,O
OLSTJIZ,O
OLSTJZI,O
OLSTZIJ,O
OLSTZJI,O
OLSITJZ,O
OLSITZJ,O
OLSIJTZ,O
OLSIJZT,O
OLSIZTJ,O
OLSIZJT,O
OLSJTIZ,O
OLSJTZI,O
OLSJITZ,O
OLSJIZT,O
OLSJZTI,O
OLSJZIT,O
OLSZTIJ,O
OLSZTJI,O
OLSZITJ,O
OLSZIJT,O
OLSZJTI,O
OLSZJIT,O
OLZTIJS,O
OLZTISJ,O
OLZTJIS,O
OLZTJSI,O
OLZTSIJ,O
OLZTSJI,O
OLZITJS,O
OLZITSJ,O
OLZIJTS,O
OLZIJST,O
OLZISTJ,O
OLZISJT,O
OLZJTIS,O
OLZJTSI,O
OLZJITS,O
OLZJIST,O
OLZJSTI,O
OLZJSIT,O
OLZSTIJ,O
OLZSTJI,O
OLZSITJ,O
OLZSIJT,O
OLZSJTI,O
OLZSJIT,O
OJTILSZ,O
OJTILZS,O
OJTISLZ,O
OJTISZL,O
OJTIZLS,O
OJTIZSL,O
OJTLISZ,O
OJTLIZS,O
OJTLSIZ,O
OJTLSZI,O
OJTLZIS,O
OJTLZSI,O
OJTSILZ,O
OJTSIZL,O
OJTSLIZ,O
OJTSLZI,O
OJTSZIL,O
OJTSZLI,O
OJTZILS,O
OJTZISL,O
OJTZLIS,O
OJTZLSI,O
OJTZSIL,O
OJTZSLI,O
OJITLSZ,O
OJITLZS,O
OJITSLZ,O
OJITSZL,O
OJITZLS,O
OJITZSL,O
OJILTSZ,O
OJILTZS,O
OJILSTZ,O
OJILSZT,O
OJILZTS,O
OJILZST,O
OJISTLZ,O
OJISTZL,O
OJISLTZ,O
OJISLZT,O
OJISZTL,O
OJISZLT,O
OJIZTLS,O
OJIZTSL,O
OJIZLTS,O
OJIZLST,O
OJIZSTL,O
OJIZSLT,O
OJLTISZ,O
OJLTIZS,O
OJLTSIZ,O
OJLTSZI,O
OJLTZIS,O
OJLTZSI,O
OJLITSZ,O
OJLITZS,O
OJLISTZ,O
OJLISZT,O
OJLIZTS,O
OJLIZST,O
OJLSTIZ,O
OJLSTZI,O
OJLSITZ,O
OJLSIZT,O
OJLSZTI,O
OJLSZIT,O
OJLZTIS,O
OJLZTSI,O
OJLZITS,O
OJLZIST,O
OJLZSTI,O
OJLZSIT,O
OJSTILZ,O
OJSTIZL,O
OJSTLIZ,O
OJSTLZI,O
OJSTZIL,O
OJSTZLI,O
OJSITLZ,O
OJSITZL,O
OJSILTZ,O
OJSILZT,O
OJSIZTL,O
OJSIZLT,O
OJSLTIZ,O
OJSLTZI,O
OJSLITZ,O
OJSLIZT,O
OJSLZTI,O
OJSLZIT,O
OJSZTIL,O
OJSZTLI,O
OJSZITL,O
OJSZILT,O
OJSZLTI,O
OJSZLIT,O
OJZTILS,O
OJZTISL,O
OJZTLIS,O
OJZTLSI,O
OJZTSIL,O
OJZTSLI,O
OJZITLS,O
OJZITSL,O
OJZILTS,O
OJZILST,O
OJZISTL,O
OJZISLT,O
OJZLTIS,O
OJZLTSI,O
OJZLITS,O
OJZLIST,O
OJZLSTI,O
OJZLSIT,O
OJZSTIL,O
OJZSTLI,O
OJZSITL,O
OJZSILT,O
OJZSLTI,O
OJZSLIT,O
OSTILJZ,O
OSTILZJ,O
OSTIJLZ,O
OSTIJZL,O
OSTIZLJ,O
OSTIZJL,O
OSTLIJZ,O
OSTLIZJ,O
OSTLJIZ,O
OSTLJZI,O
OSTLZIJ,O
OSTLZJI,O
OSTJILZ,O
OSTJIZL,O
OSTJLIZ,O
OSTJLZI,O
OSTJZIL,O
OSTJZLI,O
OSTZILJ,O
OSTZIJL,O
OSTZLIJ,O
OSTZLJI,O
OSTZJIL,O
OSTZJLI,O
OSITLJZ,O
OSITLZJ,O
OSITJLZ,O
OSITJZL,O
OSITZLJ,O
OSITZJL,O
OSILTJZ,O
OSILTZJ,O
OSILJTZ,O
OSILJZT,O
OSILZTJ,O
OSILZJT,O
OSIJTLZ,O
OSIJTZL,O
OSIJLTZ,O
OSIJLZT,O
OSIJZTL,O
OSIJZLT,O
OSIZTLJ,O
OSIZTJL,O
OSIZLTJ,O
OSIZLJT,O
OSIZJTL,O
OSIZJLT,O
OSLTIJZ,O
OSLTIZJ,O
OSLTJIZ,O
OSLTJZI,O
OSLTZIJ,O
OSLTZJI,O
OSLITJZ,O
OSLITZJ,O
OSLIJTZ,O
OSLIJZT,O
OSLIZTJ,O
OSLIZJT,O
OSLJTIZ,O
OSLJTZI,O
OSLJITZ,O
OSLJIZT,O
OSLJZTI,O
OSLJZIT,O
OSLZTIJ,O
OSLZTJI,O
OSLZITJ,O
OSLZIJT,O
OSLZJTI,O
OSLZJIT,O
OSJTILZ,O
OSJTIZL,O
OSJTLIZ,O
OSJTLZI,O
OSJTZIL,O
OSJTZLI,O
OSJITLZ,O
OSJITZL,O
OSJILTZ,O
OSJILZT,O
OSJIZTL,O
OSJIZLT,O
OSJLTIZ,O
OSJLTZI,O
OSJLITZ,O
OSJLIZT,O
OSJLZTI,O
OSJLZIT,O
OSJZTIL,O
OSJZTLI,O
OSJZITL,O
OSJZILT,O
OSJZLTI,O
OSJZLIT,O
OSZTILJ,O
OSZTIJL,O
OSZTLIJ,O
OSZTLJI,O
OSZTJIL,O
OSZTJLI,O
OSZITLJ,O
OSZITJL,O
OSZILTJ,O
OSZILJT,O
OSZIJTL,O
OSZIJLT,O
OSZLTIJ,O
OSZLTJI,O
OSZLITJ,O
OSZLIJT,O
OSZLJTI,O
OSZLJIT,O
OSZJTIL,O
OSZJTLI,O
OSZJITL,O
OSZJILT,O
OSZJLTI,O
OSZJLIT,O
OZTILJS,O
OZTILSJ,O
OZTIJLS,O
OZTIJSL,O
OZTISLJ,O
OZTISJL,O
OZTLIJS,O
OZTLISJ,O
OZTLJIS,O
OZTLJSI,O
OZTLSIJ,O
OZTLSJI,O
OZTJILS,O
OZTJISL,O
OZTJLIS,O
OZTJLSI,O
OZTJSIL,O
OZTJSLI,O
OZTSILJ,O
OZTSIJL,O
OZTSLIJ,O
OZTSLJI,O
OZTSJIL,O
OZTSJLI,O
OZITLJS,O
OZITLSJ,O
OZITJLS,O
OZITJSL,O
OZITSLJ,O
OZITSJL,O
OZILTJS,O
OZILTSJ,O
OZILJTS,O
OZILJST,O
OZILSTJ,O
OZILSJT,O
OZIJTLS,O
OZIJTSL,O
OZIJLTS,O
OZIJLST,O
OZIJSTL,O
OZIJSLT,O
OZISTLJ,O
OZISTJL,O
OZISLTJ,O
OZISLJT,O
OZISJTL,O
OZISJLT,O
OZLTIJS,O
OZLTISJ,O
OZLTJIS,O
OZLTJSI,O
OZLTSIJ,O
OZLTSJI,O
OZLITJS,O
OZLITSJ,O
OZLIJTS,O
OZLIJST,O
OZLISTJ,O
OZLISJT,O
OZLJTIS,O
OZLJTSI,O
OZLJITS,O
OZLJIST,O
OZLJSTI,O
OZLJSIT,O
OZLSTIJ,O
OZLSTJI,O
OZLSITJ,O
OZLSIJT,O
OZLSJTI,O
OZLSJIT,O
OZJTILS,O
OZJTISL,O
OZJTLIS,O
OZJTLSI,O
OZJTSIL,O
OZJTSLI,O
OZJITLS,O
OZJITSL,O
OZJILTS,O
OZJILST,O
OZJISTL,O
OZJISLT,O
OZJLTIS,O
OZJLTSI,O
OZJLITS,O
OZJLIST,O
OZJLSTI,O
OZJLSIT,O
OZJSTIL,O
OZJSTLI,O
OZJSITL,O
OZJSILT,O
OZJSLTI,O
OZJSLIT,O
OZSTILJ,O
OZSTIJL,O
OZSTLIJ,O
OZSTLJI,O
OZSTJIL,O
OZSTJLI,O
OZSITLJ,O
OZSITJL,O
OZSILTJ,O
OZSILJT,O
OZSIJTL,O
OZSIJLT,O
OZSLTIJ,O
OZSLTJI,O
OZSLITJ,O
OZSLIJT,O
OZSLJTI,O
OZSLJIT,O
OZSJTIL,O
OZSJTLI,O
OZSJITL,O
OZSJILT,O
OZSJLTI,O
OZSJLIT,O
