sequence,v115@PhA8AeB8AeB8CeA8AeC8CeC8KeT/IvhFOlBXhBliB5?oBUnBSwB
TILJSZO,X
TILJSOZ,O
TILJZSO,X
TILJZOS,X
TILJOSZ,O
TILJOZS,X
TILSJZO,X
TILSJOZ,O
TILSZJO,X
TILSZOJ,X
TILSOJZ,O
TILSOZJ,X
TILZJSO,X
TILZJOS,X
TILZSJO,X
TILZSOJ,X
TILZOJS,X
TILZOSJ,X
TILOJSZ,O
TILOJZS,X
TILOSJZ,O
TILOSZJ,X
TILOZJS,X
TILOZSJ,X
TIJLSZO,X
TIJLSOZ,O
TIJLZSO,X
TIJLZOS,X
TIJLOSZ,O
TIJLOZS,X
TIJSLZO,X
TIJSLOZ,X
TIJSZLO,X
TIJSZOL,X
TIJSOLZ,X
TIJSOZL,O
TIJZLSO,X
TIJZLOS,X
TIJZSLO,X
TIJZSOL,O
TIJZOLS,X
TIJZOSL,O
TIJOLSZ,O
TIJOLZS,X
TIJOSLZ,X
TIJOSZL,O
TIJOZLS,X
TIJOZSL,O
TISLJZO,X
TISLJOZ,X
TISLZJO,X
TISLZOJ,X
TISLOJZ,X
TISLOZJ,X
TISJLZO,X
TISJLOZ,X
TISJZLO,X
TISJZOL,X
TISJOLZ,X
TISJOZL,O
TISZLJO,X
TISZLOJ,X
TISZJLO,X
TISZJOL,X
TISZOLJ,X
TISZOJL,X
TISOLJZ,X
TISOLZJ,X
TISOJLZ,X
TISOJZL,O
TISOZLJ,X
TISOZJL,X
TIZLJSO,X
TIZLJOS,X
TIZLSJO,X
TIZLSOJ,X
TIZLOJS,X
TIZLOSJ,X
TIZJLSO,X
TIZJLOS,X
TIZJSLO,X
TIZJSOL,O
TIZJOLS,X
TIZJOSL,O
TIZSLJO,X
TIZSLOJ,X
TIZSJLO,X
TIZSJOL,O
TIZSOLJ,X
TIZSOJL,O
TIZOLJS,X
TIZOLSJ,X
TIZOJLS,X
TIZOJSL,O
TIZOSLJ,X
TIZOSJL,O
TIOLJSZ,O
TIOLJZS,X
TIOLSJZ,O
TIOLSZJ,X
TIOLZJS,X
TIOLZSJ,X
TIOJLSZ,O
TIOJLZS,X
TIOJSLZ,X
TIOJSZL,O
TIOJZLS,X
TIOJZSL,O
TIOSLJZ,X
TIOSLZJ,X
TIOSJLZ,X
TIOSJZL,O
TIOSZLJ,X
TIOSZJL,X
TIOZLJS,X
TIOZLSJ,X
TIOZJLS,X
TIOZJSL,O
TIOZSLJ,X
TIOZSJL,O
TLIJSZO,X
TLIJSOZ,O
TLIJZSO,X
TLIJZOS,X
TLIJOSZ,O
TLIJOZS,X
TLISJZO,X
TLISJOZ,O
TLISZJO,X
TLISZOJ,X
TLISOJZ,O
TLISOZJ,X
TLIZJSO,X
TLIZJOS,X
TLIZSJO,X
TLIZSOJ,X
TLIZOJS,X
TLIZOSJ,X
TLIOJSZ,O
TLIOJZS,X
TLIOSJZ,O
TLIOSZJ,X
TLIOZJS,X
TLIOZSJ,X
TLJISZO,X
TLJISOZ,O
TLJIZSO,X
TLJIZOS,X
TLJIOSZ,O
TLJIOZS,X
TLJSIZO,X
TLJSIOZ,O
TLJSZIO,X
TLJSZOI,X
TLJSOIZ,O
TLJSOZI,X
TLJZISO,X
TLJZIOS,X
TLJZSIO,X
TLJZSOI,X
TLJZOIS,X
TLJZOSI,X
TLJOISZ,O
TLJOIZS,X
TLJOSIZ,O
TLJOSZI,X
TLJOZIS,X
TLJOZSI,X
TLSIJZO,X
TLSIJOZ,O
TLSIZJO,X
TLSIZOJ,X
TLSIOJZ,O
TLSIOZJ,X
TLSJIZO,X
TLSJIOZ,O
TLSJZIO,X
TLSJZOI,X
TLSJOIZ,O
TLSJOZI,X
TLSZIJO,X
TLSZIOJ,X
TLSZJIO,X
TLSZJOI,X
TLSZOIJ,X
TLSZOJI,X
TLSOIJZ,O
TLSOIZJ,X
TLSOJIZ,O
TLSOJZI,X
TLSOZIJ,X
TLSOZJI,X
TLZIJSO,X
TLZIJOS,X
TLZISJO,X
TLZISOJ,X
TLZIOJS,X
TLZIOSJ,X
TLZJISO,X
TLZJIOS,X
TLZJSIO,X
TLZJSOI,X
TLZJOIS,X
TLZJOSI,X
TLZSIJO,X
TLZSIOJ,X
TLZSJIO,X
TLZSJOI,X
TLZSOIJ,X
TLZSOJI,X
TLZOIJS,X
TLZOISJ,X
TLZOJIS,X
TLZOJSI,X
TLZOSIJ,X
TLZOSJI,X
TLOIJSZ,O
TLOIJZS,X
TLOISJZ,O
TLOISZJ,X
TLOIZJS,X
TLOIZSJ,X
TLOJISZ,O
TLOJIZS,X
TLOJSIZ,O
TLOJSZI,X
TLOJZIS,X
TLOJZSI,X
TLOSIJZ,O
TLOSIZJ,X
TLOSJIZ,O
TLOSJZI,X
TLOSZIJ,X
TLOSZJI,X
TLOZIJS,X
TLOZISJ,X
TLOZJIS,X
TLOZJSI,X
TLOZSIJ,X
TLOZSJI,X
TJILSZO,X
TJILSOZ,O
TJILZSO,X
TJILZOS,X
TJILOSZ,O
TJILOZS,X
TJISLZO,X
TJISLOZ,X
TJISZLO,X
TJISZOL,X
TJISOLZ,X
TJISOZL,O
TJIZLSO,X
TJIZLOS,X
TJIZSLO,X
TJIZSOL,O
TJIZOLS,X
TJIZOSL,O
TJIOLSZ,O
TJIOLZS,X
TJIOSLZ,X
TJIOSZL,O
TJIOZLS,X
TJIOZSL,O
TJLISZO,X
TJLISOZ,O
TJLIZSO,X
TJLIZOS,X
TJLIOSZ,O
TJLIOZS,X
TJLSIZO,X
TJLSIOZ,O
TJLSZIO,X
TJLSZOI,X
TJLSOIZ,O
TJLSOZI,X
TJLZISO,X
TJLZIOS,X
TJLZSIO,X
TJLZSOI,X
TJLZOIS,X
TJLZOSI,X
TJLOISZ,O
TJLOIZS,X
TJLOSIZ,O
TJLOSZI,X
TJLOZIS,X
TJLOZSI,X
TJSILZO,X
TJSILOZ,X
TJSIZLO,X
TJSIZOL,X
TJSIOLZ,X
TJSIOZL,O
TJSLIZO,X
TJSLIOZ,X
TJSLZIO,X
TJSLZOI,X
TJSLOIZ,X
TJSLOZI,X
TJSZILO,X
TJSZIOL,X
TJSZLIO,X
TJSZLOI,X
TJSZOIL,X
TJSZOLI,X
TJSOILZ,X
TJSOIZL,O
TJSOLIZ,X
TJSOLZI,X
TJSOZIL,X
TJSOZLI,X
TJZILSO,X
TJZILOS,X
TJZISLO,X
TJZISOL,O
TJZIOLS,X
TJZIOSL,O
TJZLISO,X
TJZLIOS,X
TJZLSIO,X
TJZLSOI,X
TJZLOIS,X
TJZLOSI,X
TJZSILO,X
TJZSIOL,O
TJZSLIO,X
TJZSLOI,X
TJZSOIL,O
TJZSOLI,X
TJZOILS,X
TJZOISL,O
TJZOLIS,X
TJZOLSI,X
TJZOSIL,O
TJZOSLI,X
TJOILSZ,O
TJOILZS,X
TJOISLZ,X
TJOISZL,O
TJOIZLS,X
TJOIZSL,O
TJOLISZ,O
TJOLIZS,X
TJOLSIZ,O
TJOLSZI,X
TJOLZIS,X
TJOLZSI,X
TJOSILZ,X
TJOSIZL,O
TJOSLIZ,X
TJOSLZI,X
TJOSZIL,X
TJOSZLI,X
TJOZILS,X
TJOZISL,O
TJOZLIS,X
TJOZLSI,X
TJOZSIL,O
TJOZSLI,X
TSILJZO,X
TSILJOZ,X
TSILZJO,X
TSILZOJ,X
TSILOJZ,X
TSILOZJ,X
TSIJLZO,X
TSIJLOZ,X
TSIJZLO,X
TSIJZOL,X
TSIJOLZ,X
TSIJOZL,O
TSIZLJO,X
TSIZLOJ,X
TSIZJLO,X
TSIZJOL,X
TSIZOLJ,X
TSIZOJL,X
TSIOLJZ,X
TSIOLZJ,X
TSIOJLZ,X
TSIOJZL,O
TSIOZLJ,X
TSIOZJL,X
TSLIJZO,X
TSLIJOZ,X
TSLIZJO,X
TSLIZOJ,X
TSLIOJZ,X
TSLIOZJ,X
TSLJIZO,X
TSLJIOZ,X
TSLJZIO,X
TSLJZOI,X
TSLJOIZ,X
TSLJOZI,X
TSLZIJO,X
TSLZIOJ,X
TSLZJIO,X
TSLZJOI,X
TSLZOIJ,X
TSLZOJI,X
TSLOIJZ,X
TSLOIZJ,X
TSLOJIZ,X
TSLOJZI,X
TSLOZIJ,X
TSLOZJI,X
TSJILZO,X
TSJILOZ,X
TSJIZLO,X
TSJIZOL,X
TSJIOLZ,X
TSJIOZL,O
TSJLIZO,X
TSJLIOZ,X
TSJLZIO,X
TSJLZOI,X
TSJLOIZ,X
TSJLOZI,X
TSJZILO,X
TSJZIOL,X
TSJZLIO,X
TSJZLOI,X
TSJZOIL,X
TSJZOLI,X
TSJOILZ,X
TSJOIZL,O
TSJOLIZ,X
TSJOLZI,X
TSJOZIL,X
TSJOZLI,X
TSZILJO,X
TSZILOJ,X
TSZIJLO,X
TSZIJOL,X
TSZIOLJ,X
TSZIOJL,X
TSZLIJO,X
TSZLIOJ,X
TSZLJIO,X
TSZLJOI,X
TSZLOIJ,X
TSZLOJI,X
TSZJILO,X
TSZJIOL,X
TSZJLIO,X
TSZJLOI,X
TSZJOIL,X
TSZJOLI,X
TSZOILJ,X
TSZOIJL,X
TSZOLIJ,X
TSZOLJI,X
TSZOJIL,X
TSZOJLI,X
TSOILJZ,X
TSOILZJ,X
TSOIJLZ,X
TSOIJZL,O
TSOIZLJ,X
TSOIZJL,X
TSOLIJZ,X
TSOLIZJ,X
TSOLJIZ,X
TSOLJZI,X
TSOLZIJ,X
TSOLZJI,X
TSOJILZ,X
TSOJIZL,O
TSOJLIZ,X
TSOJLZI,X
TSOJZIL,X
TSOJZLI,X
TSOZILJ,X
TSOZIJL,X
TSOZLIJ,X
TSOZLJI,X
TSOZJIL,X
TSOZJLI,X
TZILJSO,X
TZILJOS,X
TZILSJO,X
TZILSOJ,X
TZILOJS,X
TZILOSJ,X
TZIJLSO,X
TZIJLOS,X
TZIJSLO,X
TZIJSOL,O
TZIJOLS,X
TZIJOSL,O
TZISLJO,X
TZISLOJ,X
TZISJLO,X
TZISJOL,O
TZISOLJ,X
TZISOJL,O
TZIOLJS,X
TZIOLSJ,X
TZIOJLS,X
TZIOJSL,O
TZIOSLJ,X
TZIOSJL,O
TZLIJSO,X
TZLIJOS,X
TZLISJO,X
TZLISOJ,X
TZLIOJS,X
TZLIOSJ,X
TZLJISO,X
TZLJIOS,X
TZLJSIO,X
TZLJSOI,X
TZLJOIS,X
TZLJOSI,X
TZLSIJO,X
TZLSIOJ,X
TZLSJIO,X
TZLSJOI,X
TZLSOIJ,X
TZLSOJI,X
TZLOIJS,X
TZLOISJ,X
TZLOJIS,X
TZLOJSI,X
TZLOSIJ,X
TZLOSJI,X
TZJILSO,X
TZJILOS,X
TZJISLO,X
TZJISOL,O
TZJIOLS,X
TZJIOSL,O
TZJLISO,X
TZJLIOS,X
TZJLSIO,X
TZJLSOI,X
TZJLOIS,X
TZJLOSI,X
TZJSILO,X
TZJSIOL,O
TZJSLIO,X
TZJSLOI,X
TZJSOIL,O
TZJSOLI,X
TZJOILS,X
TZJOISL,O
TZJOLIS,X
TZJOLSI,X
TZJOSIL,O
TZJOSLI,X
TZSILJO,X
TZSILOJ,X
TZSIJLO,X
TZSIJOL,O
TZSIOLJ,X
TZSIOJL,O
TZSLIJO,X
TZSLIOJ,X
TZSLJIO,X
TZSLJOI,X
TZSLOIJ,X
TZSLOJI,X
TZSJILO,X
TZSJIOL,O
TZSJLIO,X
TZSJLOI,X
TZSJOIL,O
TZSJOLI,X
TZSOILJ,X
TZSOIJL,O
TZSOLIJ,X
TZSOLJI,X
TZSOJIL,O
TZSOJLI,X
TZOILJS,X
TZOILSJ,X
TZOIJLS,X
TZOIJSL,O
TZOISLJ,X
TZOISJL,O
TZOLIJS,X
TZOLISJ,X
TZOLJIS,X
TZOLJSI,X
TZOLSIJ,X
TZOLSJI,X
TZOJILS,X
TZOJISL,O
TZOJLIS,X
TZOJLSI,X
TZOJSIL,O
TZOJSLI,X
TZOSILJ,X
TZOSIJL,O
TZOSLIJ,X
TZOSLJI,X
TZOSJIL,O
TZOSJLI,X
TOILJSZ,O
TOILJZS,X
TOILSJZ,O
TOILSZJ,X
TOILZJS,X
TOILZSJ,X
TOIJLSZ,O
TOIJLZS,X
TOIJSLZ,X
TOIJSZL,O
TOIJZLS,X
TOIJZSL,O
TOISLJZ,X
TOISLZJ,X
TOISJLZ,X
TOISJZL,O
TOISZLJ,X
TOISZJL,X
TOIZLJS,X
TOIZLSJ,X
TOIZJLS,X
TOIZJSL,O
TOIZSLJ,X
TOIZSJL,O
TOLIJSZ,O
TOLIJZS,X
TOLISJZ,O
TOLISZJ,X
TOLIZJS,X
TOLIZSJ,X
TOLJISZ,O
TOLJIZS,X
TOLJSIZ,O
TOLJSZI,X
TOLJZIS,X
TOLJZSI,X
TOLSIJZ,O
TOLSIZJ,X
TOLSJIZ,O
TOLSJZI,X
TOLSZIJ,X
TOLSZJI,X
TOLZIJS,X
TOLZISJ,X
TOLZJIS,X
TOLZJSI,X
TOLZSIJ,X
TOLZSJI,X
TOJILSZ,O
TOJILZS,X
TOJISLZ,X
TOJISZL,O
TOJIZLS,X
TOJIZSL,O
TOJLISZ,O
TOJLIZS,X
TOJLSIZ,O
TOJLSZI,X
TOJLZIS,X
TOJLZSI,X
TOJSILZ,X
TOJSIZL,O
TOJSLIZ,X
TOJSLZI,X
TOJSZIL,X
TOJSZLI,X
TOJZILS,X
TOJZISL,O
TOJZLIS,X
TOJZLSI,X
TOJZSIL,O
TOJZSLI,X
TOSILJZ,X
TOSILZJ,X
TOSIJLZ,X
TOSIJZL,O
TOSIZLJ,X
TOSIZJL,X
TOSLIJZ,X
TOSLIZJ,X
TOSLJIZ,X
TOSLJZI,X
TOSLZIJ,X
TOSLZJI,X
TOSJILZ,X
TOSJIZL,O
TOSJLIZ,X
TOSJLZI,X
TOSJZIL,X
TOSJZLI,X
TOSZILJ,X
TOSZIJL,X
TOSZLIJ,X
TOSZLJI,X
TOSZJIL,X
TOSZJLI,X
TOZILJS,X
TOZILSJ,X
TOZIJLS,X
TOZIJSL,O
TOZISLJ,X
TOZISJL,O
TOZLIJS,X
TOZLISJ,X
TOZLJIS,X
TOZLJSI,X
TOZLSIJ,X
TOZLSJI,X
TOZJILS,X
TOZJISL,O
TOZJLIS,X
TOZJLSI,X
TOZJSIL,O
TOZJSLI,X
TOZSILJ,X
TOZSIJL,O
TOZSLIJ,X
TOZSLJI,X
TOZSJIL,O
TOZSJLI,X
ITLJSZO,X
ITLJSOZ,O
ITLJZSO,X
ITLJZOS,X
ITLJOSZ,O
ITLJOZS,X
ITLSJZO,X
ITLSJOZ,O
ITLSZJO,X
ITLSZOJ,X
ITLSOJZ,O
ITLSOZJ,X
ITLZJSO,X
ITLZJOS,X
ITLZSJO,X
ITLZSOJ,X
ITLZOJS,X
ITLZOSJ,X
ITLOJSZ,O
ITLOJZS,X
ITLOSJZ,O
ITLOSZJ,X
ITLOZJS,X
ITLOZSJ,X
ITJLSZO,X
ITJLSOZ,O
ITJLZSO,X
ITJLZOS,X
ITJLOSZ,O
ITJLOZS,X
ITJSLZO,X
ITJSLOZ,X
ITJSZLO,X
ITJSZOL,X
ITJSOLZ,X
ITJSOZL,O
ITJZLSO,X
ITJZLOS,X
ITJZSLO,X
ITJZSOL,O
ITJZOLS,X
ITJZOSL,O
ITJOLSZ,O
ITJOLZS,X
ITJOSLZ,X
ITJOSZL,O
ITJOZLS,X
ITJOZSL,O
ITSLJZO,X
ITSLJOZ,X
ITSLZJO,X
ITSLZOJ,X
ITSLOJZ,X
ITSLOZJ,X
ITSJLZO,X
ITSJLOZ,X
ITSJZLO,X
ITSJZOL,X
ITSJOLZ,X
ITSJOZL,O
ITSZLJO,X
ITSZLOJ,X
ITSZJLO,X
ITSZJOL,X
ITSZOLJ,X
ITSZOJL,X
ITSOLJZ,X
ITSOLZJ,X
ITSOJLZ,X
ITSOJZL,O
ITSOZLJ,X
ITSOZJL,X
ITZLJSO,X
ITZLJOS,X
ITZLSJO,X
ITZLSOJ,X
ITZLOJS,X
ITZLOSJ,X
ITZJLSO,X
ITZJLOS,X
ITZJSLO,X
ITZJSOL,O
ITZJOLS,X
ITZJOSL,O
ITZSLJO,X
ITZSLOJ,X
ITZSJLO,X
ITZSJOL,O
ITZSOLJ,X
ITZSOJL,O
ITZOLJS,X
ITZOLSJ,X
ITZOJLS,X
ITZOJSL,O
ITZOSLJ,X
ITZOSJL,O
ITOLJSZ,O
ITOLJZS,X
ITOLSJZ,O
ITOLSZJ,X
ITOLZJS,X
ITOLZSJ,X
ITOJLSZ,O
ITOJLZS,X
ITOJSLZ,X
ITOJSZL,O
ITOJZLS,X
ITOJZSL,O
ITOSLJZ,X
ITOSLZJ,X
ITOSJLZ,X
ITOSJZL,O
ITOSZLJ,X
ITOSZJL,X
ITOZLJS,X
ITOZLSJ,X
ITOZJLS,X
ITOZJSL,O
ITOZSLJ,X
ITOZSJL,O
ILTJSZO,X
ILTJSOZ,O
ILTJZSO,X
ILTJZOS,X
ILTJOSZ,O
ILTJOZS,X
ILTSJZO,X
ILTSJOZ,O
ILTSZJO,X
ILTSZOJ,X
ILTSOJZ,O
ILTSOZJ,X
ILTZJSO,X
ILTZJOS,X
ILTZSJO,X
ILTZSOJ,X
ILTZOJS,X
ILTZOSJ,X
ILTOJSZ,O
ILTOJZS,X
ILTOSJZ,O
ILTOSZJ,X
ILTOZJS,X
ILTOZSJ,X
ILJTSZO,X
ILJTSOZ,O
ILJTZSO,X
ILJTZOS,X
ILJTOSZ,O
ILJTOZS,X
ILJSTZO,X
ILJSTOZ,O
ILJSZTO,O
ILJSZOT,O
ILJSOTZ,O
ILJSOZT,O
ILJZTSO,O
ILJZTOS,O
ILJZSTO,O
ILJZSOT,O
ILJZOTS,O
ILJZOST,O
ILJOTSZ,O
ILJOTZS,X
ILJOSTZ,O
ILJOSZT,O
ILJOZTS,O
ILJOZST,O
ILSTJZO,X
ILSTJOZ,O
ILSTZJO,X
ILSTZOJ,X
ILSTOJZ,O
ILSTOZJ,X
ILSJTZO,X
ILSJTOZ,O
ILSJZTO,O
ILSJZOT,O
ILSJOTZ,O
ILSJOZT,O
ILSZTJO,O
ILSZTOJ,O
ILSZJTO,O
ILSZJOT,O
ILSZOTJ,O
ILSZOJT,O
ILSOTJZ,O
ILSOTZJ,X
ILSOJTZ,O
ILSOJZT,O
ILSOZTJ,O
ILSOZJT,O
ILZTJSO,O
ILZTJOS,O
ILZTSJO,O
ILZTSOJ,O
ILZTOJS,O
ILZTOSJ,O
ILZJTSO,O
ILZJTOS,O
ILZJSTO,O
ILZJSOT,O
ILZJOTS,O
ILZJOST,O
ILZSTJO,O
ILZSTOJ,O
ILZSJTO,O
ILZSJOT,O
ILZSOTJ,O
ILZSOJT,O
ILZOTJS,O
ILZOTSJ,O
ILZOJTS,O
ILZOJST,O
ILZOSTJ,O
ILZOSJT,O
ILOTJSZ,O
ILOTJZS,X
ILOTSJZ,O
ILOTSZJ,X
ILOTZJS,X
ILOTZSJ,X
ILOJTSZ,O
ILOJTZS,X
ILOJSTZ,O
ILOJSZT,O
ILOJZTS,O
ILOJZST,O
ILOSTJZ,O
ILOSTZJ,X
ILOSJTZ,O
ILOSJZT,O
ILOSZTJ,O
ILOSZJT,O
ILOZTJS,O
ILOZTSJ,O
ILOZJTS,O
ILOZJST,O
ILOZSTJ,O
ILOZSJT,O
IJTLSZO,X
IJTLSOZ,O
IJTLZSO,X
IJTLZOS,X
IJTLOSZ,O
IJTLOZS,X
IJTSLZO,X
IJTSLOZ,X
IJTSZLO,X
IJTSZOL,X
IJTSOLZ,X
IJTSOZL,O
IJTZLSO,X
IJTZLOS,X
IJTZSLO,X
IJTZSOL,O
IJTZOLS,X
IJTZOSL,O
IJTOLSZ,O
IJTOLZS,X
IJTOSLZ,X
IJTOSZL,O
IJTOZLS,X
IJTOZSL,O
IJLTSZO,X
IJLTSOZ,O
IJLTZSO,X
IJLTZOS,X
IJLTOSZ,O
IJLTOZS,X
IJLSTZO,X
IJLSTOZ,O
IJLSZTO,O
IJLSZOT,O
IJLSOTZ,O
IJLSOZT,O
IJLZTSO,O
IJLZTOS,O
IJLZSTO,O
IJLZSOT,O
IJLZOTS,O
IJLZOST,O
IJLOTSZ,O
IJLOTZS,X
IJLOSTZ,O
IJLOSZT,O
IJLOZTS,O
IJLOZST,O
IJSTLZO,X
IJSTLOZ,X
IJSTZLO,X
IJSTZOL,X
IJSTOLZ,X
IJSTOZL,O
IJSLTZO,X
IJSLTOZ,X
IJSLZTO,X
IJSLZOT,X
IJSLOTZ,X
IJSLOZT,X
IJSZTLO,X
IJSZTOL,O
IJSZLTO,X
IJSZLOT,X
IJSZOTL,O
IJSZOLT,X
IJSOTLZ,X
IJSOTZL,O
IJSOLTZ,X
IJSOLZT,X
IJSOZTL,O
IJSOZLT,X
IJZTLSO,X
IJZTLOS,X
IJZTSLO,X
IJZTSOL,O
IJZTOLS,X
IJZTOSL,O
IJZLTSO,X
IJZLTOS,X
IJZLSTO,X
IJZLSOT,X
IJZLOTS,X
IJZLOST,X
IJZSTLO,X
IJZSTOL,O
IJZSLTO,X
IJZSLOT,X
IJZSOTL,O
IJZSOLT,X
IJZOTLS,X
IJZOTSL,O
IJZOLTS,X
IJZOLST,X
IJZOSTL,O
IJZOSLT,X
IJOTLSZ,O
IJOTLZS,X
IJOTSLZ,X
IJOTSZL,O
IJOTZLS,X
IJOTZSL,O
IJOLTSZ,O
IJOLTZS,X
IJOLSTZ,O
IJOLSZT,O
IJOLZTS,O
IJOLZST,O
IJOSTLZ,X
IJOSTZL,O
IJOSLTZ,X
IJOSLZT,X
IJOSZTL,O
IJOSZLT,X
IJOZTLS,X
IJOZTSL,O
IJOZLTS,X
IJOZLST,X
IJOZSTL,O
IJOZSLT,X
ISTLJZO,X
ISTLJOZ,X
ISTLZJO,X
ISTLZOJ,X
ISTLOJZ,X
ISTLOZJ,X
ISTJLZO,X
ISTJLOZ,X
ISTJZLO,X
ISTJZOL,X
ISTJOLZ,X
ISTJOZL,O
ISTZLJO,X
ISTZLOJ,X
ISTZJLO,X
ISTZJOL,X
ISTZOLJ,X
ISTZOJL,X
ISTOLJZ,X
ISTOLZJ,X
ISTOJLZ,X
ISTOJZL,O
ISTOZLJ,X
ISTOZJL,X
ISLTJZO,X
ISLTJOZ,X
ISLTZJO,X
ISLTZOJ,X
ISLTOJZ,X
ISLTOZJ,X
ISLJTZO,X
ISLJTOZ,X
ISLJZTO,X
ISLJZOT,X
ISLJOTZ,X
ISLJOZT,X
ISLZTJO,X
ISLZTOJ,X
ISLZJTO,X
ISLZJOT,X
ISLZOTJ,X
ISLZOJT,X
ISLOTJZ,X
ISLOTZJ,X
ISLOJTZ,X
ISLOJZT,X
ISLOZTJ,X
ISLOZJT,X
ISJTLZO,X
ISJTLOZ,X
ISJTZLO,X
ISJTZOL,X
ISJTOLZ,X
ISJTOZL,O
ISJLTZO,X
ISJLTOZ,X
ISJLZTO,X
ISJLZOT,X
ISJLOTZ,X
ISJLOZT,X
ISJZTLO,X
ISJZTOL,O
ISJZLTO,X
ISJZLOT,X
ISJZOTL,O
ISJZOLT,X
ISJOTLZ,X
ISJOTZL,O
ISJOLTZ,X
ISJOLZT,X
ISJOZTL,O
ISJOZLT,X
ISZTLJO,X
ISZTLOJ,X
ISZTJLO,X
ISZTJOL,O
ISZTOLJ,X
ISZTOJL,O
ISZLTJO,X
ISZLTOJ,X
ISZLJTO,X
ISZLJOT,X
ISZLOTJ,X
ISZLOJT,X
ISZJTLO,X
ISZJTOL,O
ISZJLTO,X
ISZJLOT,X
ISZJOTL,O
ISZJOLT,X
ISZOTLJ,X
ISZOTJL,O
ISZOLTJ,X
ISZOLJT,X
ISZOJTL,O
ISZOJLT,X
ISOTLJZ,X
ISOTLZJ,X
ISOTJLZ,X
ISOTJZL,O
ISOTZLJ,X
ISOTZJL,X
ISOLTJZ,X
ISOLTZJ,X
ISOLJTZ,X
ISOLJZT,X
ISOLZTJ,X
ISOLZJT,X
ISOJTLZ,X
ISOJTZL,O
ISOJLTZ,X
ISOJLZT,X
ISOJZTL,O
ISOJZLT,X
ISOZTLJ,X
ISOZTJL,O
ISOZLTJ,X
ISOZLJT,X
ISOZJTL,O
ISOZJLT,X
IZTLJSO,X
IZTLJOS,X
IZTLSJO,X
IZTLSOJ,X
IZTLOJS,X
IZTLOSJ,X
IZTJLSO,X
IZTJLOS,X
IZTJSLO,X
IZTJSOL,O
IZTJOLS,X
IZTJOSL,O
IZTSLJO,X
IZTSLOJ,X
IZTSJLO,X
IZTSJOL,O
IZTSOLJ,X
IZTSOJL,O
IZTOLJS,X
IZTOLSJ,X
IZTOJLS,X
IZTOJSL,O
IZTOSLJ,X
IZTOSJL,O
IZLTJSO,X
IZLTJOS,X
IZLTSJO,X
IZLTSOJ,X
IZLTOJS,X
IZLTOSJ,X
IZLJTSO,X
IZLJTOS,X
IZLJSTO,X
IZLJSOT,X
IZLJOTS,X
IZLJOST,X
IZLSTJO,X
IZLSTOJ,X
IZLSJTO,X
IZLSJOT,X
IZLSOTJ,X
IZLSOJT,X
IZLOTJS,X
IZLOTSJ,X
IZLOJTS,X
IZLOJST,X
IZLOSTJ,X
IZLOSJT,X
IZJTLSO,X
IZJTLOS,X
IZJTSLO,X
IZJTSOL,O
IZJTOLS,X
IZJTOSL,O
IZJLTSO,X
IZJLTOS,X
IZJLSTO,X
IZJLSOT,X
IZJLOTS,X
IZJLOST,X
IZJSTLO,X
IZJSTOL,O
IZJSLTO,X
IZJSLOT,X
IZJSOTL,O
IZJSOLT,X
IZJOTLS,X
IZJOTSL,O
IZJOLTS,X
IZJOLST,X
IZJOSTL,O
IZJOSLT,X
IZSTLJO,X
IZSTLOJ,X
IZSTJLO,X
IZSTJOL,O
IZSTOLJ,X
IZSTOJL,O
IZSLTJO,X
IZSLTOJ,X
IZSLJTO,X
IZSLJOT,X
IZSLOTJ,X
IZSLOJT,X
IZSJTLO,X
IZSJTOL,O
IZSJLTO,X
IZSJLOT,X
IZSJOTL,O
IZSJOLT,X
IZSOTLJ,X
IZSOTJL,O
IZSOLTJ,X
IZSOLJT,X
IZSOJTL,O
IZSOJLT,X
IZOTLJS,X
IZOTLSJ,X
IZOTJLS,X
IZOTJSL,O
IZOTSLJ,X
IZOTSJL,O
IZOLTJS,X
IZOLTSJ,X
IZOLJTS,X
IZOLJST,X
IZOLSTJ,X
IZOLSJT,X
IZOJTLS,X
IZOJTSL,O
IZOJLTS,X
IZOJLST,X
IZOJSTL,O
IZOJSLT,X
IZOSTLJ,X
IZOSTJL,O
IZOSLTJ,X
IZOSLJT,X
IZOSJTL,O
IZOSJLT,X
IOTLJSZ,O
IOTLJZS,X
IOTLSJZ,O
IOTLSZJ,X
IOTLZJS,X
IOTLZSJ,X
IOTJLSZ,O
IOTJLZS,X
IOTJSLZ,X
IOTJSZL,O
IOTJZLS,X
IOTJZSL,O
IOTSLJZ,X
IOTSLZJ,X
IOTSJLZ,X
IOTSJZL,O
IOTSZLJ,X
IOTSZJL,X
IOTZLJS,X
IOTZLSJ,X
IOTZJLS,X
IOTZJSL,O
IOTZSLJ,X
IOTZSJL,O
IOLTJSZ,O
IOLTJZS,X
IOLTSJZ,O
IOLTSZJ,X
IOLTZJS,X
IOLTZSJ,X
IOLJTSZ,O
IOLJTZS,X
IOLJSTZ,O
IOLJSZT,O
IOLJZTS,O
IOLJZST,O
IOLSTJZ,O
IOLSTZJ,X
IOLSJTZ,O
IOLSJZT,O
IOLSZTJ,O
IOLSZJT,O
IOLZTJS,O
IOLZTSJ,O
IOLZJTS,O
IOLZJST,O
IOLZSTJ,O
IOLZSJT,O
IOJTLSZ,O
IOJTLZS,X
IOJTSLZ,X
IOJTSZL,O
IOJTZLS,X
IOJTZSL,O
IOJLTSZ,O
IOJLTZS,X
IOJLSTZ,O
IOJLSZT,O
IOJLZTS,O
IOJLZST,O
IOJSTLZ,X
IOJSTZL,O
IOJSLTZ,X
IOJSLZT,X
IOJSZTL,O
IOJSZLT,X
IOJZTLS,X
IOJZTSL,O
IOJZLTS,X
IOJZLST,X
IOJZSTL,O
IOJZSLT,X
IOSTLJZ,X
IOSTLZJ,X
IOSTJLZ,X
IOSTJZL,O
IOSTZLJ,X
IOSTZJL,X
IOSLTJZ,X
IOSLTZJ,X
IOSLJTZ,X
IOSLJZT,X
IOSLZTJ,X
IOSLZJT,X
IOSJTLZ,X
IOSJTZL,O
IOSJLTZ,X
IOSJLZT,X
IOSJZTL,O
IOSJZLT,X
IOSZTLJ,X
IOSZTJL,O
IOSZLTJ,X
IOSZLJT,X
IOSZJTL,O
IOSZJLT,X
IOZTLJS,X
IOZTLSJ,X
IOZTJLS,X
IOZTJSL,O
IOZTSLJ,X
IOZTSJL,O
IOZLTJS,X
IOZLTSJ,X
IOZLJTS,X
IOZLJST,X
IOZLSTJ,X
IOZLSJT,X
IOZJTLS,X
IOZJTSL,O
IOZJLTS,X
IOZJLST,X
IOZJSTL,O
IOZJSLT,X
IOZSTLJ,X
IOZSTJL,O
IOZSLTJ,X
IOZSLJT,X
IOZSJTL,O
IOZSJLT,X
LTIJSZO,X
LTIJSOZ,O
LTIJZSO,X
LTIJZOS,X
LTIJOSZ,O
LTIJOZS,X
LTISJZO,X
LTISJOZ,O
LTISZJO,X
LTISZOJ,X
LTISOJZ,O
LTISOZJ,X
LTIZJSO,X
LTIZJOS,X
LTIZSJO,X
LTIZSOJ,X
LTIZOJS,X
LTIZOSJ,X
LTIOJSZ,O
LTIOJZS,X
LTIOSJZ,O
LTIOSZJ,X
LTIOZJS,X
LTIOZSJ,X
LTJISZO,X
LTJISOZ,O
LTJIZSO,X
LTJIZOS,X
LTJIOSZ,O
LTJIOZS,X
LTJSIZO,X
LTJSIOZ,O
LTJSZIO,X
LTJSZOI,X
LTJSOIZ,O
LTJSOZI,X
LTJZISO,X
LTJZIOS,X
LTJZSIO,X
LTJZSOI,X
LTJZOIS,X
LTJZOSI,X
LTJOISZ,O
LTJOIZS,X
LTJOSIZ,O
LTJOSZI,X
LTJOZIS,X
LTJOZSI,X
LTSIJZO,X
LTSIJOZ,O
LTSIZJO,X
LTSIZOJ,X
LTSIOJZ,O
LTSIOZJ,X
LTSJIZO,X
LTSJIOZ,O
LTSJZIO,X
LTSJZOI,X
LTSJOIZ,O
LTSJOZI,X
LTSZIJO,X
LTSZIOJ,X
LTSZJIO,X
LTSZJOI,X
LTSZOIJ,X
LTSZOJI,X
LTSOIJZ,O
LTSOIZJ,X
LTSOJIZ,O
LTSOJZI,X
LTSOZIJ,X
LTSOZJI,X
LTZIJSO,X
LTZIJOS,X
LTZISJO,X
LTZISOJ,X
LTZIOJS,X
LTZIOSJ,X
LTZJISO,X
LTZJIOS,X
LTZJSIO,X
LTZJSOI,X
LTZJOIS,X
LTZJOSI,X
LTZSIJO,X
LTZSIOJ,X
LTZSJIO,X
LTZSJOI,X
LTZSOIJ,X
LTZSOJI,X
LTZOIJS,X
LTZOISJ,X
LTZOJIS,X
LTZOJSI,X
LTZOSIJ,X
LTZOSJI,X
LTOIJSZ,O
LTOIJZS,X
LTOISJZ,O
LTOISZJ,X
LTOIZJS,X
LTOIZSJ,X
LTOJISZ,O
LTOJIZS,X
LTOJSIZ,O
LTOJSZI,X
LTOJZIS,X
LTOJZSI,X
LTOSIJZ,O
LTOSIZJ,X
LTOSJIZ,O
LTOSJZI,X
LTOSZIJ,X
LTOSZJI,X
LTOZIJS,X
LTOZISJ,X
LTOZJIS,X
LTOZJSI,X
LTOZSIJ,X
LTOZSJI,X
LITJSZO,X
LITJSOZ,O
LITJZSO,X
LITJZOS,X
LITJOSZ,O
LITJOZS,X
LITSJZO,X
LITSJOZ,O
LITSZJO,X
LITSZOJ,X
LITSOJZ,O
LITSOZJ,X
LITZJSO,X
LITZJOS,X
LITZSJO,X
LITZSOJ,X
LITZOJS,X
LITZOSJ,X
LITOJSZ,O
LITOJZS,X
LITOSJZ,O
LITOSZJ,X
LITOZJS,X
LITOZSJ,X
LIJTSZO,X
LIJTSOZ,O
LIJTZSO,X
LIJTZOS,X
LIJTOSZ,O
LIJTOZS,X
LIJSTZO,X
LIJSTOZ,O
LIJSZTO,O
LIJSZOT,O
LIJSOTZ,O
LIJSOZT,O
LIJZTSO,O
LIJZTOS,O
LIJZSTO,O
LIJZSOT,O
LIJZOTS,O
LIJZOST,O
LIJOTSZ,O
LIJOTZS,X
LIJOSTZ,O
LIJOSZT,O
LIJOZTS,O
LIJOZST,O
LISTJZO,X
LISTJOZ,O
LISTZJO,X
LISTZOJ,X
LISTOJZ,O
LISTOZJ,X
LISJTZO,X
LISJTOZ,O
LISJZTO,O
LISJZOT,O
LISJOTZ,O
LISJOZT,O
LISZTJO,O
LISZTOJ,O
LISZJTO,O
LISZJOT,O
LISZOTJ,O
LISZOJT,O
LISOTJZ,O
LISOTZJ,X
LISOJTZ,O
LISOJZT,O
LISOZTJ,O
LISOZJT,O
LIZTJSO,O
LIZTJOS,O
LIZTSJO,O
LIZTSOJ,O
LIZTOJS,O
LIZTOSJ,O
LIZJTSO,O
LIZJTOS,O
LIZJSTO,O
LIZJSOT,O
LIZJOTS,O
LIZJOST,O
LIZSTJO,O
LIZSTOJ,O
LIZSJTO,O
LIZSJOT,O
LIZSOTJ,O
LIZSOJT,O
LIZOTJS,O
LIZOTSJ,O
LIZOJTS,O
LIZOJST,O
LIZOSTJ,O
LIZOSJT,O
LIOTJSZ,O
LIOTJZS,X
LIOTSJZ,O
LIOTSZJ,X
LIOTZJS,X
LIOTZSJ,X
LIOJTSZ,O
LIOJTZS,X
LIOJSTZ,O
LIOJSZT,O
LIOJZTS,O
LIOJZST,O
LIOSTJZ,O
LIOSTZJ,X
LIOSJTZ,O
LIOSJZT,O
LIOSZTJ,O
LIOSZJT,O
LIOZTJS,O
LIOZTSJ,O
LIOZJTS,O
LIOZJST,O
LIOZSTJ,O
LIOZSJT,O
LJTISZO,X
LJTISOZ,O
LJTIZSO,X
LJTIZOS,X
LJTIOSZ,O
LJTIOZS,X
LJTSIZO,X
LJTSIOZ,O
LJTSZIO,X
LJTSZOI,X
LJTSOIZ,O
LJTSOZI,X
LJTZISO,X
LJTZIOS,X
LJTZSIO,X
LJTZSOI,X
LJTZOIS,X
LJTZOSI,X
LJTOISZ,O
LJTOIZS,X
LJTOSIZ,O
LJTOSZI,X
LJTOZIS,X
LJTOZSI,X
LJITSZO,X
LJITSOZ,O
LJITZSO,X
LJITZOS,X
LJITOSZ,O
LJITOZS,X
LJISTZO,X
LJISTOZ,O
LJISZTO,O
LJISZOT,O
LJISOTZ,O
LJISOZT,O
LJIZTSO,O
LJIZTOS,O
LJIZSTO,O
LJIZSOT,O
LJIZOTS,O
LJIZOST,O
LJIOTSZ,O
LJIOTZS,X
LJIOSTZ,O
LJIOSZT,O
LJIOZTS,O
LJIOZST,O
LJSTIZO,X
LJSTIOZ,O
LJSTZIO,X
LJSTZOI,X
LJSTOIZ,O
LJSTOZI,X
LJSITZO,X
LJSITOZ,O
LJSIZTO,O
LJSIZOT,O
LJSIOTZ,O
LJSIOZT,O
LJSZTIO,O
LJSZTOI,O
LJSZITO,O
LJSZIOT,O
LJSZOTI,O
LJSZOIT,O
LJSOTIZ,O
LJSOTZI,X
LJSOITZ,O
LJSOIZT,O
LJSOZTI,O
LJSOZIT,O
LJZTISO,O
LJZTIOS,O
LJZTSIO,O
LJZTSOI,O
LJZTOIS,O
LJZTOSI,O
LJZITSO,O
LJZITOS,O
LJZISTO,O
LJZISOT,O
LJZIOTS,O
LJZIOST,O
LJZSTIO,O
LJZSTOI,O
LJZSITO,O
LJZSIOT,O
LJZSOTI,O
LJZSOIT,O
LJZOTIS,O
LJZOTSI,O
LJZOITS,O
LJZOIST,O
LJZOSTI,O
LJZOSIT,O
LJOTISZ,O
LJOTIZS,X
LJOTSIZ,O
LJOTSZI,X
LJOTZIS,X
LJOTZSI,X
LJOITSZ,O
LJOITZS,X
LJOISTZ,O
LJOISZT,O
LJOIZTS,O
LJOIZST,O
LJOSTIZ,O
LJOSTZI,X
LJOSITZ,O
LJOSIZT,O
LJOSZTI,O
LJOSZIT,O
LJOZTIS,O
LJOZTSI,O
LJOZITS,O
LJOZIST,O
LJOZSTI,O
LJOZSIT,O
LSTIJZO,X
LSTIJOZ,O
LSTIZJO,X
LSTIZOJ,X
LSTIOJZ,O
LSTIOZJ,X
LSTJIZO,X
LSTJIOZ,O
LSTJZIO,X
LSTJZOI,X
LSTJOIZ,O
LSTJOZI,X
LSTZIJO,X
LSTZIOJ,X
LSTZJIO,X
LSTZJOI,X
LSTZOIJ,X
LSTZOJI,X
LSTOIJZ,O
LSTOIZJ,X
LSTOJIZ,O
LSTOJZI,X
LSTOZIJ,X
LSTOZJI,X
LSITJZO,X
LSITJOZ,O
LSITZJO,X
LSITZOJ,X
LSITOJZ,O
LSITOZJ,X
LSIJTZO,X
LSIJTOZ,O
LSIJZTO,O
LSIJZOT,O
LSIJOTZ,O
LSIJOZT,O
LSIZTJO,O
LSIZTOJ,O
LSIZJTO,O
LSIZJOT,O
LSIZOTJ,O
LSIZOJT,O
LSIOTJZ,O
LSIOTZJ,X
LSIOJTZ,O
LSIOJZT,O
LSIOZTJ,O
LSIOZJT,O
LSJTIZO,X
LSJTIOZ,O
LSJTZIO,X
LSJTZOI,X
LSJTOIZ,O
LSJTOZI,X
LSJITZO,X
LSJITOZ,O
LSJIZTO,O
LSJIZOT,O
LSJIOTZ,O
LSJIOZT,O
LSJZTIO,O
LSJZTOI,O
LSJZITO,O
LSJZIOT,O
LSJZOTI,O
LSJZOIT,O
LSJOTIZ,O
LSJOTZI,X
LSJOITZ,O
LSJOIZT,O
LSJOZTI,O
LSJOZIT,O
LSZTIJO,O
LSZTIOJ,O
LSZTJIO,O
LSZTJOI,O
LSZTOIJ,O
LSZTOJI,O
LSZITJO,O
LSZITOJ,O
LSZIJTO,O
LSZIJOT,O
LSZIOTJ,O
LSZIOJT,O
LSZJTIO,O
LSZJTOI,O
LSZJITO,O
LSZJIOT,O
LSZJOTI,O
LSZJOIT,O
LSZOTIJ,O
LSZOTJI,O
LSZOITJ,O
LSZOIJT,O
LSZOJTI,O
LSZOJIT,O
LSOTIJZ,O
LSOTIZJ,X
LSOTJIZ,O
LSOTJZI,X
LSOTZIJ,X
LSOTZJI,X
LSOITJZ,O
LSOITZJ,X
LSOIJTZ,O
LSOIJZT,O
LSOIZTJ,O
LSOIZJT,O
LSOJTIZ,O
LSOJTZI,X
LSOJITZ,O
LSOJIZT,O
LSOJZTI,O
LSOJZIT,O
LSOZTIJ,O
LSOZTJI,O
LSOZITJ,O
LSOZIJT,O
LSOZJTI,O
LSOZJIT,O
LZTIJSO,O
LZTIJOS,O
LZTISJO,O
LZTISOJ,O
LZTIOJS,O
LZTIOSJ,O
LZTJISO,O
LZTJIOS,O
LZTJSIO,O
LZTJSOI,O
LZTJOIS,O
LZTJOSI,O
LZTSIJO,O
LZTSIOJ,O
LZTSJIO,O
LZTSJOI,O
LZTSOIJ,O
LZTSOJI,O
LZTOIJS,O
LZTOISJ,O
LZTOJIS,O
LZTOJSI,O
LZTOSIJ,O
LZTOSJI,O
LZITJSO,O
LZITJOS,O
LZITSJO,O
LZITSOJ,O
LZITOJS,O
LZITOSJ,O
LZIJTSO,O
LZIJTOS,O
LZIJSTO,O
LZIJSOT,O
LZIJOTS,O
LZIJOST,O
LZISTJO,O
LZISTOJ,O
LZISJTO,O
LZISJOT,O
LZISOTJ,O
LZISOJT,O
LZIOTJS,O
LZIOTSJ,O
LZIOJTS,O
LZIOJST,O
LZIOSTJ,O
LZIOSJT,O
LZJTISO,O
LZJTIOS,O
LZJTSIO,O
LZJTSOI,O
LZJTOIS,O
LZJTOSI,O
LZJITSO,O
LZJITOS,O
LZJISTO,O
LZJISOT,O
LZJIOTS,O
LZJIOST,O
LZJSTIO,O
LZJSTOI,O
LZJSITO,O
LZJSIOT,O
LZJSOTI,O
LZJSOIT,O
LZJOTIS,O
LZJOTSI,O
LZJOITS,O
LZJOIST,O
LZJOSTI,O
LZJOSIT,O
LZSTIJO,O
LZSTIOJ,O
LZSTJIO,O
LZSTJOI,O
LZSTOIJ,O
LZSTOJI,O
LZSITJO,O
LZSITOJ,O
LZSIJTO,O
LZSIJOT,O
LZSIOTJ,O
LZSIOJT,O
LZSJTIO,O
LZSJTOI,O
LZSJITO,O
LZSJIOT,O
LZSJOTI,O
LZSJOIT,O
LZSOTIJ,O
LZSOTJI,O
LZSOITJ,O
LZSOIJT,O
LZSOJTI,O
LZSOJIT,O
LZOTIJS,O
LZOTISJ,O
LZOTJIS,O
LZOTJSI,O
LZOTSIJ,O
LZOTSJI,O
LZOITJS,O
LZOITSJ,O
LZOIJTS,O
LZOIJST,O
LZOISTJ,O
LZOISJT,O
LZOJTIS,O
LZOJTSI,O
LZOJITS,O
LZOJIST,O
LZOJSTI,O
LZOJSIT,O
LZOSTIJ,O
LZOSTJI,O
LZOSITJ,O
LZOSIJT,O
LZOSJTI,O
LZOSJIT,O
LOTIJSZ,O
LOTIJZS,X
LOTISJZ,O
LOTISZJ,X
LOTIZJS,X
LOTIZSJ,X
LOTJISZ,O
LOTJIZS,X
LOTJSIZ,O
LOTJSZI,X
LOTJZIS,X
LOTJZSI,X
LOTSIJZ,O
LOTSIZJ,X
LOTSJIZ,O
LOTSJZI,X
LOTSZIJ,X
LOTSZJI,X
LOTZIJS,X
LOTZISJ,X
LOTZJIS,X
LOTZJSI,X
LOTZSIJ,X
LOTZSJI,X
LOITJSZ,O
LOITJZS,X
LOITSJZ,O
LOITSZJ,X
LOITZJS,X
LOITZSJ,X
LOIJTSZ,O
LOIJTZS,X
LOIJSTZ,O
LOIJSZT,O
LOIJZTS,O
LOIJZST,O
LOISTJZ,O
LOISTZJ,X
LOISJTZ,O
LOISJZT,O
LOISZTJ,O
LOISZJT,O
LOIZTJS,O
LOIZTSJ,O
LOIZJTS,O
LOIZJST,O
LOIZSTJ,O
LOIZSJT,O
LOJTISZ,O
LOJTIZS,X
LOJTSIZ,O
LOJTSZI,X
LOJTZIS,X
LOJTZSI,X
LOJITSZ,O
LOJITZS,X
LOJISTZ,O
LOJISZT,O
LOJIZTS,O
LOJIZST,O
LOJSTIZ,O
LOJSTZI,X
LOJSITZ,O
LOJSIZT,O
LOJSZTI,O
LOJSZIT,O
LOJZTIS,O
LOJZTSI,O
LOJZITS,O
LOJZIST,O
LOJZSTI,O
LOJZSIT,O
LOSTIJZ,O
LOSTIZJ,X
LOSTJIZ,O
LOSTJZI,X
LOSTZIJ,X
LOSTZJI,X
LOSITJZ,O
LOSITZJ,X
LOSIJTZ,O
LOSIJZT,O
LOSIZTJ,O
LOSIZJT,O
LOSJTIZ,O
LOSJTZI,X
LOSJITZ,O
LOSJIZT,O
LOSJZTI,O
LOSJZIT,O
LOSZTIJ,O
LOSZTJI,O
LOSZITJ,O
LOSZIJT,O
LOSZJTI,O
LOSZJIT,O
LOZTIJS,O
LOZTISJ,O
LOZTJIS,O
LOZTJSI,O
LOZTSIJ,O
LOZTSJI,O
LOZITJS,O
LOZITSJ,O
LOZIJTS,O
LOZIJST,O
LOZISTJ,O
LOZISJT,O
LOZJTIS,O
LOZJTSI,O
LOZJITS,O
LOZJIST,O
LOZJSTI,O
LOZJSIT,O
LOZSTIJ,O
LOZSTJI,O
LOZSITJ,O
LOZSIJT,O
LOZSJTI,O
LOZSJIT,O
JTILSZO,X
JTILSOZ,O
JTILZSO,X
JTILZOS,X
JTILOSZ,O
JTILOZS,X
JTISLZO,X
JTISLOZ,X
JTISZLO,X
JTISZOL,X
JTISOLZ,X
JTISOZL,O
JTIZLSO,X
JTIZLOS,X
JTIZSLO,X
JTIZSOL,O
JTIZOLS,X
JTIZOSL,O
JTIOLSZ,O
JTIOLZS,X
JTIOSLZ,X
JTIOSZL,O
JTIOZLS,X
JTIOZSL,O
JTLISZO,X
JTLISOZ,O
JTLIZSO,X
JTLIZOS,X
JTLIOSZ,O
JTLIOZS,X
JTLSIZO,X
JTLSIOZ,O
JTLSZIO,X
JTLSZOI,X
JTLSOIZ,O
JTLSOZI,X
JTLZISO,X
JTLZIOS,X
JTLZSIO,X
JTLZSOI,X
JTLZOIS,X
JTLZOSI,X
JTLOISZ,O
JTLOIZS,X
JTLOSIZ,O
JTLOSZI,X
JTLOZIS,X
JTLOZSI,X
JTSILZO,X
JTSILOZ,X
JTSIZLO,X
JTSIZOL,X
JTSIOLZ,X
JTSIOZL,O
JTSLIZO,X
JTSLIOZ,X
JTSLZIO,X
JTSLZOI,X
JTSLOIZ,X
JTSLOZI,X
JTSZILO,X
JTSZIOL,X
JTSZLIO,X
JTSZLOI,X
JTSZOIL,X
JTSZOLI,X
JTSOILZ,X
JTSOIZL,O
JTSOLIZ,X
JTSOLZI,X
JTSOZIL,X
JTSOZLI,X
JTZILSO,X
JTZILOS,X
JTZISLO,X
JTZISOL,O
JTZIOLS,X
JTZIOSL,O
JTZLISO,X
JTZLIOS,X
JTZLSIO,X
JTZLSOI,X
JTZLOIS,X
JTZLOSI,X
JTZSILO,X
JTZSIOL,O
JTZSLIO,X
JTZSLOI,X
JTZSOIL,O
JTZSOLI,X
JTZOILS,X
JTZOISL,O
JTZOLIS,X
JTZOLSI,X
JTZOSIL,O
JTZOSLI,X
JTOILSZ,O
JTOILZS,X
JTOISLZ,X
JTOISZL,O
JTOIZLS,X
JTOIZSL,O
JTOLISZ,O
JTOLIZS,X
JTOLSIZ,O
JTOLSZI,X
JTOLZIS,X
JTOLZSI,X
JTOSILZ,X
JTOSIZL,O
JTOSLIZ,X
JTOSLZI,X
JTOSZIL,X
JTOSZLI,X
JTOZILS,X
JTOZISL,O
JTOZLIS,X
JTOZLSI,X
JTOZSIL,O
JTOZSLI,X
JITLSZO,X
JITLSOZ,O
JITLZSO,X
JITLZOS,X
JITLOSZ,O
JITLOZS,X
JITSLZO,X
JITSLOZ,X
JITSZLO,X
JITSZOL,X
JITSOLZ,X
JITSOZL,O
JITZLSO,X
JITZLOS,X
JITZSLO,X
JITZSOL,O
JITZOLS,X
JITZOSL,O
JITOLSZ,O
JITOLZS,X
JITOSLZ,X
JITOSZL,O
JITOZLS,X
JITOZSL,O
JILTSZO,X
JILTSOZ,O
JILTZSO,X
JILTZOS,X
JILTOSZ,O
JILTOZS,X
JILSTZO,X
JILSTOZ,O
JILSZTO,O
JILSZOT,O
JILSOTZ,O
JILSOZT,O
JILZTSO,O
JILZTOS,O
JILZSTO,O
JILZSOT,O
JILZOTS,O
JILZOST,O
JILOTSZ,O
JILOTZS,X
JILOSTZ,O
JILOSZT,O
JILOZTS,O
JILOZST,O
JISTLZO,X
JISTLOZ,X
JISTZLO,X
JISTZOL,X
JISTOLZ,X
JISTOZL,O
JISLTZO,X
JISLTOZ,X
JISLZTO,X
JISLZOT,X
JISLOTZ,X
JISLOZT,X
JISZTLO,X
JISZTOL,O
JISZLTO,X
JISZLOT,X
JISZOTL,O
JISZOLT,X
JISOTLZ,X
JISOTZL,O
JISOLTZ,X
JISOLZT,X
JISOZTL,O
JISOZLT,X
JIZTLSO,X
JIZTLOS,X
JIZTSLO,X
JIZTSOL,O
JIZTOLS,X
JIZTOSL,O
JIZLTSO,X
JIZLTOS,X
JIZLSTO,X
JIZLSOT,X
JIZLOTS,X
JIZLOST,X
JIZSTLO,X
JIZSTOL,O
JIZSLTO,X
JIZSLOT,X
JIZSOTL,O
JIZSOLT,X
JIZOTLS,X
JIZOTSL,O
JIZOLTS,X
JIZOLST,X
JIZOSTL,O
JIZOSLT,X
JIOTLSZ,O
JIOTLZS,X
JIOTSLZ,X
JIOTSZL,O
JIOTZLS,X
JIOTZSL,O
JIOLTSZ,O
JIOLTZS,X
JIOLSTZ,O
JIOLSZT,O
JIOLZTS,O
JIOLZST,O
JIOSTLZ,X
JIOSTZL,O
JIOSLTZ,X
JIOSLZT,X
JIOSZTL,O
JIOSZLT,X
JIOZTLS,X
JIOZTSL,O
JIOZLTS,X
JIOZLST,X
JIOZSTL,O
JIOZSLT,X
JLTISZO,X
JLTISOZ,O
JLTIZSO,X
JLTIZOS,X
JLTIOSZ,O
JLTIOZS,X
JLTSIZO,X
JLTSIOZ,O
JLTSZIO,X
JLTSZOI,X
JLTSOIZ,O
JLTSOZI,X
JLTZISO,X
JLTZIOS,X
JLTZSIO,X
JLTZSOI,X
JLTZOIS,X
JLTZOSI,X
JLTOISZ,O
JLTOIZS,X
JLTOSIZ,O
JLTOSZI,X
JLTOZIS,X
JLTOZSI,X
JLITSZO,X
JLITSOZ,O
JLITZSO,X
JLITZOS,X
JLITOSZ,O
JLITOZS,X
JLISTZO,X
JLISTOZ,O
JLISZTO,O
JLISZOT,O
JLISOTZ,O
JLISOZT,O
JLIZTSO,O
JLIZTOS,O
JLIZSTO,O
JLIZSOT,O
JLIZOTS,O
JLIZOST,O
JLIOTSZ,O
JLIOTZS,X
JLIOSTZ,O
JLIOSZT,O
JLIOZTS,O
JLIOZST,O
JLSTIZO,X
JLSTIOZ,O
JLSTZIO,X
JLSTZOI,X
JLSTOIZ,O
JLSTOZI,X
JLSITZO,X
JLSITOZ,O
JLSIZTO,O
JLSIZOT,O
JLSIOTZ,O
JLSIOZT,O
JLSZTIO,O
JLSZTOI,O
JLSZITO,O
JLSZIOT,O
JLSZOTI,O
JLSZOIT,O
JLSOTIZ,O
JLSOTZI,X
JLSOITZ,O
JLSOIZT,O
JLSOZTI,O
JLSOZIT,O
JLZTISO,O
JLZTIOS,O
JLZTSIO,O
JLZTSOI,O
JLZTOIS,O
JLZTOSI,O
JLZITSO,O
JLZITOS,O
JLZISTO,O
JLZISOT,O
JLZIOTS,O
JLZIOST,O
JLZSTIO,O
JLZSTOI,O
JLZSITO,O
JLZSIOT,O
JLZSOTI,O
JLZSOIT,O
JLZOTIS,O
JLZOTSI,O
JLZOITS,O
JLZOIST,O
JLZOSTI,O
JLZOSIT,O
JLOTISZ,O
JLOTIZS,X
JLOTSIZ,O
JLOTSZI,X
JLOTZIS,X
JLOTZSI,X
JLOITSZ,O
JLOITZS,X
JLOISTZ,O
JLOISZT,O
JLOIZTS,O
JLOIZST,O
JLOSTIZ,O
JLOSTZI,X
JLOSITZ,O
JLOSIZT,O
JLOSZTI,O
JLOSZIT,O
JLOZTIS,O
JLOZTSI,O
JLOZITS,O
JLOZIST,O
JLOZSTI,O
JLOZSIT,O
JSTILZO,X
JSTILOZ,X
JSTIZLO,X
JSTIZOL,X
JSTIOLZ,X
JSTIOZL,O
JSTLIZO,X
JSTLIOZ,X
JSTLZIO,X
JSTLZOI,X
JSTLOIZ,X
JSTLOZI,X
JSTZILO,X
JSTZIOL,X
JSTZLIO,X
JSTZLOI,X
JSTZOIL,X
JSTZOLI,X
JSTOILZ,X
JSTOIZL,O
JSTOLIZ,X
JSTOLZI,X
JSTOZIL,X
JSTOZLI,X
JSITLZO,X
JSITLOZ,X
JSITZLO,X
JSITZOL,X
JSITOLZ,X
JSITOZL,O
JSILTZO,X
JSILTOZ,X
JSILZTO,X
JSILZOT,X
JSILOTZ,X
JSILOZT,X
JSIZTLO,X
JSIZTOL,O
JSIZLTO,X
JSIZLOT,X
JSIZOTL,O
JSIZOLT,X
JSIOTLZ,X
JSIOTZL,O
JSIOLTZ,X
JSIOLZT,X
JSIOZTL,O
JSIOZLT,X
JSLTIZO,X
JSLTIOZ,X
JSLTZIO,X
JSLTZOI,X
JSLTOIZ,X
JSLTOZI,X
JSLITZO,X
JSLITOZ,X
JSLIZTO,X
JSLIZOT,X
JSLIOTZ,X
JSLIOZT,X
JSLZTIO,X
JSLZTOI,X
JSLZITO,X
JSLZIOT,X
JSLZOTI,X
JSLZOIT,X
JSLOTIZ,X
JSLOTZI,X
JSLOITZ,X
JSLOIZT,X
JSLOZTI,X
JSLOZIT,X
JSZTILO,X
JSZTIOL,O
JSZTLIO,X
JSZTLOI,X
JSZTOIL,O
JSZTOLI,X
JSZITLO,X
JSZITOL,O
JSZILTO,X
JSZILOT,X
JSZIOTL,O
JSZIOLT,X
JSZLTIO,X
JSZLTOI,X
JSZLITO,X
JSZLIOT,X
JSZLOTI,X
JSZLOIT,X
JSZOTIL,O
JSZOTLI,X
JSZOITL,O
JSZOILT,X
JSZOLTI,X
JSZOLIT,X
JSOTILZ,X
JSOTIZL,O
JSOTLIZ,X
JSOTLZI,X
JSOTZIL,X
JSOTZLI,X
JSOITLZ,X
JSOITZL,O
JSOILTZ,X
JSOILZT,X
JSOIZTL,O
JSOIZLT,X
JSOLTIZ,X
JSOLTZI,X
JSOLITZ,X
JSOLIZT,X
JSOLZTI,X
JSOLZIT,X
JSOZTIL,O
JSOZTLI,X
JSOZITL,O
JSOZILT,X
JSOZLTI,X
JSOZLIT,X
JZTILSO,X
JZTILOS,X
JZTISLO,X
JZTISOL,O
JZTIOLS,X
JZTIOSL,O
JZTLISO,X
JZTLIOS,X
JZTLSIO,X
JZTLSOI,X
JZTLOIS,X
JZTLOSI,X
JZTSILO,X
JZTSIOL,O
JZTSLIO,X
JZTSLOI,X
JZTSOIL,O
JZTSOLI,X
JZTOILS,X
JZTOISL,O
JZTOLIS,X
JZTOLSI,X
JZTOSIL,O
JZTOSLI,X
JZITLSO,X
JZITLOS,X
JZITSLO,X
JZITSOL,O
JZITOLS,X
JZITOSL,O
JZILTSO,X
JZILTOS,X
JZILSTO,X
JZILSOT,X
JZILOTS,X
JZILOST,X
JZISTLO,X
JZISTOL,O
JZISLTO,X
JZISLOT,X
JZISOTL,O
JZISOLT,X
JZIOTLS,X
JZIOTSL,O
JZIOLTS,X
JZIOLST,X
JZIOSTL,O
JZIOSLT,X
JZLTISO,X
JZLTIOS,X
JZLTSIO,X
JZLTSOI,X
JZLTOIS,X
JZLTOSI,X
JZLITSO,X
JZLITOS,X
JZLISTO,X
JZLISOT,X
JZLIOTS,X
JZLIOST,X
JZLSTIO,X
JZLSTOI,X
JZLSITO,X
JZLSIOT,X
JZLSOTI,X
JZLSOIT,X
JZLOTIS,X
JZLOTSI,X
JZLOITS,X
JZLOIST,X
JZLOSTI,X
JZLOSIT,X
JZSTILO,X
JZSTIOL,O
JZSTLIO,X
JZSTLOI,X
JZSTOIL,O
JZSTOLI,X
JZSITLO,X
JZSITOL,O
JZSILTO,X
JZSILOT,X
JZSIOTL,O
JZSIOLT,X
JZSLTIO,X
JZSLTOI,X
JZSLITO,X
JZSLIOT,X
JZSLOTI,X
JZSLOIT,X
JZSOTIL,O
JZSOTLI,X
JZSOITL,O
JZSOILT,X
JZSOLTI,X
JZSOLIT,X
JZOTILS,X
JZOTISL,O
JZOTLIS,X
JZOTLSI,X
JZOTSIL,O
JZOTSLI,X
JZOITLS,X
JZOITSL,O
JZOILTS,X
JZOILST,X
JZOISTL,O
JZOISLT,X
JZOLTIS,X
JZOLTSI,X
JZOLITS,X
JZOLIST,X
JZOLSTI,X
JZOLSIT,X
JZOSTIL,O
JZOSTLI,X
JZOSITL,O
JZOSILT,X
JZOSLTI,X
JZOSLIT,X
JOTILSZ,O
JOTILZS,X
JOTISLZ,X
JOTISZL,O
JOTIZLS,X
JOTIZSL,O
JOTLISZ,O
JOTLIZS,X
JOTLSIZ,O
JOTLSZI,X
JOTLZIS,X
JOTLZSI,X
JOTSILZ,X
JOTSIZL,O
JOTSLIZ,X
JOTSLZI,X
JOTSZIL,X
JOTSZLI,X
JOTZILS,X
JOTZISL,O
JOTZLIS,X
JOTZLSI,X
JOTZSIL,O
JOTZSLI,X
JOITLSZ,O
JOITLZS,X
JOITSLZ,X
JOITSZL,O
JOITZLS,X
JOITZSL,O
JOILTSZ,O
JOILTZS,X
JOILSTZ,O
JOILSZT,O
JOILZTS,O
JOILZST,O
JOISTLZ,X
JOISTZL,O
JOISLTZ,X
JOISLZT,X
JOISZTL,O
JOISZLT,X
JOIZTLS,X
JOIZTSL,O
JOIZLTS,X
JOIZLST,X
JOIZSTL,O
JOIZSLT,X
JOLTISZ,O
JOLTIZS,X
JOLTSIZ,O
JOLTSZI,X
JOLTZIS,X
JOLTZSI,X
JOLITSZ,O
JOLITZS,X
JOLISTZ,O
JOLISZT,O
JOLIZTS,O
JOLIZST,O
JOLSTIZ,O
JOLSTZI,X
JOLSITZ,O
JOLSIZT,O
JOLSZTI,O
JOLSZIT,O
JOLZTIS,O
JOLZTSI,O
JOLZITS,O
JOLZIST,O
JOLZSTI,O
JOLZSIT,O
JOSTILZ,X
JOSTIZL,O
JOSTLIZ,X
JOSTLZI,X
JOSTZIL,X
JOSTZLI,X
JOSITLZ,X
JOSITZL,O
JOSILTZ,X
JOSILZT,X
JOSIZTL,O
JOSIZLT,X
JOSLTIZ,X
JOSLTZI,X
JOSLITZ,X
JOSLIZT,X
JOSLZTI,X
JOSLZIT,X
JOSZTIL,O
JOSZTLI,X
JOSZITL,O
JOSZILT,X
JOSZLTI,X
JOSZLIT,X
JOZTILS,X
JOZTISL,O
JOZTLIS,X
JOZTLSI,X
JOZTSIL,O
JOZTSLI,X
JOZITLS,X
JOZITSL,O
JOZILTS,X
JOZILST,X
JOZISTL,O
JOZISLT,X
JOZLTIS,X
JOZLTSI,X
JOZLITS,X
JOZLIST,X
JOZLSTI,X
JOZLSIT,X
JOZSTIL,O
JOZSTLI,X
JOZSITL,O
JOZSILT,X
JOZSLTI,X
JOZSLIT,X
STILJZO,X
STILJOZ,X
STILZJO,X
STILZOJ,X
STILOJZ,X
STILOZJ,X
STIJLZO,X
STIJLOZ,X
STIJZLO,X
STIJZOL,X
STIJOLZ,X
STIJOZL,O
STIZLJO,X
STIZLOJ,X
STIZJLO,X
STIZJOL,X
STIZOLJ,X
STIZOJL,X
STIOLJZ,X
STIOLZJ,X
STIOJLZ,X
STIOJZL,O
STIOZLJ,X
STIOZJL,X
STLIJZO,X
STLIJOZ,X
STLIZJO,X
STLIZOJ,X
STLIOJZ,X
STLIOZJ,X
STLJIZO,X
STLJIOZ,X
STLJZIO,X
STLJZOI,X
STLJOIZ,X
STLJOZI,X
STLZIJO,X
STLZIOJ,X
STLZJIO,X
STLZJOI,X
STLZOIJ,X
STLZOJI,X
STLOIJZ,X
STLOIZJ,X
STLOJIZ,X
STLOJZI,X
STLOZIJ,X
STLOZJI,X
STJILZO,X
STJILOZ,X
STJIZLO,X
STJIZOL,X
STJIOLZ,X
STJIOZL,O
STJLIZO,X
STJLIOZ,X
STJLZIO,X
STJLZOI,X
STJLOIZ,X
STJLOZI,X
STJZILO,X
STJZIOL,X
STJZLIO,X
STJZLOI,X
STJZOIL,X
STJZOLI,X
STJOILZ,X
STJOIZL,O
STJOLIZ,X
STJOLZI,X
STJOZIL,X
STJOZLI,X
STZILJO,X
STZILOJ,X
STZIJLO,X
STZIJOL,X
STZIOLJ,X
STZIOJL,X
STZLIJO,X
STZLIOJ,X
STZLJIO,X
STZLJOI,X
STZLOIJ,X
STZLOJI,X
STZJILO,X
STZJIOL,X
STZJLIO,X
STZJLOI,X
STZJOIL,X
STZJOLI,X
STZOILJ,X
STZOIJL,X
STZOLIJ,X
STZOLJI,X
STZOJIL,X
STZOJLI,X
STOILJZ,X
STOILZJ,X
STOIJLZ,X
STOIJZL,O
STOIZLJ,X
STOIZJL,X
STOLIJZ,X
STOLIZJ,X
STOLJIZ,X
STOLJZI,X
STOLZIJ,X
STOLZJI,X
STOJILZ,X
STOJIZL,O
STOJLIZ,X
STOJLZI,X
STOJZIL,X
STOJZLI,X
STOZILJ,X
STOZIJL,X
STOZLIJ,X
STOZLJI,X
STOZJIL,X
STOZJLI,X
SITLJZO,X
SITLJOZ,X
SITLZJO,X
SITLZOJ,X
SITLOJZ,X
SITLOZJ,X
SITJLZO,X
SITJLOZ,X
SITJZLO,X
SITJZOL,X
SITJOLZ,X
SITJOZL,O
SITZLJO,X
SITZLOJ,X
SITZJLO,X
SITZJOL,X
SITZOLJ,X
SITZOJL,X
SITOLJZ,X
SITOLZJ,X
SITOJLZ,X
SITOJZL,O
SITOZLJ,X
SITOZJL,X
SILTJZO,X
SILTJOZ,X
SILTZJO,X
SILTZOJ,X
SILTOJZ,X
SILTOZJ,X
SILJTZO,X
SILJTOZ,X
SILJZTO,X
SILJZOT,X
SILJOTZ,X
SILJOZT,X
SILZTJO,X
SILZTOJ,X
SILZJTO,X
SILZJOT,X
SILZOTJ,X
SILZOJT,X
SILOTJZ,X
SILOTZJ,X
SILOJTZ,X
SILOJZT,X
SILOZTJ,X
SILOZJT,X
SIJTLZO,X
SIJTLOZ,X
SIJTZLO,X
SIJTZOL,X
SIJTOLZ,X
SIJTOZL,O
SIJLTZO,X
SIJLTOZ,X
SIJLZTO,X
SIJLZOT,X
SIJLOTZ,X
SIJLOZT,X
SIJZTLO,X
SIJZTOL,O
SIJZLTO,X
SIJZLOT,X
SIJZOTL,O
SIJZOLT,X
SIJOTLZ,X
SIJOTZL,O
SIJOLTZ,X
SIJOLZT,X
SIJOZTL,O
SIJOZLT,X
SIZTLJO,X
SIZTLOJ,X
SIZTJLO,X
SIZTJOL,O
SIZTOLJ,X
SIZTOJL,O
SIZLTJO,X
SIZLTOJ,X
SIZLJTO,X
SIZLJOT,X
SIZLOTJ,X
SIZLOJT,X
SIZJTLO,X
SIZJTOL,O
SIZJLTO,X
SIZJLOT,X
SIZJOTL,O
SIZJOLT,X
SIZOTLJ,X
SIZOTJL,O
SIZOLTJ,X
SIZOLJT,X
SIZOJTL,O
SIZOJLT,X
SIOTLJZ,X
SIOTLZJ,X
SIOTJLZ,X
SIOTJZL,O
SIOTZLJ,X
SIOTZJL,X
SIOLTJZ,X
SIOLTZJ,X
SIOLJTZ,X
SIOLJZT,X
SIOLZTJ,X
SIOLZJT,X
SIOJTLZ,X
SIOJTZL,O
SIOJLTZ,X
SIOJLZT,X
SIOJZTL,O
SIOJZLT,X
SIOZTLJ,X
SIOZTJL,O
SIOZLTJ,X
SIOZLJT,X
SIOZJTL,O
SIOZJLT,X
SLTIJZO,X
SLTIJOZ,X
SLTIZJO,X
SLTIZOJ,X
SLTIOJZ,X
SLTIOZJ,X
SLTJIZO,X
SLTJIOZ,X
SLTJZIO,X
SLTJZOI,X
SLTJOIZ,X
SLTJOZI,X
SLTZIJO,X
SLTZIOJ,X
SLTZJIO,X
SLTZJOI,X
SLTZOIJ,X
SLTZOJI,X
SLTOIJZ,X
SLTOIZJ,X
SLTOJIZ,X
SLTOJZI,X
SLTOZIJ,X
SLTOZJI,X
SLITJZO,X
SLITJOZ,X
SLITZJO,X
SLITZOJ,X
SLITOJZ,X
SLITOZJ,X
SLIJTZO,X
SLIJTOZ,X
SLIJZTO,X
SLIJZOT,X
SLIJOTZ,X
SLIJOZT,X
SLIZTJO,X
SLIZTOJ,X
SLIZJTO,X
SLIZJOT,X
SLIZOTJ,X
SLIZOJT,X
SLIOTJZ,X
SLIOTZJ,X
SLIOJTZ,X
SLIOJZT,X
SLIOZTJ,X
SLIOZJT,X
SLJTIZO,X
SLJTIOZ,X
SLJTZIO,X
SLJTZOI,X
SLJTOIZ,X
SLJTOZI,X
SLJITZO,X
SLJITOZ,X
SLJIZTO,X
SLJIZOT,X
SLJIOTZ,X
SLJIOZT,X
SLJZTIO,X
SLJZTOI,X
SLJZITO,X
SLJZIOT,X
SLJZOTI,X
SLJZOIT,X
SLJOTIZ,X
SLJOTZI,X
SLJOITZ,X
SLJOIZT,X
SLJOZTI,X
SLJOZIT,X
SLZTIJO,X
SLZTIOJ,X
SLZTJIO,X
SLZTJOI,X
SLZTOIJ,X
SLZTOJI,X
SLZITJO,X
SLZITOJ,X
SLZIJTO,X
SLZIJOT,X
SLZIOTJ,X
SLZIOJT,X
SLZJTIO,X
SLZJTOI,X
SLZJITO,X
SLZJIOT,X
SLZJOTI,X
SLZJOIT,X
SLZOTIJ,X
SLZOTJI,X
SLZOITJ,X
SLZOIJT,X
SLZOJTI,X
SLZOJIT,X
SLOTIJZ,X
SLOTIZJ,X
SLOTJIZ,X
SLOTJZI,X
SLOTZIJ,X
SLOTZJI,X
SLOITJZ,X
SLOITZJ,X
SLOIJTZ,X
SLOIJZT,X
SLOIZTJ,X
SLOIZJT,X
SLOJTIZ,X
SLOJTZI,X
SLOJITZ,X
SLOJIZT,X
SLOJZTI,X
SLOJZIT,X
SLOZTIJ,X
SLOZTJI,X
SLOZITJ,X
SLOZIJT,X
SLOZJTI,X
SLOZJIT,X
SJTILZO,X
SJTILOZ,X
SJTIZLO,X
SJTIZOL,X
SJTIOLZ,X
SJTIOZL,O
SJTLIZO,X
SJTLIOZ,X
SJTLZIO,X
SJTLZOI,X
SJTLOIZ,X
SJTLOZI,X
SJTZILO,X
SJTZIOL,X
SJTZLIO,X
SJTZLOI,X
SJTZOIL,X
SJTZOLI,X
SJTOILZ,X
SJTOIZL,O
SJTOLIZ,X
SJTOLZI,X
SJTOZIL,X
SJTOZLI,X
SJITLZO,X
SJITLOZ,X
SJITZLO,X
SJITZOL,X
SJITOLZ,X
SJITOZL,O
SJILTZO,X
SJILTOZ,X
SJILZTO,X
SJILZOT,X
SJILOTZ,X
SJILOZT,X
SJIZTLO,X
SJIZTOL,O
SJIZLTO,X
SJIZLOT,X
SJIZOTL,O
SJIZOLT,X
SJIOTLZ,X
SJIOTZL,O
SJIOLTZ,X
SJIOLZT,X
SJIOZTL,O
SJIOZLT,X
SJLTIZO,X
SJLTIOZ,X
SJLTZIO,X
SJLTZOI,X
SJLTOIZ,X
SJLTOZI,X
SJLITZO,X
SJLITOZ,X
SJLIZTO,X
SJLIZOT,X
SJLIOTZ,X
SJLIOZT,X
SJLZTIO,X
SJLZTOI,X
SJLZITO,X
SJLZIOT,X
SJLZOTI,X
SJLZOIT,X
SJLOTIZ,X
SJLOTZI,X
SJLOITZ,X
SJLOIZT,X
SJLOZTI,X
SJLOZIT,X
SJZTILO,X
SJZTIOL,O
SJZTLIO,X
SJZTLOI,X
SJZTOIL,O
SJZTOLI,X
SJZITLO,X
SJZITOL,O
SJZILTO,X
SJZILOT,X
SJZIOTL,O
SJZIOLT,X
SJZLTIO,X
SJZLTOI,X
SJZLITO,X
SJZLIOT,X
SJZLOTI,X
SJZLOIT,X
SJZOTIL,O
SJZOTLI,X
SJZOITL,O
SJZOILT,X
SJZOLTI,X
SJZOLIT,X
SJOTILZ,X
SJOTIZL,O
SJOTLIZ,X
SJOTLZI,X
SJOTZIL,X
SJOTZLI,X
SJOITLZ,X
SJOITZL,O
SJOILTZ,X
SJOILZT,X
SJOIZTL,O
SJOIZLT,X
SJOLTIZ,X
SJOLTZI,X
SJOLITZ,X
SJOLIZT,X
SJOLZTI,X
SJOLZIT,X
SJOZTIL,O
SJOZTLI,X
SJOZITL,O
SJOZILT,X
SJOZLTI,X
SJOZLIT,X
SZTILJO,X
SZTILOJ,X
SZTIJLO,X
SZTIJOL,O
SZTIOLJ,X
SZTIOJL,O
SZTLIJO,X
SZTLIOJ,X
SZTLJIO,X
SZTLJOI,X
SZTLOIJ,X
SZTLOJI,X
SZTJILO,X
SZTJIOL,O
SZTJLIO,X
SZTJLOI,X
SZTJOIL,O
SZTJOLI,X
SZTOILJ,X
SZTOIJL,O
SZTOLIJ,X
SZTOLJI,X
SZTOJIL,O
SZTOJLI,X
SZITLJO,X
SZITLOJ,X
SZITJLO,X
SZITJOL,O
SZITOLJ,X
SZITOJL,O
SZILTJO,X
SZILTOJ,X
SZILJTO,X
SZILJOT,X
SZILOTJ,X
SZILOJT,X
SZIJTLO,X
SZIJTOL,O
SZIJLTO,X
SZIJLOT,X
SZIJOTL,O
SZIJOLT,X
SZIOTLJ,X
SZIOTJL,O
SZIOLTJ,X
SZIOLJT,X
SZIOJTL,O
SZIOJLT,X
SZLTIJO,X
SZLTIOJ,X
SZLTJIO,X
SZLTJOI,X
SZLTOIJ,X
SZLTOJI,X
SZLITJO,X
SZLITOJ,X
SZLIJTO,X
SZLIJOT,X
SZLIOTJ,X
SZLIOJT,X
SZLJTIO,X
SZLJTOI,X
SZLJITO,X
SZLJIOT,X
SZLJOTI,X
SZLJOIT,X
SZLOTIJ,X
SZLOTJI,X
SZLOITJ,X
SZLOIJT,X
SZLOJTI,X
SZLOJIT,X
SZJTILO,X
SZJTIOL,O
SZJTLIO,X
SZJTLOI,X
SZJTOIL,O
SZJTOLI,X
SZJITLO,X
SZJITOL,O
SZJILTO,X
SZJILOT,X
SZJIOTL,O
SZJIOLT,X
SZJLTIO,X
SZJLTOI,X
SZJLITO,X
SZJLIOT,X
SZJLOTI,X
SZJLOIT,X
SZJOTIL,O
SZJOTLI,X
SZJOITL,O
SZJOILT,X
SZJOLTI,X
SZJOLIT,X
SZOTILJ,X
SZOTIJL,O
SZOTLIJ,X
SZOTLJI,X
SZOTJIL,O
SZOTJLI,X
SZOITLJ,X
SZOITJL,O
SZOILTJ,X
SZOILJT,X
SZOIJTL,O
SZOIJLT,X
SZOLTIJ,X
SZOLTJI,X
SZOLITJ,X
SZOLIJT,X
SZOLJTI,X
SZOLJIT,X
SZOJTIL,O
SZOJTLI,X
SZOJITL,O
SZOJILT,X
SZOJLTI,X
SZOJLIT,X
SOTILJZ,X
SOTILZJ,X
SOTIJLZ,X
SOTIJZL,O
SOTIZLJ,X
SOTIZJL,X
SOTLIJZ,X
SOTLIZJ,X
SOTLJIZ,X
SOTLJZI,X
SOTLZIJ,X
SOTLZJI,X
SOTJILZ,X
SOTJIZL,O
SOTJLIZ,X
SOTJLZI,X
SOTJZIL,X
SOTJZLI,X
SOTZILJ,X
SOTZIJL,X
SOTZLIJ,X
SOTZLJI,X
SOTZJIL,X
SOTZJLI,X
SOITLJZ,X
SOITLZJ,X
SOITJLZ,X
SOITJZL,O
SOITZLJ,X
SOITZJL,X
SOILTJZ,X
SOILTZJ,X
SOILJTZ,X
SOILJZT,X
SOILZTJ,X
SOILZJT,X
SOIJTLZ,X
SOIJTZL,O
SOIJLTZ,X
SOIJLZT,X
SOIJZTL,O
SOIJZLT,X
SOIZTLJ,X
SOIZTJL,O
SOIZLTJ,X
SOIZLJT,X
SOIZJTL,O
SOIZJLT,X
SOLTIJZ,X
SOLTIZJ,X
SOLTJIZ,X
SOLTJZI,X
SOLTZIJ,X
SOLTZJI,X
SOLITJZ,X
SOLITZJ,X
SOLIJTZ,X
SOLIJZT,X
SOLIZTJ,X
SOLIZJT,X
SOLJTIZ,X
SOLJTZI,X
SOLJITZ,X
SOLJIZT,X
SOLJZTI,X
SOLJZIT,X
SOLZTIJ,X
SOLZTJI,X
SOLZITJ,X
SOLZIJT,X
SOLZJTI,X
SOLZJIT,X
SOJTILZ,X
SOJTIZL,O
SOJTLIZ,X
SOJTLZI,X
SOJTZIL,X
SOJTZLI,X
SOJITLZ,X
SOJITZL,O
SOJILTZ,X
SOJILZT,X
SOJIZTL,O
SOJIZLT,X
SOJLTIZ,X
SOJLTZI,X
SOJLITZ,X
SOJLIZT,X
SOJLZTI,X
SOJLZIT,X
SOJZTIL,O
SOJZTLI,X
SOJZITL,O
SOJZILT,X
SOJZLTI,X
SOJZLIT,X
SOZTILJ,X
SOZTIJL,O
SOZTLIJ,X
SOZTLJI,X
SOZTJIL,O
SOZTJLI,X
SOZITLJ,X
SOZITJL,O
SOZILTJ,X
SOZILJT,X
SOZIJTL,O
SOZIJLT,X
SOZLTIJ,X
SOZLTJI,X
SOZLITJ,X
SOZLIJT,X
SOZLJTI,X
SOZLJIT,X
SOZJTIL,O
SOZJTLI,X
SOZJITL,O
SOZJILT,X
SOZJLTI,X
SOZJLIT,X
ZTILJSO,X
ZTILJOS,X
ZTILSJO,X
ZTILSOJ,X
ZTILOJS,X
ZTILOSJ,X
ZTIJLSO,X
ZTIJLOS,X
ZTIJSLO,X
ZTIJSOL,O
ZTIJOLS,X
ZTIJOSL,O
ZTISLJO,X
ZTISLOJ,X
ZTISJLO,X
ZTISJOL,O
ZTISOLJ,X
ZTISOJL,O
ZTIOLJS,X
ZTIOLSJ,X
ZTIOJLS,X
ZTIOJSL,O
ZTIOSLJ,X
ZTIOSJL,O
ZTLIJSO,X
ZTLIJOS,X
ZTLISJO,X
ZTLISOJ,X
ZTLIOJS,X
ZTLIOSJ,X
ZTLJISO,X
ZTLJIOS,X
ZTLJSIO,X
ZTLJSOI,X
ZTLJOIS,X
ZTLJOSI,X
ZTLSIJO,X
ZTLSIOJ,X
ZTLSJIO,X
ZTLSJOI,X
ZTLSOIJ,X
ZTLSOJI,X
ZTLOIJS,X
ZTLOISJ,X
ZTLOJIS,X
ZTLOJSI,X
ZTLOSIJ,X
ZTLOSJI,X
ZTJILSO,X
ZTJILOS,X
ZTJISLO,X
ZTJISOL,O
ZTJIOLS,X
ZTJIOSL,O
ZTJLISO,X
ZTJLIOS,X
ZTJLSIO,X
ZTJLSOI,X
ZTJLOIS,X
ZTJLOSI,X
ZTJSILO,X
ZTJSIOL,O
ZTJSLIO,X
ZTJSLOI,X
ZTJSOIL,O
ZTJSOLI,X
ZTJOILS,X
ZTJOISL,O
ZTJOLIS,X
ZTJOLSI,X
ZTJOSIL,O
ZTJOSLI,X
ZTSILJO,X
ZTSILOJ,X
ZTSIJLO,X
ZTSIJOL,O
ZTSIOLJ,X
ZTSIOJL,O
ZTSLIJO,X
ZTSLIOJ,X
ZTSLJIO,X
ZTSLJOI,X
ZTSLOIJ,X
ZTSLOJI,X
ZTSJILO,X
ZTSJIOL,O
ZTSJLIO,X
ZTSJLOI,X
ZTSJOIL,O
ZTSJOLI,X
ZTSOILJ,X
ZTSOIJL,O
ZTSOLIJ,X
ZTSOLJI,X
ZTSOJIL,O
ZTSOJLI,X
ZTOILJS,X
ZTOILSJ,X
ZTOIJLS,X
ZTOIJSL,O
ZTOISLJ,X
ZTOISJL,O
ZTOLIJS,X
ZTOLISJ,X
ZTOLJIS,X
ZTOLJSI,X
ZTOLSIJ,X
ZTOLSJI,X
ZTOJILS,X
ZTOJISL,O
ZTOJLIS,X
ZTOJLSI,X
ZTOJSIL,O
ZTOJSLI,X
ZTOSILJ,X
ZTOSIJL,O
ZTOSLIJ,X
ZTOSLJI,X
ZTOSJIL,O
ZTOSJLI,X
ZITLJSO,X
ZITLJOS,X
ZITLSJO,X
ZITLSOJ,X
ZITLOJS,X
ZITLOSJ,X
ZITJLSO,X
ZITJLOS,X
ZITJSLO,X
ZITJSOL,O
ZITJOLS,X
ZITJOSL,O
ZITSLJO,X
ZITSLOJ,X
ZITSJLO,X
ZITSJOL,O
ZITSOLJ,X
ZITSOJL,O
ZITOLJS,X
ZITOLSJ,X
ZITOJLS,X
ZITOJSL,O
ZITOSLJ,X
ZITOSJL,O
ZILTJSO,X
ZILTJOS,X
ZILTSJO,X
ZILTSOJ,X
ZILTOJS,X
ZILTOSJ,X
ZILJTSO,X
ZILJTOS,X
ZILJSTO,X
ZILJSOT,X
ZILJOTS,X
ZILJOST,X
ZILSTJO,X
ZILSTOJ,X
ZILSJTO,X
ZILSJOT,X
ZILSOTJ,X
ZILSOJT,X
ZILOTJS,X
ZILOTSJ,X
ZILOJTS,X
ZILOJST,X
ZILOSTJ,X
ZILOSJT,X
ZIJTLSO,X
ZIJTLOS,X
ZIJTSLO,X
ZIJTSOL,O
ZIJTOLS,X
ZIJTOSL,O
ZIJLTSO,X
ZIJLTOS,X
ZIJLSTO,X
ZIJLSOT,X
ZIJLOTS,X
ZIJLOST,X
ZIJSTLO,X
ZIJSTOL,O
ZIJSLTO,X
ZIJSLOT,X
ZIJSOTL,O
ZIJSOLT,X
ZIJOTLS,X
ZIJOTSL,O
ZIJOLTS,X
ZIJOLST,X
ZIJOSTL,O
ZIJOSLT,X
ZISTLJO,X
ZISTLOJ,X
ZISTJLO,X
ZISTJOL,O
ZISTOLJ,X
ZISTOJL,O
ZISLTJO,X
ZISLTOJ,X
ZISLJTO,X
ZISLJOT,X
ZISLOTJ,X
ZISLOJT,X
ZISJTLO,X
ZISJTOL,O
ZISJLTO,X
ZISJLOT,X
ZISJOTL,O
ZISJOLT,X
ZISOTLJ,X
ZISOTJL,O
ZISOLTJ,X
ZISOLJT,X
ZISOJTL,O
ZISOJLT,X
ZIOTLJS,X
ZIOTLSJ,X
ZIOTJLS,X
ZIOTJSL,O
ZIOTSLJ,X
ZIOTSJL,O
ZIOLTJS,X
ZIOLTSJ,X
ZIOLJTS,X
ZIOLJST,X
ZIOLSTJ,X
ZIOLSJT,X
ZIOJTLS,X
ZIOJTSL,O
ZIOJLTS,X
ZIOJLST,X
ZIOJSTL,O
ZIOJSLT,X
ZIOSTLJ,X
ZIOSTJL,O
ZIOSLTJ,X
ZIOSLJT,X
ZIOSJTL,O
ZIOSJLT,X
ZLTIJSO,X
ZLTIJOS,X
ZLTISJO,X
ZLTISOJ,X
ZLTIOJS,X
ZLTIOSJ,X
ZLTJISO,X
ZLTJIOS,X
ZLTJSIO,X
ZLTJSOI,X
ZLTJOIS,X
ZLTJOSI,X
ZLTSIJO,X
ZLTSIOJ,X
ZLTSJIO,X
ZLTSJOI,X
ZLTSOIJ,X
ZLTSOJI,X
ZLTOIJS,X
ZLTOISJ,X
ZLTOJIS,X
ZLTOJSI,X
ZLTOSIJ,X
ZLTOSJI,X
ZLITJSO,X
ZLITJOS,X
ZLITSJO,X
ZLITSOJ,X
ZLITOJS,X
ZLITOSJ,X
ZLIJTSO,X
ZLIJTOS,X
ZLIJSTO,X
ZLIJSOT,X
ZLIJOTS,X
ZLIJOST,X
ZLISTJO,X
ZLISTOJ,X
ZLISJTO,X
ZLISJOT,X
ZLISOTJ,X
ZLISOJT,X
ZLIOTJS,X
ZLIOTSJ,X
ZLIOJTS,X
ZLIOJST,X
ZLIOSTJ,X
ZLIOSJT,X
ZLJTISO,X
ZLJTIOS,X
ZLJTSIO,X
ZLJTSOI,X
ZLJTOIS,X
ZLJTOSI,X
ZLJITSO,X
ZLJITOS,X
ZLJISTO,X
ZLJISOT,X
ZLJIOTS,X
ZLJIOST,X
ZLJSTIO,X
ZLJSTOI,X
ZLJSITO,X
ZLJSIOT,X
ZLJSOTI,X
ZLJSOIT,X
ZLJOTIS,X
ZLJOTSI,X
ZLJOITS,X
ZLJOIST,X
ZLJOSTI,X
ZLJOSIT,X
ZLSTIJO,X
ZLSTIOJ,X
ZLSTJIO,X
ZLSTJOI,X
ZLSTOIJ,X
ZLSTOJI,X
ZLSITJO,X
ZLSITOJ,X
ZLSIJTO,X
ZLSIJOT,X
ZLSIOTJ,X
ZLSIOJT,X
ZLSJTIO,X
ZLSJTOI,X
ZLSJITO,X
ZLSJIOT,X
ZLSJOTI,X
ZLSJOIT,X
ZLSOTIJ,X
ZLSOTJI,X
ZLSOITJ,X
ZLSOIJT,X
ZLSOJTI,X
ZLSOJIT,X
ZLOTIJS,X
ZLOTISJ,X
ZLOTJIS,X
ZLOTJSI,X
ZLOTSIJ,X
ZLOTSJI,X
ZLOITJS,X
ZLOITSJ,X
ZLOIJTS,X
ZLOIJST,X
ZLOISTJ,X
ZLOISJT,X
ZLOJTIS,X
ZLOJTSI,X
ZLOJITS,X
ZLOJIST,X
ZLOJSTI,X
ZLOJSIT,X
ZLOSTIJ,X
ZLOSTJI,X
ZLOSITJ,X
ZLOSIJT,X
ZLOSJTI,X
ZLOSJIT,X
ZJTILSO,X
ZJTILOS,X
ZJTISLO,X
ZJTISOL,O
ZJTIOLS,X
ZJTIOSL,O
ZJTLISO,X
ZJTLIOS,X
ZJTLSIO,X
ZJTLSOI,X
ZJTLOIS,X
ZJTLOSI,X
ZJTSILO,X
ZJTSIOL,O
ZJTSLIO,X
ZJTSLOI,X
ZJTSOIL,O
ZJTSOLI,X
ZJTOILS,X
ZJTOISL,O
ZJTOLIS,X
ZJTOLSI,X
ZJTOSIL,O
ZJTOSLI,X
ZJITLSO,X
ZJITLOS,X
ZJITSLO,X
ZJITSOL,O
ZJITOLS,X
ZJITOSL,O
ZJILTSO,X
ZJILTOS,X
ZJILSTO,X
ZJILSOT,X
ZJILOTS,X
ZJILOST,X
ZJISTLO,X
ZJISTOL,O
ZJISLTO,X
ZJISLOT,X
ZJISOTL,O
ZJISOLT,X
ZJIOTLS,X
ZJIOTSL,O
ZJIOLTS,X
ZJIOLST,X
ZJIOSTL,O
ZJIOSLT,X
ZJLTISO,X
ZJLTIOS,X
ZJLTSIO,X
ZJLTSOI,X
ZJLTOIS,X
ZJLTOSI,X
ZJLITSO,X
ZJLITOS,X
ZJLISTO,X
ZJLISOT,X
ZJLIOTS,X
ZJLIOST,X
ZJLSTIO,X
ZJLSTOI,X
ZJLSITO,X
ZJLSIOT,X
ZJLSOTI,X
ZJLSOIT,X
ZJLOTIS,X
ZJLOTSI,X
ZJLOITS,X
ZJLOIST,X
ZJLOSTI,X
ZJLOSIT,X
ZJSTILO,X
ZJSTIOL,O
ZJSTLIO,X
ZJSTLOI,X
ZJSTOIL,O
ZJSTOLI,X
ZJSITLO,X
ZJSITOL,O
ZJSILTO,X
ZJSILOT,X
ZJSIOTL,O
ZJSIOLT,X
ZJSLTIO,X
ZJSLTOI,X
ZJSLITO,X
ZJSLIOT,X
ZJSLOTI,X
ZJSLOIT,X
ZJSOTIL,O
ZJSOTLI,X
ZJSOITL,O
ZJSOILT,X
ZJSOLTI,X
ZJSOLIT,X
ZJOTILS,X
ZJOTISL,O
ZJOTLIS,X
ZJOTLSI,X
ZJOTSIL,O
ZJOTSLI,X
ZJOITLS,X
ZJOITSL,O
ZJOILTS,X
ZJOILST,X
ZJOISTL,O
ZJOISLT,X
ZJOLTIS,X
ZJOLTSI,X
ZJOLITS,X
ZJOLIST,X
ZJOLSTI,X
ZJOLSIT,X
ZJOSTIL,O
ZJOSTLI,X
ZJOSITL,O
ZJOSILT,X
ZJOSLTI,X
ZJOSLIT,X
ZSTILJO,X
ZSTILOJ,X
ZSTIJLO,X
ZSTIJOL,O
ZSTIOLJ,X
ZSTIOJL,O
ZSTLIJO,X
ZSTLIOJ,X
ZSTLJIO,X
ZSTLJOI,X
ZSTLOIJ,X
ZSTLOJI,X
ZSTJILO,X
ZSTJIOL,O
ZSTJLIO,X
ZSTJLOI,X
ZSTJOIL,O
ZSTJOLI,X
ZSTOILJ,X
ZSTOIJL,O
ZSTOLIJ,X
ZSTOLJI,X
ZSTOJIL,O
ZSTOJLI,X
ZSITLJO,X
ZSITLOJ,X
ZSITJLO,X
ZSITJOL,O
ZSITOLJ,X
ZSITOJL,O
ZSILTJO,X
ZSILTOJ,X
ZSILJTO,X
ZSILJOT,X
ZSILOTJ,X
ZSILOJT,X
ZSIJTLO,X
ZSIJTOL,O
ZSIJLTO,X
ZSIJLOT,X
ZSIJOTL,O
ZSIJOLT,X
ZSIOTLJ,X
ZSIOTJL,O
ZSIOLTJ,X
ZSIOLJT,X
ZSIOJTL,O
ZSIOJLT,X
ZSLTIJO,X
ZSLTIOJ,X
ZSLTJIO,X
ZSLTJOI,X
ZSLTOIJ,X
ZSLTOJI,X
ZSLITJO,X
ZSLITOJ,X
ZSLIJTO,X
ZSLIJOT,X
ZSLIOTJ,X
ZSLIOJT,X
ZSLJTIO,X
ZSLJTOI,X
ZSLJITO,X
ZSLJIOT,X
ZSLJOTI,X
ZSLJOIT,X
ZSLOTIJ,X
ZSLOTJI,X
ZSLOITJ,X
ZSLOIJT,X
ZSLOJTI,X
ZSLOJIT,X
ZSJTILO,X
ZSJTIOL,O
ZSJTLIO,X
ZSJTLOI,X
ZSJTOIL,O
ZSJTOLI,X
ZSJITLO,X
ZSJITOL,O
ZSJILTO,X
ZSJILOT,X
ZSJIOTL,O
ZSJIOLT,X
ZSJLTIO,X
ZSJLTOI,X
ZSJLITO,X
ZSJLIOT,X
ZSJLOTI,X
ZSJLOIT,X
ZSJOTIL,O
ZSJOTLI,X
ZSJOITL,O
ZSJOILT,X
ZSJOLTI,X
ZSJOLIT,X
ZSOTILJ,X
ZSOTIJL,O
ZSOTLIJ,X
ZSOTLJI,X
ZSOTJIL,O
ZSOTJLI,X
ZSOITLJ,X
ZSOITJL,O
ZSOILTJ,X
ZSOILJT,X
ZSOIJTL,O
ZSOIJLT,X
ZSOLTIJ,X
ZSOLTJI,X
ZSOLITJ,X
ZSOLIJT,X
ZSOLJTI,X
ZSOLJIT,X
ZSOJTIL,O
ZSOJTLI,X
ZSOJITL,O
ZSOJILT,X
ZSOJLTI,X
ZSOJLIT,X
ZOTILJS,X
ZOTILSJ,X
ZOTIJLS,X
ZOTIJSL,O
ZOTISLJ,X
ZOTISJL,O
ZOTLIJS,X
ZOTLISJ,X
ZOTLJIS,X
ZOTLJSI,X
ZOTLSIJ,X
ZOTLSJI,X
ZOTJILS,X
ZOTJISL,O
ZOTJLIS,X
ZOTJLSI,X
ZOTJSIL,O
ZOTJSLI,X
ZOTSILJ,X
ZOTSIJL,O
ZOTSLIJ,X
ZOTSLJI,X
ZOTSJIL,O
ZOTSJLI,X
ZOITLJS,X
ZOITLSJ,X
ZOITJLS,X
ZOITJSL,O
ZOITSLJ,X
ZOITSJL,O
ZOILTJS,X
ZOILTSJ,X
ZOILJTS,X
ZOILJST,X
ZOILSTJ,X
ZOILSJT,X
ZOIJTLS,X
ZOIJTSL,O
ZOIJLTS,X
ZOIJLST,X
ZOIJSTL,O
ZOIJSLT,X
ZOISTLJ,X
ZOISTJL,O
ZOISLTJ,X
ZOISLJT,X
ZOISJTL,O
ZOISJLT,X
ZOLTIJS,X
ZOLTISJ,X
ZOLTJIS,X
ZOLTJSI,X
ZOLTSIJ,X
ZOLTSJI,X
ZOLITJS,X
ZOLITSJ,X
ZOLIJTS,X
ZOLIJST,X
ZOLISTJ,X
ZOLISJT,X
ZOLJTIS,X
ZOLJTSI,X
ZOLJITS,X
ZOLJIST,X
ZOLJSTI,X
ZOLJSIT,X
ZOLSTIJ,X
ZOLSTJI,X
ZOLSITJ,X
ZOLSIJT,X
ZOLSJTI,X
ZOLSJIT,X
ZOJTILS,X
ZOJTISL,O
ZOJTLIS,X
ZOJTLSI,X
ZOJTSIL,O
ZOJTSLI,X
ZOJITLS,X
ZOJITSL,O
ZOJILTS,X
ZOJILST,X
ZOJISTL,O
ZOJISLT,X
ZOJLTIS,X
ZOJLTSI,X
ZOJLITS,X
ZOJLIST,X
ZOJLSTI,X
ZOJLSIT,X
ZOJSTIL,O
ZOJSTLI,X
ZOJSITL,O
ZOJSILT,X
ZOJSLTI,X
ZOJSLIT,X
ZOSTILJ,X
ZOSTIJL,O
ZOSTLIJ,X
ZOSTLJI,X
ZOSTJIL,O
ZOSTJLI,X
ZOSITLJ,X
ZOSITJL,O
ZOSILTJ,X
ZOSILJT,X
ZOSIJTL,O
ZOSIJLT,X
ZOSLTIJ,X
ZOSLTJI,X
ZOSLITJ,X
ZOSLIJT,X
ZOSLJTI,X
ZOSLJIT,X
ZOSJTIL,O
ZOSJTLI,X
ZOSJITL,O
ZOSJILT,X
ZOSJLTI,X
ZOSJLIT,X
OTILJSZ,O
OTILJZS,X
OTILSJZ,O
OTILSZJ,X
OTILZJS,X
OTILZSJ,X
OTIJLSZ,O
OTIJLZS,X
OTIJSLZ,X
OTIJSZL,O
OTIJZLS,X
OTIJZSL,O
OTISLJZ,X
OTISLZJ,X
OTISJLZ,X
OTISJZL,O
OTISZLJ,X
OTISZJL,X
OTIZLJS,X
OTIZLSJ,X
OTIZJLS,X
OTIZJSL,O
OTIZSLJ,X
OTIZSJL,O
OTLIJSZ,O
OTLIJZS,X
OTLISJZ,O
OTLISZJ,X
OTLIZJS,X
OTLIZSJ,X
OTLJISZ,O
OTLJIZS,X
OTLJSIZ,O
OTLJSZI,X
OTLJZIS,X
OTLJZSI,X
OTLSIJZ,O
OTLSIZJ,X
OTLSJIZ,O
OTLSJZI,X
OTLSZIJ,X
OTLSZJI,X
OTLZIJS,X
OTLZISJ,X
OTLZJIS,X
OTLZJSI,X
OTLZSIJ,X
OTLZSJI,X
OTJILSZ,O
OTJILZS,X
OTJISLZ,X
OTJISZL,O
OTJIZLS,X
OTJIZSL,O
OTJLISZ,O
OTJLIZS,X
OTJLSIZ,O
OTJLSZI,X
OTJLZIS,X
OTJLZSI,X
OTJSILZ,X
OTJSIZL,O
OTJSLIZ,X
OTJSLZI,X
OTJSZIL,X
OTJSZLI,X
OTJZILS,X
OTJZISL,O
OTJZLIS,X
OTJZLSI,X
OTJZSIL,O
OTJZSLI,X
OTSILJZ,X
OTSILZJ,X
OTSIJLZ,X
OTSIJZL,O
OTSIZLJ,X
OTSIZJL,X
OTSLIJZ,X
OTSLIZJ,X
OTSLJIZ,X
OTSLJZI,X
OTSLZIJ,X
OTSLZJI,X
OTSJILZ,X
OTSJIZL,O
OTSJLIZ,X
OTSJLZI,X
OTSJZIL,X
OTSJZLI,X
OTSZILJ,X
OTSZIJL,X
OTSZLIJ,X
OTSZLJI,X
OTSZJIL,X
OTSZJLI,X
OTZILJS,X
OTZILSJ,X
OTZIJLS,X
OTZIJSL,O
OTZISLJ,X
OTZISJL,O
OTZLIJS,X
OTZLISJ,X
OTZLJIS,X
OTZLJSI,X
OTZLSIJ,X
OTZLSJI,X
OTZJILS,X
OTZJISL,O
OTZJLIS,X
OTZJLSI,X
OTZJSIL,O
OTZJSLI,X
OTZSILJ,X
OTZSIJL,O
OTZSLIJ,X
OTZSLJI,X
OTZSJIL,O
OTZSJLI,X
OITLJSZ,O
OITLJZS,X
OITLSJZ,O
OITLSZJ,X
OITLZJS,X
OITLZSJ,X
OITJLSZ,O
OITJLZS,X
OITJSLZ,X
OITJSZL,O
OITJZLS,X
OITJZSL,O
OITSLJZ,X
OITSLZJ,X
OITSJLZ,X
OITSJZL,O
OITSZLJ,X
OITSZJL,X
OITZLJS,X
OITZLSJ,X
OITZJLS,X
OITZJSL,O
OITZSLJ,X
OITZSJL,O
OILTJSZ,O
OILTJZS,X
OILTSJZ,O
OILTSZJ,X
OILTZJS,X
OILTZSJ,X
OILJTSZ,O
OILJTZS,X
OILJSTZ,O
OILJSZT,O
OILJZTS,O
OILJZST,O
OILSTJZ,O
OILSTZJ,X
OILSJTZ,O
OILSJZT,O
OILSZTJ,O
OILSZJT,O
OILZTJS,O
OILZTSJ,O
OILZJTS,O
OILZJST,O
OILZSTJ,O
OILZSJT,O
OIJTLSZ,O
OIJTLZS,X
OIJTSLZ,X
OIJTSZL,O
OIJTZLS,X
OIJTZSL,O
OIJLTSZ,O
OIJLTZS,X
OIJLSTZ,O
OIJLSZT,O
OIJLZTS,O
OIJLZST,O
OIJSTLZ,X
OIJSTZL,O
OIJSLTZ,X
OIJSLZT,X
OIJSZTL,O
OIJSZLT,X
OIJZTLS,X
OIJZTSL,O
OIJZLTS,X
OIJZLST,X
OIJZSTL,O
OIJZSLT,X
OISTLJZ,X
OISTLZJ,X
OISTJLZ,X
OISTJZL,O
OISTZLJ,X
OISTZJL,X
OISLTJZ,X
OISLTZJ,X
OISLJTZ,X
OISLJZT,X
OISLZTJ,X
OISLZJT,X
OISJTLZ,X
OISJTZL,O
OISJLTZ,X
OISJLZT,X
OISJZTL,O
OISJZLT,X
OISZTLJ,X
OISZTJL,O
OISZLTJ,X
OISZLJT,X
OISZJTL,O
OISZJLT,X
OIZTLJS,X
OIZTLSJ,X
OIZTJLS,X
OIZTJSL,O
OIZTSLJ,X
OIZTSJL,O
OIZLTJS,X
OIZLTSJ,X
OIZLJTS,X
OIZLJST,X
OIZLSTJ,X
OIZLSJT,X
OIZJTLS,X
OIZJTSL,O
OIZJLTS,X
OIZJLST,X
OIZJSTL,O
OIZJSLT,X
OIZSTLJ,X
OIZSTJL,O
OIZSLTJ,X
OIZSLJT,X
OIZSJTL,O
OIZSJLT,X
OLTIJSZ,O
OLTIJZS,X
OLTISJZ,O
OLTISZJ,X
OLTIZJS,X
OLTIZSJ,X
OLTJISZ,O
OLTJIZS,X
OLTJSIZ,O
OLTJSZI,X
OLTJZIS,X
OLTJZSI,X
OLTSIJZ,O
OLTSIZJ,X
OLTSJIZ,O
OLTSJZI,X
OLTSZIJ,X
OLTSZJI,X
OLTZIJS,X
OLTZISJ,X
OLTZJIS,X
OLTZJSI,X
OLTZSIJ,X
OLTZSJI,X
OLITJSZ,O
OLITJZS,X
OLITSJZ,O
OLITSZJ,X
OLITZJS,X
OLITZSJ,X
OLIJTSZ,O
OLIJTZS,X
OLIJSTZ,O
OLIJSZT,O
OLIJZTS,O
OLIJZST,O
OLISTJZ,O
OLISTZJ,X
OLISJTZ,O
OLISJZT,O
OLISZTJ,O
OLISZJT,O
OLIZTJS,O
OLIZTSJ,O
OLIZJTS,O
OLIZJST,O
OLIZSTJ,O
OLIZSJT,O
OLJTISZ,O
OLJTIZS,X
OLJTSIZ,O
OLJTSZI,X
OLJTZIS,X
OLJTZSI,X
OLJITSZ,O
OLJITZS,X
OLJISTZ,O
OLJISZT,O
OLJIZTS,O
OLJIZST,O
OLJSTIZ,O
OLJSTZI,X
OLJSITZ,O
OLJSIZT,O
OLJSZTI,O
OLJSZIT,O
OLJZTIS,O
OLJZTSI,O
OLJZITS,O
OLJZIST,O
OLJZSTI,O
OLJZSIT,O
OLSTIJZ,O
OLSTIZJ,X
OLSTJIZ,O
OLSTJZI,X
OLSTZIJ,X
OLSTZJI,X
OLSITJZ,O
OLSITZJ,X
OLSIJTZ,O
OLSIJZT,O
OLSIZTJ,O
OLSIZJT,O
OLSJTIZ,O
OLSJTZI,X
OLSJITZ,O
OLSJIZT,O
OLSJZTI,O
OLSJZIT,O
OLSZTIJ,O
OLSZTJI,O
OLSZITJ,O
OLSZIJT,O
OLSZJTI,O
OLSZJIT,O
OLZTIJS,O
OLZTISJ,O
OLZTJIS,O
OLZTJSI,O
OLZTSIJ,O
OLZTSJI,O
OLZITJS,O
OLZITSJ,O
OLZIJTS,O
OLZIJST,O
OLZISTJ,O
OLZISJT,O
OLZJTIS,O
OLZJTSI,O
OLZJITS,O
OLZJIST,O
OLZJSTI,O
OLZJSIT,O
OLZSTIJ,O
OLZSTJI,O
OLZSITJ,O
OLZSIJT,O
OLZSJTI,O
OLZSJIT,O
OJTILSZ,O
OJTILZS,X
OJTISLZ,X
OJTISZL,O
OJTIZLS,X
OJTIZSL,O
OJTLISZ,O
OJTLIZS,X
OJTLSIZ,O
OJTLSZI,X
OJTLZIS,X
OJTLZSI,X
OJTSILZ,X
OJTSIZL,O
OJTSLIZ,X
OJTSLZI,X
OJTSZIL,X
OJTSZLI,X
OJTZILS,X
OJTZISL,O
OJTZLIS,X
OJTZLSI,X
OJTZSIL,O
OJTZSLI,X
OJITLSZ,O
OJITLZS,X
OJITSLZ,X
OJITSZL,O
OJITZLS,X
OJITZSL,O
OJILTSZ,O
OJILTZS,X
OJILSTZ,O
OJILSZT,O
OJILZTS,O
OJILZST,O
OJISTLZ,X
OJISTZL,O
OJISLTZ,X
OJISLZT,X
OJISZTL,O
OJISZLT,X
OJIZTLS,X
OJIZTSL,O
OJIZLTS,X
OJIZLST,X
OJIZSTL,O
OJIZSLT,X
OJLTISZ,O
OJLTIZS,X
OJLTSIZ,O
OJLTSZI,X
OJLTZIS,X
OJLTZSI,X
OJLITSZ,O
OJLITZS,X
OJLISTZ,O
OJLISZT,O
OJLIZTS,O
OJLIZST,O
OJLSTIZ,O
OJLSTZI,X
OJLSITZ,O
OJLSIZT,O
OJLSZTI,O
OJLSZIT,O
OJLZTIS,O
OJLZTSI,O
OJLZITS,O
OJLZIST,O
OJLZSTI,O
OJLZSIT,O
OJSTILZ,X
OJSTIZL,O
OJSTLIZ,X
OJSTLZI,X
OJSTZIL,X
OJSTZLI,X
OJSITLZ,X
OJSITZL,O
OJSILTZ,X
OJSILZT,X
OJSIZTL,O
OJSIZLT,X
OJSLTIZ,X
OJSLTZI,X
OJSLITZ,X
OJSLIZT,X
OJSLZTI,X
OJSLZIT,X
OJSZTIL,O
OJSZTLI,X
OJSZITL,O
OJSZILT,X
OJSZLTI,X
OJSZLIT,X
OJZTILS,X
OJZTISL,O
OJZTLIS,X
OJZTLSI,X
OJZTSIL,O
OJZTSLI,X
OJZITLS,X
OJZITSL,O
OJZILTS,X
OJZILST,X
OJZISTL,O
OJZISLT,X
OJZLTIS,X
OJZLTSI,X
OJZLITS,X
OJZLIST,X
OJZLSTI,X
OJZLSIT,X
OJZSTIL,O
OJZSTLI,X
OJZSITL,O
OJZSILT,X
OJZSLTI,X
OJZSLIT,X
OSTILJZ,X
OSTILZJ,X
OSTIJLZ,X
OSTIJZL,O
OSTIZLJ,X
OSTIZJL,X
OSTLIJZ,X
OSTLIZJ,X
OSTLJIZ,X
OSTLJZI,X
OSTLZIJ,X
OSTLZJI,X
OSTJILZ,X
OSTJIZL,O
OSTJLIZ,X
OSTJLZI,X
OSTJZIL,X
OSTJZLI,X
OSTZILJ,X
OSTZIJL,X
OSTZLIJ,X
OSTZLJI,X
OSTZJIL,X
OSTZJLI,X
OSITLJZ,X
OSITLZJ,X
OSITJLZ,X
OSITJZL,O
OSITZLJ,X
OSITZJL,X
OSILTJZ,X
OSILTZJ,X
OSILJTZ,X
OSILJZT,X
OSILZTJ,X
OSILZJT,X
OSIJTLZ,X
OSIJTZL,O
OSIJLTZ,X
OSIJLZT,X
OSIJZTL,O
OSIJZLT,X
OSIZTLJ,X
OSIZTJL,O
OSIZLTJ,X
OSIZLJT,X
OSIZJTL,O
OSIZJLT,X
OSLTIJZ,X
OSLTIZJ,X
OSLTJIZ,X
OSLTJZI,X
OSLTZIJ,X
OSLTZJI,X
OSLITJZ,X
OSLITZJ,X
OSLIJTZ,X
OSLIJZT,X
OSLIZTJ,X
OSLIZJT,X
OSLJTIZ,X
OSLJTZI,X
OSLJITZ,X
OSLJIZT,X
OSLJZTI,X
OSLJZIT,X
OSLZTIJ,X
OSLZTJI,X
OSLZITJ,X
OSLZIJT,X
OSLZJTI,X
OSLZJIT,X
OSJTILZ,X
OSJTIZL,O
OSJTLIZ,X
OSJTLZI,X
OSJTZIL,X
OSJTZLI,X
OSJITLZ,X
OSJITZL,O
OSJILTZ,X
OSJILZT,X
OSJIZTL,O
OSJIZLT,X
OSJLTIZ,X
OSJLTZI,X
OSJLITZ,X
OSJLIZT,X
OSJLZTI,X
OSJLZIT,X
OSJZTIL,O
OSJZTLI,X
OSJZITL,O
OSJZILT,X
OSJZLTI,X
OSJZLIT,X
OSZTILJ,X
OSZTIJL,O
OSZTLIJ,X
OSZTLJI,X
OSZTJIL,O
OSZTJLI,X
OSZITLJ,X
OSZITJL,O
OSZILTJ,X
OSZILJT,X
OSZIJTL,O
OSZIJLT,X
OSZLTIJ,X
OSZLTJI,X
OSZLITJ,X
OSZLIJT,X
OSZLJTI,X
OSZLJIT,X
OSZJTIL,O
OSZJTLI,X
OSZJITL,O
OSZJILT,X
OSZJLTI,X
OSZJLIT,X
OZTILJS,X
OZTILSJ,X
OZTIJLS,X
OZTIJSL,O
OZTISLJ,X
OZTISJL,O
OZTLIJS,X
OZTLISJ,X
OZTLJIS,X
OZTLJSI,X
OZTLSIJ,X
OZTLSJI,X
OZTJILS,X
OZTJISL,O
OZTJLIS,X
OZTJLSI,X
OZTJSIL,O
OZTJSLI,X
OZTSILJ,X
OZTSIJL,O
OZTSLIJ,X
OZTSLJI,X
OZTSJIL,O
OZTSJLI,X
OZITLJS,X
OZITLSJ,X
OZITJLS,X
OZITJSL,O
OZITSLJ,X
OZITSJL,O
OZILTJS,X
OZILTSJ,X
OZILJTS,X
OZILJST,X
OZILSTJ,X
OZILSJT,X
OZIJTLS,X
OZIJTSL,O
OZIJLTS,X
OZIJLST,X
OZIJSTL,O
OZIJSLT,X
OZISTLJ,X
OZISTJL,O
OZISLTJ,X
OZISLJT,X
OZISJTL,O
OZISJLT,X
OZLTIJS,X
OZLTISJ,X
OZLTJIS,X
OZLTJSI,X
OZLTSIJ,X
OZLTSJI,X
OZLITJS,X
OZLITSJ,X
OZLIJTS,X
OZLIJST,X
OZLISTJ,X
OZLISJT,X
OZLJTIS,X
OZLJTSI,X
OZLJITS,X
OZLJIST,X
OZLJSTI,X
OZLJSIT,X
OZLSTIJ,X
OZLSTJI,X
OZLSITJ,X
OZLSIJT,X
OZLSJTI,X
OZLSJIT,X
OZJTILS,X
OZJTISL,O
OZJTLIS,X
OZJTLSI,X
OZJTSIL,O
OZJTSLI,X
OZJITLS,X
OZJITSL,O
OZJILTS,X
OZJILST,X
OZJISTL,O
OZJISLT,X
OZJLTIS,X
OZJLTSI,X
OZJLITS,X
OZJLIST,X
OZJLSTI,X
OZJLSIT,X
OZJSTIL,O
OZJSTLI,X
OZJSITL,O
OZJSILT,X
OZJSLTI,X
OZJSLIT,X
OZSTILJ,X
OZSTIJL,O
OZSTLIJ,X
OZSTLJI,X
OZSTJIL,O
OZSTJLI,X
OZSITLJ,X
OZSITJL,O
OZSILTJ,X
OZSILJT,X
OZSIJTL,O
OZSIJLT,X
OZSLTIJ,X
OZSLTJI,X
OZSLITJ,X
OZSLIJT,X
OZSLJTI,X
OZSLJIT,X
OZSJTIL,O
OZSJTLI,X
OZSJITL,O
OZSJILT,X
OZSJLTI,X
OZSJLIT,X
