sequence,v115@RhA8DeB8AeA8AeG8AeA8Ke/EJvhFThBmiB5oB0lB6s?BFqB,v115@RhA8DeB8AeA8AeG8AeA8Ke/EJvhFThBiiB5oB0lBus?BFqB
TILJSZO,X,X
TILJSOZ,X,X
TILJZSO,X,X
TILJZOS,X,X
TILJOSZ,X,X
TILJOZS,X,X
TILSJZO,X,X
TILSJOZ,X,X
TILSZJO,X,X
TILSZOJ,X,X
TILSOJZ,X,X
TILSOZJ,X,X
TILZJSO,X,X
TILZJOS,X,X
TILZSJO,X,X
TILZSOJ,X,X
TILZOJS,X,X
TILZOSJ,X,X
TILOJSZ,X,X
TILOJZS,X,X
TILOSJZ,X,X
TILOSZJ,X,X
TILOZJS,X,X
TILOZSJ,X,X
TIJLSZO,X,X
TIJLSOZ,X,X
TIJLZSO,X,X
TIJLZOS,X,X
TIJLOSZ,X,X
TIJLOZS,X,X
TIJSLZO,X,X
TIJSLOZ,X,X
TIJSZLO,X,X
TIJSZOL,X,X
TIJSOLZ,X,X
TIJSOZL,X,X
TIJZLSO,X,X
TIJZLOS,X,X
TIJZSLO,X,X
TIJZSOL,X,X
TIJZOLS,X,X
TIJZOSL,X,X
TIJOLSZ,X,X
TIJOLZS,X,X
TIJOSLZ,X,X
TIJOSZL,X,X
TIJOZLS,X,X
TIJOZSL,X,X
TISLJZO,X,X
TISLJOZ,X,X
TISLZJO,X,X
TISLZOJ,X,X
TISLOJZ,X,X
TISLOZJ,X,X
TISJLZO,X,X
TISJLOZ,X,X
TISJZLO,X,X
TISJZOL,X,X
TISJOLZ,X,X
TISJOZL,X,X
TISZLJO,X,X
TISZLOJ,X,X
TISZJLO,X,X
TISZJOL,X,X
TISZOLJ,X,X
TISZOJL,X,X
TISOLJZ,X,X
TISOLZJ,X,X
TISOJLZ,X,X
TISOJZL,X,X
TISOZLJ,X,X
TISOZJL,X,X
TIZLJSO,X,X
TIZLJOS,X,X
TIZLSJO,X,X
TIZLSOJ,X,X
TIZLOJS,X,X
TIZLOSJ,X,X
TIZJLSO,X,X
TIZJLOS,X,X
TIZJSLO,X,X
TIZJSOL,X,X
TIZJOLS,X,X
TIZJOSL,X,X
TIZSLJO,X,X
TIZSLOJ,X,X
TIZSJLO,X,X
TIZSJOL,X,X
TIZSOLJ,X,X
TIZSOJL,X,X
TIZOLJS,X,X
TIZOLSJ,X,X
TIZOJLS,X,X
TIZOJSL,X,X
TIZOSLJ,X,X
TIZOSJL,X,X
TIOLJSZ,X,X
TIOLJZS,X,X
TIOLSJZ,X,X
TIOLSZJ,X,X
TIOLZJS,X,X
TIOLZSJ,X,X
TIOJLSZ,X,X
TIOJLZS,X,X
TIOJSLZ,X,X
TIOJSZL,X,X
TIOJZLS,X,X
TIOJZSL,X,X
TIOSLJZ,X,X
TIOSLZJ,X,X
TIOSJLZ,X,X
TIOSJZL,X,X
TIOSZLJ,X,X
TIOSZJL,X,X
TIOZLJS,X,X
TIOZLSJ,X,X
TIOZJLS,X,X
TIOZJSL,X,X
TIOZSLJ,X,X
TIOZSJL,X,X
TLIJSZO,X,X
TLIJSOZ,X,X
TLIJZSO,X,X
TLIJZOS,X,X
TLIJOSZ,X,X
TLIJOZS,X,X
TLISJZO,X,X
TLISJOZ,X,X
TLISZJO,X,X
TLISZOJ,X,X
TLISOJZ,X,X
TLISOZJ,X,X
TLIZJSO,X,X
TLIZJOS,X,X
TLIZSJO,X,X
TLIZSOJ,X,X
TLIZOJS,X,X
TLIZOSJ,X,X
TLIOJSZ,X,X
TLIOJZS,X,X
TLIOSJZ,X,X
TLIOSZJ,X,X
TLIOZJS,X,X
TLIOZSJ,X,X
TLJISZO,X,X
TLJISOZ,X,X
TLJIZSO,X,X
TLJIZOS,X,X
TLJIOSZ,X,X
TLJIOZS,X,X
TLJSIZO,X,X
TLJSIOZ,X,X
TLJSZIO,X,X
TLJSZOI,X,X
TLJSOIZ,X,X
TLJSOZI,X,X
TLJZISO,X,X
TLJZIOS,X,X
TLJZSIO,X,X
TLJZSOI,X,X
TLJZOIS,X,X
TLJZOSI,X,X
TLJOISZ,X,X
TLJOIZS,X,X
TLJOSIZ,X,X
TLJOSZI,X,X
TLJOZIS,X,X
TLJOZSI,X,X
TLSIJZO,X,X
TLSIJOZ,X,X
TLSIZJO,X,X
TLSIZOJ,X,X
TLSIOJZ,X,X
TLSIOZJ,X,X
TLSJIZO,X,X
TLSJIOZ,X,X
TLSJZIO,X,X
TLSJZOI,X,X
TLSJOIZ,X,X
TLSJOZI,X,X
TLSZIJO,X,X
TLSZIOJ,X,X
TLSZJIO,X,X
TLSZJOI,X,X
TLSZOIJ,X,X
TLSZOJI,X,X
TLSOIJZ,X,X
TLSOIZJ,X,X
TLSOJIZ,X,X
TLSOJZI,X,X
TLSOZIJ,X,X
TLSOZJI,X,X
TLZIJSO,X,X
TLZIJOS,X,X
TLZISJO,X,X
TLZISOJ,X,X
TLZIOJS,X,X
TLZIOSJ,X,X
TLZJISO,X,X
TLZJIOS,X,X
TLZJSIO,X,X
TLZJSOI,X,X
TLZJOIS,X,X
TLZJOSI,X,X
TLZSIJO,X,X
TLZSIOJ,X,X
TLZSJIO,X,X
TLZSJOI,X,X
TLZSOIJ,X,X
TLZSOJI,X,X
TLZOIJS,X,X
TLZOISJ,X,X
TLZOJIS,X,X
TLZOJSI,X,X
TLZOSIJ,X,X
TLZOSJI,X,X
TLOIJSZ,X,X
TLOIJZS,X,X
TLOISJZ,X,X
TLOISZJ,X,X
TLOIZJS,X,X
TLOIZSJ,X,X
TLOJISZ,X,X
TLOJIZS,X,X
TLOJSIZ,X,X
TLOJSZI,X,X
TLOJZIS,X,X
TLOJZSI,X,X
TLOSIJZ,X,X
TLOSIZJ,X,X
TLOSJIZ,X,X
TLOSJZI,X,X
TLOSZIJ,X,X
TLOSZJI,X,X
TLOZIJS,X,X
TLOZISJ,X,X
TLOZJIS,X,X
TLOZJSI,X,X
TLOZSIJ,X,X
TLOZSJI,X,X
TJILSZO,X,X
TJILSOZ,X,X
TJILZSO,X,X
TJILZOS,X,X
TJILOSZ,X,X
TJILOZS,X,X
TJISLZO,X,X
TJISLOZ,X,X
TJISZLO,X,X
TJISZOL,X,X
TJISOLZ,X,X
TJISOZL,X,X
TJIZLSO,X,X
TJIZLOS,X,X
TJIZSLO,X,X
TJIZSOL,X,X
TJIZOLS,X,X
TJIZOSL,X,X
TJIOLSZ,X,X
TJIOLZS,X,X
TJIOSLZ,X,X
TJIOSZL,X,X
TJIOZLS,X,X
TJIOZSL,X,X
TJLISZO,X,X
TJLISOZ,X,X
TJLIZSO,X,X
TJLIZOS,X,X
TJLIOSZ,X,X
TJLIOZS,X,X
TJLSIZO,X,X
TJLSIOZ,X,X
TJLSZIO,X,X
TJLSZOI,X,X
TJLSOIZ,X,X
TJLSOZI,X,X
TJLZISO,X,X
TJLZIOS,X,X
TJLZSIO,X,X
TJLZSOI,X,X
TJLZOIS,X,X
TJLZOSI,X,X
TJLOISZ,X,X
TJLOIZS,X,X
TJLOSIZ,X,X
TJLOSZI,X,X
TJLOZIS,X,X
TJLOZSI,X,X
TJSILZO,X,X
TJSILOZ,X,X
TJSIZLO,X,X
TJSIZOL,X,X
TJSIOLZ,X,X
TJSIOZL,X,X
TJSLIZO,X,X
TJSLIOZ,X,X
TJSLZIO,X,X
TJSLZOI,X,X
TJSLOIZ,X,X
TJSLOZI,X,X
TJSZILO,X,X
TJSZIOL,X,X
TJSZLIO,X,X
TJSZLOI,X,X
TJSZOIL,X,X
TJSZOLI,X,X
TJSOILZ,X,X
TJSOIZL,X,X
TJSOLIZ,X,X
TJSOLZI,X,X
TJSOZIL,X,X
TJSOZLI,X,X
TJZILSO,X,X
TJZILOS,X,X
TJZISLO,X,X
TJZISOL,X,X
TJZIOLS,X,X
TJZIOSL,X,X
TJZLISO,X,X
TJZLIOS,X,X
TJZLSIO,X,X
TJZLSOI,X,X
TJZLOIS,X,X
TJZLOSI,X,X
TJZSILO,X,X
TJZSIOL,X,X
TJZSLIO,X,X
TJZSLOI,X,X
TJZSOIL,X,X
TJZSOLI,X,X
TJZOILS,X,X
TJZOISL,X,X
TJZOLIS,X,X
TJZOLSI,X,X
TJZOSIL,X,X
TJZOSLI,X,X
TJOILSZ,X,X
TJOILZS,X,X
TJOISLZ,X,X
TJOISZL,X,X
TJOIZLS,X,X
TJOIZSL,X,X
TJOLISZ,X,X
TJOLIZS,X,X
TJOLSIZ,X,X
TJOLSZI,X,X
TJOLZIS,X,X
TJOLZSI,X,X
TJOSILZ,X,X
TJOSIZL,X,X
TJOSLIZ,X,X
TJOSLZI,X,X
TJOSZIL,X,X
TJOSZLI,X,X
TJOZILS,X,X
TJOZISL,X,X
TJOZLIS,X,X
TJOZLSI,X,X
TJOZSIL,X,X
TJOZSLI,X,X
TSILJZO,X,X
TSILJOZ,X,X
TSILZJO,X,X
TSILZOJ,X,X
TSILOJZ,X,X
TSILOZJ,X,X
TSIJLZO,X,X
TSIJLOZ,X,X
TSIJZLO,X,X
TSIJZOL,X,X
TSIJOLZ,X,X
TSIJOZL,X,X
TSIZLJO,X,X
TSIZLOJ,X,X
TSIZJLO,X,X
TSIZJOL,X,X
TSIZOLJ,X,X
TSIZOJL,X,X
TSIOLJZ,X,X
TSIOLZJ,X,X
TSIOJLZ,X,X
TSIOJZL,X,X
TSIOZLJ,X,X
TSIOZJL,X,X
TSLIJZO,X,X
TSLIJOZ,X,X
TSLIZJO,X,X
TSLIZOJ,X,X
TSLIOJZ,X,X
TSLIOZJ,X,X
TSLJIZO,X,X
TSLJIOZ,X,X
TSLJZIO,X,X
TSLJZOI,X,X
TSLJOIZ,X,X
TSLJOZI,X,X
TSLZIJO,X,X
TSLZIOJ,X,X
TSLZJIO,X,X
TSLZJOI,X,X
TSLZOIJ,X,X
TSLZOJI,X,X
TSLOIJZ,X,X
TSLOIZJ,X,X
TSLOJIZ,X,X
TSLOJZI,X,X
TSLOZIJ,X,X
TSLOZJI,X,X
TSJILZO,X,X
TSJILOZ,X,X
TSJIZLO,X,X
TSJIZOL,X,X
TSJIOLZ,X,X
TSJIOZL,X,X
TSJLIZO,X,X
TSJLIOZ,X,X
TSJLZIO,X,X
TSJLZOI,X,X
TSJLOIZ,X,X
TSJLOZI,X,X
TSJZILO,X,X
TSJZIOL,X,X
TSJZLIO,X,X
TSJZLOI,X,X
TSJZOIL,X,X
TSJZOLI,X,X
TSJOILZ,X,X
TSJOIZL,X,X
TSJOLIZ,X,X
TSJOLZI,X,X
TSJOZIL,X,X
TSJOZLI,X,X
TSZILJO,X,X
TSZILOJ,X,X
TSZIJLO,X,X
TSZIJOL,X,X
TSZIOLJ,X,X
TSZIOJL,X,X
TSZLIJO,X,X
TSZLIOJ,X,X
TSZLJIO,X,X
TSZLJOI,X,X
TSZLOIJ,X,X
TSZLOJI,X,X
TSZJILO,X,X
TSZJIOL,X,X
TSZJLIO,X,X
TSZJLOI,X,X
TSZJOIL,X,X
TSZJOLI,X,X
TSZOILJ,X,X
TSZOIJL,X,X
TSZOLIJ,X,X
TSZOLJI,X,X
TSZOJIL,X,X
TSZOJLI,X,X
TSOILJZ,X,X
TSOILZJ,X,X
TSOIJLZ,X,X
TSOIJZL,X,X
TSOIZLJ,X,X
TSOIZJL,X,X
TSOLIJZ,X,X
TSOLIZJ,X,X
TSOLJIZ,X,X
TSOLJZI,X,X
TSOLZIJ,X,X
TSOLZJI,X,X
TSOJILZ,X,X
TSOJIZL,X,X
TSOJLIZ,X,X
TSOJLZI,X,X
TSOJZIL,X,X
TSOJZLI,X,X
TSOZILJ,X,X
TSOZIJL,X,X
TSOZLIJ,X,X
TSOZLJI,X,X
TSOZJIL,X,X
TSOZJLI,X,X
TZILJSO,X,X
TZILJOS,X,X
TZILSJO,X,X
TZILSOJ,X,X
TZILOJS,X,X
TZILOSJ,X,X
TZIJLSO,X,X
TZIJLOS,X,X
TZIJSLO,X,X
TZIJSOL,X,X
TZIJOLS,X,X
TZIJOSL,X,X
TZISLJO,X,X
TZISLOJ,X,X
TZISJLO,X,X
TZISJOL,X,X
TZISOLJ,X,X
TZISOJL,X,X
TZIOLJS,X,X
TZIOLSJ,X,X
TZIOJLS,X,X
TZIOJSL,X,X
TZIOSLJ,X,X
TZIOSJL,X,X
TZLIJSO,X,X
TZLIJOS,X,X
TZLISJO,X,X
TZLISOJ,X,X
TZLIOJS,X,X
TZLIOSJ,X,X
TZLJISO,X,X
TZLJIOS,X,X
TZLJSIO,X,X
TZLJSOI,X,X
TZLJOIS,X,X
TZLJOSI,X,X
TZLSIJO,X,X
TZLSIOJ,X,X
TZLSJIO,X,X
TZLSJOI,X,X
TZLSOIJ,X,X
TZLSOJI,X,X
TZLOIJS,X,X
TZLOISJ,X,X
TZLOJIS,X,X
TZLOJSI,X,X
TZLOSIJ,X,X
TZLOSJI,X,X
TZJILSO,X,X
TZJILOS,X,X
TZJISLO,X,X
TZJISOL,X,X
TZJIOLS,X,X
TZJIOSL,X,X
TZJLISO,X,X
TZJLIOS,X,X
TZJLSIO,X,X
TZJLSOI,X,X
TZJLOIS,X,X
TZJLOSI,X,X
TZJSILO,X,X
TZJSIOL,X,X
TZJSLIO,X,X
TZJSLOI,X,X
TZJSOIL,X,X
TZJSOLI,X,X
TZJOILS,X,X
TZJOISL,X,X
TZJOLIS,X,X
TZJOLSI,X,X
TZJOSIL,X,X
TZJOSLI,X,X
TZSILJO,X,X
TZSILOJ,X,X
TZSIJLO,X,X
TZSIJOL,X,X
TZSIOLJ,X,X
TZSIOJL,X,X
TZSLIJO,X,X
TZSLIOJ,X,X
TZSLJIO,X,X
TZSLJOI,X,X
TZSLOIJ,X,X
TZSLOJI,X,X
TZSJILO,X,X
TZSJIOL,X,X
TZSJLIO,X,X
TZSJLOI,X,X
TZSJOIL,X,X
TZSJOLI,X,X
TZSOILJ,X,X
TZSOIJL,X,X
TZSOLIJ,X,X
TZSOLJI,X,X
TZSOJIL,X,X
TZSOJLI,X,X
TZOILJS,X,X
TZOILSJ,X,X
TZOIJLS,X,X
TZOIJSL,X,X
TZOISLJ,X,X
TZOISJL,X,X
TZOLIJS,X,X
TZOLISJ,X,X
TZOLJIS,X,X
TZOLJSI,X,X
TZOLSIJ,X,X
TZOLSJI,X,X
TZOJILS,X,X
TZOJISL,X,X
TZOJLIS,X,X
TZOJLSI,X,X
TZOJSIL,X,X
TZOJSLI,X,X
TZOSILJ,X,X
TZOSIJL,X,X
TZOSLIJ,X,X
TZOSLJI,X,X
TZOSJIL,X,X
TZOSJLI,X,X
TOILJSZ,X,X
TOILJZS,X,X
TOILSJZ,X,X
TOILSZJ,X,X
TOILZJS,X,X
TOILZSJ,X,X
TOIJLSZ,X,X
TOIJLZS,X,X
TOIJSLZ,X,X
TOIJSZL,X,X
TOIJZLS,X,X
TOIJZSL,X,X
TOISLJZ,X,X
TOISLZJ,X,X
TOISJLZ,X,X
TOISJZL,X,X
TOISZLJ,X,X
TOISZJL,X,X
TOIZLJS,X,X
TOIZLSJ,X,X
TOIZJLS,X,X
TOIZJSL,X,X
TOIZSLJ,X,X
TOIZSJL,X,X
TOLIJSZ,X,X
TOLIJZS,X,X
TOLISJZ,X,X
TOLISZJ,X,X
TOLIZJS,X,X
TOLIZSJ,X,X
TOLJISZ,X,X
TOLJIZS,X,X
TOLJSIZ,X,X
TOLJSZI,X,X
TOLJZIS,X,X
TOLJZSI,X,X
TOLSIJZ,X,X
TOLSIZJ,X,X
TOLSJIZ,X,X
TOLSJZI,X,X
TOLSZIJ,X,X
TOLSZJI,X,X
TOLZIJS,X,X
TOLZISJ,X,X
TOLZJIS,X,X
TOLZJSI,X,X
TOLZSIJ,X,X
TOLZSJI,X,X
TOJILSZ,X,X
TOJILZS,X,X
TOJISLZ,X,X
TOJISZL,X,X
TOJIZLS,X,X
TOJIZSL,X,X
TOJLISZ,X,X
TOJLIZS,X,X
TOJLSIZ,X,X
TOJLSZI,X,X
TOJLZIS,X,X
TOJLZSI,X,X
TOJSILZ,X,X
TOJSIZL,X,X
TOJSLIZ,X,X
TOJSLZI,X,X
TOJSZIL,X,X
TOJSZLI,X,X
TOJZILS,X,X
TOJZISL,X,X
TOJZLIS,X,X
TOJZLSI,X,X
TOJZSIL,X,X
TOJZSLI,X,X
TOSILJZ,X,X
TOSILZJ,X,X
TOSIJLZ,X,X
TOSIJZL,X,X
TOSIZLJ,X,X
TOSIZJL,X,X
TOSLIJZ,X,X
TOSLIZJ,X,X
TOSLJIZ,X,X
TOSLJZI,X,X
TOSLZIJ,X,X
TOSLZJI,X,X
TOSJILZ,X,X
TOSJIZL,X,X
TOSJLIZ,X,X
TOSJLZI,X,X
TOSJZIL,X,X
TOSJZLI,X,X
TOSZILJ,X,X
TOSZIJL,X,X
TOSZLIJ,X,X
TOSZLJI,X,X
TOSZJIL,X,X
TOSZJLI,X,X
TOZILJS,X,X
TOZILSJ,X,X
TOZIJLS,X,X
TOZIJSL,X,X
TOZISLJ,X,X
TOZISJL,X,X
TOZLIJS,X,X
TOZLISJ,X,X
TOZLJIS,X,X
TOZLJSI,X,X
TOZLSIJ,X,X
TOZLSJI,X,X
TOZJILS,X,X
TOZJISL,X,X
TOZJLIS,X,X
TOZJLSI,X,X
TOZJSIL,X,X
TOZJSLI,X,X
TOZSILJ,X,X
TOZSIJL,X,X
TOZSLIJ,X,X
TOZSLJI,X,X
TOZSJIL,X,X
TOZSJLI,X,X
ITLJSZO,X,X
ITLJSOZ,X,X
ITLJZSO,X,X
ITLJZOS,X,X
ITLJOSZ,X,X
ITLJOZS,X,X
ITLSJZO,X,X
ITLSJOZ,X,X
ITLSZJO,X,X
ITLSZOJ,X,X
ITLSOJZ,X,X
ITLSOZJ,X,X
ITLZJSO,X,X
ITLZJOS,X,X
ITLZSJO,X,X
ITLZSOJ,X,X
ITLZOJS,X,X
ITLZOSJ,X,X
ITLOJSZ,X,X
ITLOJZS,X,X
ITLOSJZ,X,X
ITLOSZJ,X,X
ITLOZJS,X,X
ITLOZSJ,X,X
ITJLSZO,X,X
ITJLSOZ,X,X
ITJLZSO,X,X
ITJLZOS,X,X
ITJLOSZ,X,X
ITJLOZS,X,X
ITJSLZO,X,X
ITJSLOZ,X,X
ITJSZLO,X,X
ITJSZOL,X,X
ITJSOLZ,X,X
ITJSOZL,X,X
ITJZLSO,X,X
ITJZLOS,X,X
ITJZSLO,X,X
ITJZSOL,X,X
ITJZOLS,X,X
ITJZOSL,X,X
ITJOLSZ,X,X
ITJOLZS,X,X
ITJOSLZ,X,X
ITJOSZL,X,X
ITJOZLS,X,X
ITJOZSL,X,X
ITSLJZO,X,X
ITSLJOZ,X,X
ITSLZJO,X,X
ITSLZOJ,X,X
ITSLOJZ,X,X
ITSLOZJ,X,X
ITSJLZO,X,X
ITSJLOZ,X,X
ITSJZLO,X,X
ITSJZOL,X,X
ITSJOLZ,X,X
ITSJOZL,X,X
ITSZLJO,X,X
ITSZLOJ,X,X
ITSZJLO,X,X
ITSZJOL,X,X
ITSZOLJ,X,X
ITSZOJL,X,X
ITSOLJZ,X,X
ITSOLZJ,X,X
ITSOJLZ,X,X
ITSOJZL,X,X
ITSOZLJ,X,X
ITSOZJL,X,X
ITZLJSO,X,X
ITZLJOS,X,X
ITZLSJO,X,X
ITZLSOJ,X,X
ITZLOJS,X,X
ITZLOSJ,X,X
ITZJLSO,X,X
ITZJLOS,X,X
ITZJSLO,X,X
ITZJSOL,X,X
ITZJOLS,X,X
ITZJOSL,X,X
ITZSLJO,X,X
ITZSLOJ,X,X
ITZSJLO,X,X
ITZSJOL,X,X
ITZSOLJ,X,X
ITZSOJL,X,X
ITZOLJS,X,X
ITZOLSJ,X,X
ITZOJLS,X,X
ITZOJSL,X,X
ITZOSLJ,X,X
ITZOSJL,X,X
ITOLJSZ,X,X
ITOLJZS,X,X
ITOLSJZ,X,X
ITOLSZJ,X,X
ITOLZJS,X,X
ITOLZSJ,X,X
ITOJLSZ,X,X
ITOJLZS,X,X
ITOJSLZ,X,X
ITOJSZL,X,X
ITOJZLS,X,X
ITOJZSL,X,X
ITOSLJZ,X,X
ITOSLZJ,X,X
ITOSJLZ,X,X
ITOSJZL,X,X
ITOSZLJ,X,X
ITOSZJL,X,X
ITOZLJS,X,X
ITOZLSJ,X,X
ITOZJLS,X,X
ITOZJSL,X,X
ITOZSLJ,X,X
ITOZSJL,X,X
ILTJSZO,X,X
ILTJSOZ,X,X
ILTJZSO,X,X
ILTJZOS,X,X
ILTJOSZ,X,X
ILTJOZS,X,X
ILTSJZO,X,X
ILTSJOZ,X,X
ILTSZJO,X,X
ILTSZOJ,X,X
ILTSOJZ,X,X
ILTSOZJ,X,X
ILTZJSO,X,X
ILTZJOS,X,X
ILTZSJO,X,X
ILTZSOJ,X,X
ILTZOJS,X,X
ILTZOSJ,X,X
ILTOJSZ,X,X
ILTOJZS,X,X
ILTOSJZ,X,X
ILTOSZJ,X,X
ILTOZJS,X,X
ILTOZSJ,X,X
ILJTSZO,X,X
ILJTSOZ,X,X
ILJTZSO,X,X
ILJTZOS,X,X
ILJTOSZ,X,X
ILJTOZS,X,X
ILJSTZO,X,X
ILJSTOZ,X,X
ILJSZTO,X,X
ILJSZOT,O,X
ILJSOTZ,X,X
ILJSOZT,O,X
ILJZTSO,X,X
ILJZTOS,X,X
ILJZSTO,X,X
ILJZSOT,O,X
ILJZOTS,X,X
ILJZOST,O,X
ILJOTSZ,X,X
ILJOTZS,X,X
ILJOSTZ,X,X
ILJOSZT,O,X
ILJOZTS,X,X
ILJOZST,O,X
ILSTJZO,X,X
ILSTJOZ,X,X
ILSTZJO,X,X
ILSTZOJ,X,X
ILSTOJZ,X,X
ILSTOZJ,X,X
ILSJTZO,X,X
ILSJTOZ,X,X
ILSJZTO,X,X
ILSJZOT,O,X
ILSJOTZ,X,X
ILSJOZT,O,X
ILSZTJO,X,X
ILSZTOJ,X,X
ILSZJTO,X,X
ILSZJOT,O,X
ILSZOTJ,X,X
ILSZOJT,O,X
ILSOTJZ,X,X
ILSOTZJ,X,X
ILSOJTZ,X,X
ILSOJZT,O,X
ILSOZTJ,X,X
ILSOZJT,O,X
ILZTJSO,X,X
ILZTJOS,X,X
ILZTSJO,X,X
ILZTSOJ,X,X
ILZTOJS,X,X
ILZTOSJ,X,X
ILZJTSO,X,X
ILZJTOS,X,X
ILZJSTO,X,X
ILZJSOT,O,X
ILZJOTS,X,X
ILZJOST,O,X
ILZSTJO,X,X
ILZSTOJ,X,X
ILZSJTO,X,X
ILZSJOT,O,X
ILZSOTJ,X,X
ILZSOJT,O,X
ILZOTJS,X,X
ILZOTSJ,X,X
ILZOJTS,X,X
ILZOJST,O,X
ILZOSTJ,X,X
ILZOSJT,O,X
ILOTJSZ,X,X
ILOTJZS,X,X
ILOTSJZ,X,X
ILOTSZJ,X,X
ILOTZJS,X,X
ILOTZSJ,X,X
ILOJTSZ,X,X
ILOJTZS,X,X
ILOJSTZ,X,X
ILOJSZT,O,X
ILOJZTS,X,X
ILOJZST,O,X
ILOSTJZ,X,X
ILOSTZJ,X,X
ILOSJTZ,X,X
ILOSJZT,O,X
ILOSZTJ,X,X
ILOSZJT,O,X
ILOZTJS,X,X
ILOZTSJ,X,X
ILOZJTS,X,X
ILOZJST,O,X
ILOZSTJ,X,X
ILOZSJT,O,X
IJTLSZO,X,X
IJTLSOZ,X,X
IJTLZSO,X,X
IJTLZOS,X,X
IJTLOSZ,X,X
IJTLOZS,X,X
IJTSLZO,X,X
IJTSLOZ,X,X
IJTSZLO,X,X
IJTSZOL,X,X
IJTSOLZ,X,X
IJTSOZL,X,X
IJTZLSO,X,X
IJTZLOS,X,X
IJTZSLO,X,X
IJTZSOL,X,X
IJTZOLS,X,X
IJTZOSL,X,X
IJTOLSZ,X,X
IJTOLZS,X,X
IJTOSLZ,X,X
IJTOSZL,X,X
IJTOZLS,X,X
IJTOZSL,X,X
IJLTSZO,X,X
IJLTSOZ,X,X
IJLTZSO,X,X
IJLTZOS,X,X
IJLTOSZ,X,X
IJLTOZS,X,X
IJLSTZO,X,X
IJLSTOZ,X,X
IJLSZTO,X,X
IJLSZOT,X,O
IJLSOTZ,X,X
IJLSOZT,X,O
IJLZTSO,X,X
IJLZTOS,X,X
IJLZSTO,X,X
IJLZSOT,X,O
IJLZOTS,X,X
IJLZOST,X,O
IJLOTSZ,X,X
IJLOTZS,X,X
IJLOSTZ,X,X
IJLOSZT,X,O
IJLOZTS,X,X
IJLOZST,X,O
IJSTLZO,X,X
IJSTLOZ,X,X
IJSTZLO,X,X
IJSTZOL,X,X
IJSTOLZ,X,X
IJSTOZL,X,X
IJSLTZO,X,X
IJSLTOZ,X,X
IJSLZTO,X,X
IJSLZOT,X,O
IJSLOTZ,X,X
IJSLOZT,X,O
IJSZTLO,X,X
IJSZTOL,X,X
IJSZLTO,X,X
IJSZLOT,X,O
IJSZOTL,X,X
IJSZOLT,X,O
IJSOTLZ,X,X
IJSOTZL,X,X
IJSOLTZ,X,X
IJSOLZT,X,O
IJSOZTL,X,X
IJSOZLT,X,O
IJZTLSO,X,X
IJZTLOS,X,X
IJZTSLO,X,X
IJZTSOL,X,X
IJZTOLS,X,X
IJZTOSL,X,X
IJZLTSO,X,X
IJZLTOS,X,X
IJZLSTO,X,X
IJZLSOT,X,O
IJZLOTS,X,X
IJZLOST,X,O
IJZSTLO,X,X
IJZSTOL,X,X
IJZSLTO,X,X
IJZSLOT,X,O
IJZSOTL,X,X
IJZSOLT,X,O
IJZOTLS,X,X
IJZOTSL,X,X
IJZOLTS,X,X
IJZOLST,X,O
IJZOSTL,X,X
IJZOSLT,X,O
IJOTLSZ,X,X
IJOTLZS,X,X
IJOTSLZ,X,X
IJOTSZL,X,X
IJOTZLS,X,X
IJOTZSL,X,X
IJOLTSZ,X,X
IJOLTZS,X,X
IJOLSTZ,X,X
IJOLSZT,X,O
IJOLZTS,X,X
IJOLZST,X,O
IJOSTLZ,X,X
IJOSTZL,X,X
IJOSLTZ,X,X
IJOSLZT,X,O
IJOSZTL,X,X
IJOSZLT,X,O
IJOZTLS,X,X
IJOZTSL,X,X
IJOZLTS,X,X
IJOZLST,X,O
IJOZSTL,X,X
IJOZSLT,X,O
ISTLJZO,X,X
ISTLJOZ,X,X
ISTLZJO,X,X
ISTLZOJ,X,X
ISTLOJZ,X,X
ISTLOZJ,X,X
ISTJLZO,X,X
ISTJLOZ,X,X
ISTJZLO,X,X
ISTJZOL,X,X
ISTJOLZ,X,X
ISTJOZL,X,X
ISTZLJO,X,X
ISTZLOJ,X,X
ISTZJLO,X,X
ISTZJOL,X,X
ISTZOLJ,X,X
ISTZOJL,X,X
ISTOLJZ,X,X
ISTOLZJ,X,X
ISTOJLZ,X,X
ISTOJZL,X,X
ISTOZLJ,X,X
ISTOZJL,X,X
ISLTJZO,X,X
ISLTJOZ,X,X
ISLTZJO,X,X
ISLTZOJ,X,X
ISLTOJZ,X,X
ISLTOZJ,X,X
ISLJTZO,X,X
ISLJTOZ,X,X
ISLJZTO,X,X
ISLJZOT,O,X
ISLJOTZ,X,X
ISLJOZT,O,X
ISLZTJO,X,X
ISLZTOJ,X,X
ISLZJTO,X,X
ISLZJOT,O,X
ISLZOTJ,X,X
ISLZOJT,O,X
ISLOTJZ,X,X
ISLOTZJ,X,X
ISLOJTZ,X,X
ISLOJZT,O,X
ISLOZTJ,X,X
ISLOZJT,O,X
ISJTLZO,X,X
ISJTLOZ,X,X
ISJTZLO,X,X
ISJTZOL,X,X
ISJTOLZ,X,X
ISJTOZL,X,X
ISJLTZO,X,X
ISJLTOZ,X,X
ISJLZTO,X,X
ISJLZOT,X,O
ISJLOTZ,X,X
ISJLOZT,X,O
ISJZTLO,X,X
ISJZTOL,X,X
ISJZLTO,X,X
ISJZLOT,X,O
ISJZOTL,X,X
ISJZOLT,X,O
ISJOTLZ,X,X
ISJOTZL,X,X
ISJOLTZ,X,X
ISJOLZT,X,O
ISJOZTL,X,X
ISJOZLT,X,O
ISZTLJO,X,X
ISZTLOJ,X,X
ISZTJLO,X,X
ISZTJOL,X,X
ISZTOLJ,X,X
ISZTOJL,X,X
ISZLTJO,X,X
ISZLTOJ,X,X
ISZLJTO,X,X
ISZLJOT,O,X
ISZLOTJ,X,X
ISZLOJT,O,X
ISZJTLO,X,X
ISZJTOL,X,X
ISZJLTO,X,X
ISZJLOT,X,O
ISZJOTL,X,X
ISZJOLT,X,O
ISZOTLJ,X,X
ISZOTJL,X,X
ISZOLTJ,X,X
ISZOLJT,O,X
ISZOJTL,X,X
ISZOJLT,X,O
ISOTLJZ,X,X
ISOTLZJ,X,X
ISOTJLZ,X,X
ISOTJZL,X,X
ISOTZLJ,X,X
ISOTZJL,X,X
ISOLTJZ,X,X
ISOLTZJ,X,X
ISOLJTZ,X,X
ISOLJZT,O,X
ISOLZTJ,X,X
ISOLZJT,O,X
ISOJTLZ,X,X
ISOJTZL,X,X
ISOJLTZ,X,X
ISOJLZT,X,O
ISOJZTL,X,X
ISOJZLT,X,O
ISOZTLJ,X,X
ISOZTJL,X,X
ISOZLTJ,X,X
ISOZLJT,O,X
ISOZJTL,X,X
ISOZJLT,X,O
IZTLJSO,X,X
IZTLJOS,X,X
IZTLSJO,X,X
IZTLSOJ,X,X
IZTLOJS,X,X
IZTLOSJ,X,X
IZTJLSO,X,X
IZTJLOS,X,X
IZTJSLO,X,X
IZTJSOL,X,X
IZTJOLS,X,X
IZTJOSL,X,X
IZTSLJO,X,X
IZTSLOJ,X,X
IZTSJLO,X,X
IZTSJOL,X,X
IZTSOLJ,X,X
IZTSOJL,X,X
IZTOLJS,X,X
IZTOLSJ,X,X
IZTOJLS,X,X
IZTOJSL,X,X
IZTOSLJ,X,X
IZTOSJL,X,X
IZLTJSO,X,X
IZLTJOS,X,X
IZLTSJO,X,X
IZLTSOJ,X,X
IZLTOJS,X,X
IZLTOSJ,X,X
IZLJTSO,X,X
IZLJTOS,X,X
IZLJSTO,X,X
IZLJSOT,O,X
IZLJOTS,X,X
IZLJOST,O,X
IZLSTJO,X,X
IZLSTOJ,X,X
IZLSJTO,X,X
IZLSJOT,O,X
IZLSOTJ,X,X
IZLSOJT,O,X
IZLOTJS,X,X
IZLOTSJ,X,X
IZLOJTS,X,X
IZLOJST,O,X
IZLOSTJ,X,X
IZLOSJT,O,X
IZJTLSO,X,X
IZJTLOS,X,X
IZJTSLO,X,X
IZJTSOL,X,X
IZJTOLS,X,X
IZJTOSL,X,X
IZJLTSO,X,X
IZJLTOS,X,X
IZJLSTO,X,X
IZJLSOT,X,O
IZJLOTS,X,X
IZJLOST,X,O
IZJSTLO,X,X
IZJSTOL,X,X
IZJSLTO,X,X
IZJSLOT,X,O
IZJSOTL,X,X
IZJSOLT,X,O
IZJOTLS,X,X
IZJOTSL,X,X
IZJOLTS,X,X
IZJOLST,X,O
IZJOSTL,X,X
IZJOSLT,X,O
IZSTLJO,X,X
IZSTLOJ,X,X
IZSTJLO,X,X
IZSTJOL,X,X
IZSTOLJ,X,X
IZSTOJL,X,X
IZSLTJO,X,X
IZSLTOJ,X,X
IZSLJTO,X,X
IZSLJOT,O,X
IZSLOTJ,X,X
IZSLOJT,O,X
IZSJTLO,X,X
IZSJTOL,X,X
IZSJLTO,X,X
IZSJLOT,X,O
IZSJOTL,X,X
IZSJOLT,X,O
IZSOTLJ,X,X
IZSOTJL,X,X
IZSOLTJ,X,X
IZSOLJT,O,X
IZSOJTL,X,X
IZSOJLT,X,O
IZOTLJS,X,X
IZOTLSJ,X,X
IZOTJLS,X,X
IZOTJSL,X,X
IZOTSLJ,X,X
IZOTSJL,X,X
IZOLTJS,X,X
IZOLTSJ,X,X
IZOLJTS,X,X
IZOLJST,O,X
IZOLSTJ,X,X
IZOLSJT,O,X
IZOJTLS,X,X
IZOJTSL,X,X
IZOJLTS,X,X
IZOJLST,X,O
IZOJSTL,X,X
IZOJSLT,X,O
IZOSTLJ,X,X
IZOSTJL,X,X
IZOSLTJ,X,X
IZOSLJT,O,X
IZOSJTL,X,X
IZOSJLT,X,O
IOTLJSZ,X,X
IOTLJZS,X,X
IOTLSJZ,X,X
IOTLSZJ,X,X
IOTLZJS,X,X
IOTLZSJ,X,X
IOTJLSZ,X,X
IOTJLZS,X,X
IOTJSLZ,X,X
IOTJSZL,X,X
IOTJZLS,X,X
IOTJZSL,X,X
IOTSLJZ,X,X
IOTSLZJ,X,X
IOTSJLZ,X,X
IOTSJZL,X,X
IOTSZLJ,X,X
IOTSZJL,X,X
IOTZLJS,X,X
IOTZLSJ,X,X
IOTZJLS,X,X
IOTZJSL,X,X
IOTZSLJ,X,X
IOTZSJL,X,X
IOLTJSZ,X,X
IOLTJZS,X,X
IOLTSJZ,X,X
IOLTSZJ,X,X
IOLTZJS,X,X
IOLTZSJ,X,X
IOLJTSZ,X,X
IOLJTZS,X,X
IOLJSTZ,X,X
IOLJSZT,O,X
IOLJZTS,X,X
IOLJZST,O,X
IOLSTJZ,X,X
IOLSTZJ,X,X
IOLSJTZ,X,X
IOLSJZT,O,X
IOLSZTJ,X,X
IOLSZJT,O,X
IOLZTJS,X,X
IOLZTSJ,X,X
IOLZJTS,X,X
IOLZJST,O,X
IOLZSTJ,X,X
IOLZSJT,O,X
IOJTLSZ,X,X
IOJTLZS,X,X
IOJTSLZ,X,X
IOJTSZL,X,X
IOJTZLS,X,X
IOJTZSL,X,X
IOJLTSZ,X,X
IOJLTZS,X,X
IOJLSTZ,X,X
IOJLSZT,X,O
IOJLZTS,X,X
IOJLZST,X,O
IOJSTLZ,X,X
IOJSTZL,X,X
IOJSLTZ,X,X
IOJSLZT,X,O
IOJSZTL,X,X
IOJSZLT,X,O
IOJZTLS,X,X
IOJZTSL,X,X
IOJZLTS,X,X
IOJZLST,X,O
IOJZSTL,X,X
IOJZSLT,X,O
IOSTLJZ,X,X
IOSTLZJ,X,X
IOSTJLZ,X,X
IOSTJZL,X,X
IOSTZLJ,X,X
IOSTZJL,X,X
IOSLTJZ,X,X
IOSLTZJ,X,X
IOSLJTZ,X,X
IOSLJZT,O,X
IOSLZTJ,X,X
IOSLZJT,O,X
IOSJTLZ,X,X
IOSJTZL,X,X
IOSJLTZ,X,X
IOSJLZT,X,O
IOSJZTL,X,X
IOSJZLT,X,O
IOSZTLJ,X,X
IOSZTJL,X,X
IOSZLTJ,X,X
IOSZLJT,O,X
IOSZJTL,X,X
IOSZJLT,X,O
IOZTLJS,X,X
IOZTLSJ,X,X
IOZTJLS,X,X
IOZTJSL,X,X
IOZTSLJ,X,X
IOZTSJL,X,X
IOZLTJS,X,X
IOZLTSJ,X,X
IOZLJTS,X,X
IOZLJST,O,X
IOZLSTJ,X,X
IOZLSJT,O,X
IOZJTLS,X,X
IOZJTSL,X,X
IOZJLTS,X,X
IOZJLST,X,O
IOZJSTL,X,X
IOZJSLT,X,O
IOZSTLJ,X,X
IOZSTJL,X,X
IOZSLTJ,X,X
IOZSLJT,O,X
IOZSJTL,X,X
IOZSJLT,X,O
LTIJSZO,X,X
LTIJSOZ,X,X
LTIJZSO,X,X
LTIJZOS,X,X
LTIJOSZ,X,X
LTIJOZS,X,X
LTISJZO,X,X
LTISJOZ,X,X
LTISZJO,X,X
LTISZOJ,X,X
LTISOJZ,X,X
LTISOZJ,X,X
LTIZJSO,X,X
LTIZJOS,X,X
LTIZSJO,X,X
LTIZSOJ,X,X
LTIZOJS,X,X
LTIZOSJ,X,X
LTIOJSZ,X,X
LTIOJZS,X,X
LTIOSJZ,X,X
LTIOSZJ,X,X
LTIOZJS,X,X
LTIOZSJ,X,X
LTJISZO,X,X
LTJISOZ,X,X
LTJIZSO,X,X
LTJIZOS,X,X
LTJIOSZ,X,X
LTJIOZS,X,X
LTJSIZO,X,X
LTJSIOZ,X,X
LTJSZIO,X,X
LTJSZOI,X,X
LTJSOIZ,X,X
LTJSOZI,X,X
LTJZISO,X,X
LTJZIOS,X,X
LTJZSIO,X,X
LTJZSOI,X,X
LTJZOIS,X,X
LTJZOSI,X,X
LTJOISZ,X,X
LTJOIZS,X,X
LTJOSIZ,X,X
LTJOSZI,X,X
LTJOZIS,X,X
LTJOZSI,X,X
LTSIJZO,X,X
LTSIJOZ,X,X
LTSIZJO,X,X
LTSIZOJ,X,X
LTSIOJZ,X,X
LTSIOZJ,X,X
LTSJIZO,X,X
LTSJIOZ,X,X
LTSJZIO,X,X
LTSJZOI,X,X
LTSJOIZ,X,X
LTSJOZI,X,X
LTSZIJO,X,X
LTSZIOJ,X,X
LTSZJIO,X,X
LTSZJOI,X,X
LTSZOIJ,X,X
LTSZOJI,X,X
LTSOIJZ,X,X
LTSOIZJ,X,X
LTSOJIZ,X,X
LTSOJZI,X,X
LTSOZIJ,X,X
LTSOZJI,X,X
LTZIJSO,X,X
LTZIJOS,X,X
LTZISJO,X,X
LTZISOJ,X,X
LTZIOJS,X,X
LTZIOSJ,X,X
LTZJISO,X,X
LTZJIOS,X,X
LTZJSIO,X,X
LTZJSOI,X,X
LTZJOIS,X,X
LTZJOSI,X,X
LTZSIJO,X,X
LTZSIOJ,X,X
LTZSJIO,X,X
LTZSJOI,X,X
LTZSOIJ,X,X
LTZSOJI,X,X
LTZOIJS,X,X
LTZOISJ,X,X
LTZOJIS,X,X
LTZOJSI,X,X
LTZOSIJ,X,X
LTZOSJI,X,X
LTOIJSZ,X,X
LTOIJZS,X,X
LTOISJZ,X,X
LTOISZJ,X,X
LTOIZJS,X,X
LTOIZSJ,X,X
LTOJISZ,X,X
LTOJIZS,X,X
LTOJSIZ,X,X
LTOJSZI,X,X
LTOJZIS,X,X
LTOJZSI,X,X
LTOSIJZ,X,X
LTOSIZJ,X,X
LTOSJIZ,X,X
LTOSJZI,X,X
LTOSZIJ,X,X
LTOSZJI,X,X
LTOZIJS,X,X
LTOZISJ,X,X
LTOZJIS,X,X
LTOZJSI,X,X
LTOZSIJ,X,X
LTOZSJI,X,X
LITJSZO,X,X
LITJSOZ,X,X
LITJZSO,X,X
LITJZOS,X,X
LITJOSZ,X,X
LITJOZS,X,X
LITSJZO,X,X
LITSJOZ,X,X
LITSZJO,X,X
LITSZOJ,X,X
LITSOJZ,X,X
LITSOZJ,X,X
LITZJSO,X,X
LITZJOS,X,X
LITZSJO,X,X
LITZSOJ,X,X
LITZOJS,X,X
LITZOSJ,X,X
LITOJSZ,X,X
LITOJZS,X,X
LITOSJZ,X,X
LITOSZJ,X,X
LITOZJS,X,X
LITOZSJ,X,X
LIJTSZO,X,X
LIJTSOZ,X,X
LIJTZSO,X,X
LIJTZOS,X,X
LIJTOSZ,X,X
LIJTOZS,X,X
LIJSTZO,X,X
LIJSTOZ,X,X
LIJSZTO,X,X
LIJSZOT,O,X
LIJSOTZ,X,X
LIJSOZT,O,X
LIJZTSO,X,X
LIJZTOS,X,X
LIJZSTO,X,X
LIJZSOT,O,X
LIJZOTS,X,X
LIJZOST,O,X
LIJOTSZ,X,X
LIJOTZS,X,X
LIJOSTZ,X,X
LIJOSZT,O,X
LIJOZTS,X,X
LIJOZST,O,X
LISTJZO,X,X
LISTJOZ,X,X
LISTZJO,X,X
LISTZOJ,X,X
LISTOJZ,X,X
LISTOZJ,X,X
LISJTZO,X,X
LISJTOZ,X,X
LISJZTO,X,X
LISJZOT,O,X
LISJOTZ,X,X
LISJOZT,O,X
LISZTJO,X,X
LISZTOJ,X,X
LISZJTO,X,X
LISZJOT,O,X
LISZOTJ,X,X
LISZOJT,O,X
LISOTJZ,X,X
LISOTZJ,X,X
LISOJTZ,X,X
LISOJZT,O,X
LISOZTJ,X,X
LISOZJT,O,X
LIZTJSO,X,X
LIZTJOS,X,X
LIZTSJO,X,X
LIZTSOJ,X,X
LIZTOJS,X,X
LIZTOSJ,X,X
LIZJTSO,X,X
LIZJTOS,X,X
LIZJSTO,X,X
LIZJSOT,O,X
LIZJOTS,X,X
LIZJOST,O,X
LIZSTJO,X,X
LIZSTOJ,X,X
LIZSJTO,X,X
LIZSJOT,O,X
LIZSOTJ,X,X
LIZSOJT,O,X
LIZOTJS,X,X
LIZOTSJ,X,X
LIZOJTS,X,X
LIZOJST,O,X
LIZOSTJ,X,X
LIZOSJT,O,X
LIOTJSZ,X,X
LIOTJZS,X,X
LIOTSJZ,X,X
LIOTSZJ,X,X
LIOTZJS,X,X
LIOTZSJ,X,X
LIOJTSZ,X,X
LIOJTZS,X,X
LIOJSTZ,X,X
LIOJSZT,O,X
LIOJZTS,X,X
LIOJZST,O,X
LIOSTJZ,X,X
LIOSTZJ,X,X
LIOSJTZ,X,X
LIOSJZT,O,X
LIOSZTJ,X,X
LIOSZJT,O,X
LIOZTJS,X,X
LIOZTSJ,X,X
LIOZJTS,X,X
LIOZJST,O,X
LIOZSTJ,X,X
LIOZSJT,O,X
LJTISZO,X,X
LJTISOZ,X,X
LJTIZSO,X,X
LJTIZOS,X,X
LJTIOSZ,X,X
LJTIOZS,X,X
LJTSIZO,X,X
LJTSIOZ,X,X
LJTSZIO,X,X
LJTSZOI,X,X
LJTSOIZ,X,X
LJTSOZI,X,X
LJTZISO,X,X
LJTZIOS,X,X
LJTZSIO,X,X
LJTZSOI,X,X
LJTZOIS,X,X
LJTZOSI,X,X
LJTOISZ,X,X
LJTOIZS,X,X
LJTOSIZ,X,X
LJTOSZI,X,X
LJTOZIS,X,X
LJTOZSI,X,X
LJITSZO,X,X
LJITSOZ,X,X
LJITZSO,X,X
LJITZOS,X,X
LJITOSZ,X,X
LJITOZS,X,X
LJISTZO,X,X
LJISTOZ,X,X
LJISZTO,X,X
LJISZOT,O,X
LJISOTZ,X,X
LJISOZT,O,X
LJIZTSO,X,X
LJIZTOS,X,X
LJIZSTO,X,X
LJIZSOT,O,X
LJIZOTS,X,X
LJIZOST,O,X
LJIOTSZ,X,X
LJIOTZS,X,X
LJIOSTZ,X,X
LJIOSZT,O,X
LJIOZTS,X,X
LJIOZST,O,X
LJSTIZO,X,X
LJSTIOZ,X,X
LJSTZIO,X,X
LJSTZOI,X,X
LJSTOIZ,X,X
LJSTOZI,X,X
LJSITZO,X,X
LJSITOZ,X,X
LJSIZTO,X,X
LJSIZOT,O,X
LJSIOTZ,X,X
LJSIOZT,O,X
LJSZTIO,X,X
LJSZTOI,X,X
LJSZITO,X,X
LJSZIOT,O,X
LJSZOTI,X,X
LJSZOIT,O,X
LJSOTIZ,X,X
LJSOTZI,X,X
LJSOITZ,X,X
LJSOIZT,O,X
LJSOZTI,X,X
LJSOZIT,O,X
LJZTISO,X,X
LJZTIOS,X,X
LJZTSIO,X,X
LJZTSOI,X,X
LJZTOIS,X,X
LJZTOSI,X,X
LJZITSO,X,X
LJZITOS,X,X
LJZISTO,X,X
LJZISOT,O,X
LJZIOTS,X,X
LJZIOST,O,X
LJZSTIO,X,X
LJZSTOI,X,X
LJZSITO,X,X
LJZSIOT,O,X
LJZSOTI,X,X
LJZSOIT,O,X
LJZOTIS,X,X
LJZOTSI,X,X
LJZOITS,X,X
LJZOIST,O,X
LJZOSTI,X,X
LJZOSIT,O,X
LJOTISZ,X,X
LJOTIZS,X,X
LJOTSIZ,X,X
LJOTSZI,X,X
LJOTZIS,X,X
LJOTZSI,X,X
LJOITSZ,X,X
LJOITZS,X,X
LJOISTZ,X,X
LJOISZT,O,X
LJOIZTS,X,X
LJOIZST,O,X
LJOSTIZ,X,X
LJOSTZI,X,X
LJOSITZ,X,X
LJOSIZT,O,X
LJOSZTI,X,X
LJOSZIT,O,X
LJOZTIS,X,X
LJOZTSI,X,X
LJOZITS,X,X
LJOZIST,O,X
LJOZSTI,X,X
LJOZSIT,O,X
LSTIJZO,X,X
LSTIJOZ,X,X
LSTIZJO,X,X
LSTIZOJ,X,X
LSTIOJZ,X,X
LSTIOZJ,X,X
LSTJIZO,X,X
LSTJIOZ,X,X
LSTJZIO,X,X
LSTJZOI,X,X
LSTJOIZ,X,X
LSTJOZI,X,X
LSTZIJO,X,X
LSTZIOJ,X,X
LSTZJIO,X,X
LSTZJOI,X,X
LSTZOIJ,X,X
LSTZOJI,X,X
LSTOIJZ,X,X
LSTOIZJ,X,X
LSTOJIZ,X,X
LSTOJZI,X,X
LSTOZIJ,X,X
LSTOZJI,X,X
LSITJZO,X,X
LSITJOZ,X,X
LSITZJO,X,X
LSITZOJ,X,X
LSITOJZ,X,X
LSITOZJ,X,X
LSIJTZO,X,X
LSIJTOZ,X,X
LSIJZTO,X,X
LSIJZOT,O,X
LSIJOTZ,X,X
LSIJOZT,O,X
LSIZTJO,X,X
LSIZTOJ,X,X
LSIZJTO,X,X
LSIZJOT,O,X
LSIZOTJ,X,X
LSIZOJT,O,X
LSIOTJZ,X,X
LSIOTZJ,X,X
LSIOJTZ,X,X
LSIOJZT,O,X
LSIOZTJ,X,X
LSIOZJT,O,X
LSJTIZO,X,X
LSJTIOZ,X,X
LSJTZIO,X,X
LSJTZOI,X,X
LSJTOIZ,X,X
LSJTOZI,X,X
LSJITZO,X,X
LSJITOZ,X,X
LSJIZTO,X,X
LSJIZOT,O,X
LSJIOTZ,X,X
LSJIOZT,O,X
LSJZTIO,X,X
LSJZTOI,X,X
LSJZITO,X,X
LSJZIOT,O,X
LSJZOTI,X,X
LSJZOIT,O,X
LSJOTIZ,X,X
LSJOTZI,X,X
LSJOITZ,X,X
LSJOIZT,O,X
LSJOZTI,X,X
LSJOZIT,O,X
LSZTIJO,X,X
LSZTIOJ,X,X
LSZTJIO,X,X
LSZTJOI,X,X
LSZTOIJ,X,X
LSZTOJI,X,X
LSZITJO,X,X
LSZITOJ,X,X
LSZIJTO,X,X
LSZIJOT,O,X
LSZIOTJ,X,X
LSZIOJT,O,X
LSZJTIO,X,X
LSZJTOI,X,X
LSZJITO,X,X
LSZJIOT,O,X
LSZJOTI,X,X
LSZJOIT,O,X
LSZOTIJ,X,X
LSZOTJI,X,X
LSZOITJ,X,X
LSZOIJT,O,X
LSZOJTI,X,X
LSZOJIT,O,X
LSOTIJZ,X,X
LSOTIZJ,X,X
LSOTJIZ,X,X
LSOTJZI,X,X
LSOTZIJ,X,X
LSOTZJI,X,X
LSOITJZ,X,X
LSOITZJ,X,X
LSOIJTZ,X,X
LSOIJZT,O,X
LSOIZTJ,X,X
LSOIZJT,O,X
LSOJTIZ,X,X
LSOJTZI,X,X
LSOJITZ,X,X
LSOJIZT,O,X
LSOJZTI,X,X
LSOJZIT,O,X
LSOZTIJ,X,X
LSOZTJI,X,X
LSOZITJ,X,X
LSOZIJT,O,X
LSOZJTI,X,X
LSOZJIT,O,X
LZTIJSO,X,X
LZTIJOS,X,X
LZTISJO,X,X
LZTISOJ,X,X
LZTIOJS,X,X
LZTIOSJ,X,X
LZTJISO,X,X
LZTJIOS,X,X
LZTJSIO,X,X
LZTJSOI,X,X
LZTJOIS,X,X
LZTJOSI,X,X
LZTSIJO,X,X
LZTSIOJ,X,X
LZTSJIO,X,X
LZTSJOI,X,X
LZTSOIJ,X,X
LZTSOJI,X,X
LZTOIJS,X,X
LZTOISJ,X,X
LZTOJIS,X,X
LZTOJSI,X,X
LZTOSIJ,X,X
LZTOSJI,X,X
LZITJSO,X,X
LZITJOS,X,X
LZITSJO,X,X
LZITSOJ,X,X
LZITOJS,X,X
LZITOSJ,X,X
LZIJTSO,X,X
LZIJTOS,X,X
LZIJSTO,X,X
LZIJSOT,O,X
LZIJOTS,X,X
LZIJOST,O,X
LZISTJO,X,X
LZISTOJ,X,X
LZISJTO,X,X
LZISJOT,O,X
LZISOTJ,X,X
LZISOJT,O,X
LZIOTJS,X,X
LZIOTSJ,X,X
LZIOJTS,X,X
LZIOJST,O,X
LZIOSTJ,X,X
LZIOSJT,O,X
LZJTISO,X,X
LZJTIOS,X,X
LZJTSIO,X,X
LZJTSOI,X,X
LZJTOIS,X,X
LZJTOSI,X,X
LZJITSO,X,X
LZJITOS,X,X
LZJISTO,X,X
LZJISOT,O,X
LZJIOTS,X,X
LZJIOST,O,X
LZJSTIO,X,X
LZJSTOI,X,X
LZJSITO,X,X
LZJSIOT,O,X
LZJSOTI,X,X
LZJSOIT,O,X
LZJOTIS,X,X
LZJOTSI,X,X
LZJOITS,X,X
LZJOIST,O,X
LZJOSTI,X,X
LZJOSIT,O,X
LZSTIJO,X,X
LZSTIOJ,X,X
LZSTJIO,X,X
LZSTJOI,X,X
LZSTOIJ,X,X
LZSTOJI,X,X
LZSITJO,X,X
LZSITOJ,X,X
LZSIJTO,X,X
LZSIJOT,O,X
LZSIOTJ,X,X
LZSIOJT,O,X
LZSJTIO,X,X
LZSJTOI,X,X
LZSJITO,X,X
LZSJIOT,O,X
LZSJOTI,X,X
LZSJOIT,O,X
LZSOTIJ,X,X
LZSOTJI,X,X
LZSOITJ,X,X
LZSOIJT,O,X
LZSOJTI,X,X
LZSOJIT,O,X
LZOTIJS,X,X
LZOTISJ,X,X
LZOTJIS,X,X
LZOTJSI,X,X
LZOTSIJ,X,X
LZOTSJI,X,X
LZOITJS,X,X
LZOITSJ,X,X
LZOIJTS,X,X
LZOIJST,O,X
LZOISTJ,X,X
LZOISJT,O,X
LZOJTIS,X,X
LZOJTSI,X,X
LZOJITS,X,X
LZOJIST,O,X
LZOJSTI,X,X
LZOJSIT,O,X
LZOSTIJ,X,X
LZOSTJI,X,X
LZOSITJ,X,X
LZOSIJT,O,X
LZOSJTI,X,X
LZOSJIT,O,X
LOTIJSZ,X,X
LOTIJZS,X,X
LOTISJZ,X,X
LOTISZJ,X,X
LOTIZJS,X,X
LOTIZSJ,X,X
LOTJISZ,X,X
LOTJIZS,X,X
LOTJSIZ,X,X
LOTJSZI,X,X
LOTJZIS,X,X
LOTJZSI,X,X
LOTSIJZ,X,X
LOTSIZJ,X,X
LOTSJIZ,X,X
LOTSJZI,X,X
LOTSZIJ,X,X
LOTSZJI,X,X
LOTZIJS,X,X
LOTZISJ,X,X
LOTZJIS,X,X
LOTZJSI,X,X
LOTZSIJ,X,X
LOTZSJI,X,X
LOITJSZ,X,X
LOITJZS,X,X
LOITSJZ,X,X
LOITSZJ,X,X
LOITZJS,X,X
LOITZSJ,X,X
LOIJTSZ,X,X
LOIJTZS,X,X
LOIJSTZ,X,X
LOIJSZT,O,X
LOIJZTS,X,X
LOIJZST,O,X
LOISTJZ,X,X
LOISTZJ,X,X
LOISJTZ,X,X
LOISJZT,O,X
LOISZTJ,X,X
LOISZJT,O,X
LOIZTJS,X,X
LOIZTSJ,X,X
LOIZJTS,X,X
LOIZJST,O,X
LOIZSTJ,X,X
LOIZSJT,O,X
LOJTISZ,X,X
LOJTIZS,X,X
LOJTSIZ,X,X
LOJTSZI,X,X
LOJTZIS,X,X
LOJTZSI,X,X
LOJITSZ,X,X
LOJITZS,X,X
LOJISTZ,X,X
LOJISZT,O,X
LOJIZTS,X,X
LOJIZST,O,X
LOJSTIZ,X,X
LOJSTZI,X,X
LOJSITZ,X,X
LOJSIZT,O,X
LOJSZTI,X,X
LOJSZIT,O,X
LOJZTIS,X,X
LOJZTSI,X,X
LOJZITS,X,X
LOJZIST,O,X
LOJZSTI,X,X
LOJZSIT,O,X
LOSTIJZ,X,X
LOSTIZJ,X,X
LOSTJIZ,X,X
LOSTJZI,X,X
LOSTZIJ,X,X
LOSTZJI,X,X
LOSITJZ,X,X
LOSITZJ,X,X
LOSIJTZ,X,X
LOSIJZT,O,X
LOSIZTJ,X,X
LOSIZJT,O,X
LOSJTIZ,X,X
LOSJTZI,X,X
LOSJITZ,X,X
LOSJIZT,O,X
LOSJZTI,X,X
LOSJZIT,O,X
LOSZTIJ,X,X
LOSZTJI,X,X
LOSZITJ,X,X
LOSZIJT,O,X
LOSZJTI,X,X
LOSZJIT,O,X
LOZTIJS,X,X
LOZTISJ,X,X
LOZTJIS,X,X
LOZTJSI,X,X
LOZTSIJ,X,X
LOZTSJI,X,X
LOZITJS,X,X
LOZITSJ,X,X
LOZIJTS,X,X
LOZIJST,O,X
LOZISTJ,X,X
LOZISJT,O,X
LOZJTIS,X,X
LOZJTSI,X,X
LOZJITS,X,X
LOZJIST,O,X
LOZJSTI,X,X
LOZJSIT,O,X
LOZSTIJ,X,X
LOZSTJI,X,X
LOZSITJ,X,X
LOZSIJT,O,X
LOZSJTI,X,X
LOZSJIT,O,X
JTILSZO,X,X
JTILSOZ,X,X
JTILZSO,X,X
JTILZOS,X,X
JTILOSZ,X,X
JTILOZS,X,X
JTISLZO,X,X
JTISLOZ,X,X
JTISZLO,X,X
JTISZOL,X,X
JTISOLZ,X,X
JTISOZL,X,X
JTIZLSO,X,X
JTIZLOS,X,X
JTIZSLO,X,X
JTIZSOL,X,X
JTIZOLS,X,X
JTIZOSL,X,X
JTIOLSZ,X,X
JTIOLZS,X,X
JTIOSLZ,X,X
JTIOSZL,X,X
JTIOZLS,X,X
JTIOZSL,X,X
JTLISZO,X,X
JTLISOZ,X,X
JTLIZSO,X,X
JTLIZOS,X,X
JTLIOSZ,X,X
JTLIOZS,X,X
JTLSIZO,X,X
JTLSIOZ,X,X
JTLSZIO,X,X
JTLSZOI,X,X
JTLSOIZ,X,X
JTLSOZI,X,X
JTLZISO,X,X
JTLZIOS,X,X
JTLZSIO,X,X
JTLZSOI,X,X
JTLZOIS,X,X
JTLZOSI,X,X
JTLOISZ,X,X
JTLOIZS,X,X
JTLOSIZ,X,X
JTLOSZI,X,X
JTLOZIS,X,X
JTLOZSI,X,X
JTSILZO,X,X
JTSILOZ,X,X
JTSIZLO,X,X
JTSIZOL,X,X
JTSIOLZ,X,X
JTSIOZL,X,X
JTSLIZO,X,X
JTSLIOZ,X,X
JTSLZIO,X,X
JTSLZOI,X,X
JTSLOIZ,X,X
JTSLOZI,X,X
JTSZILO,X,X
JTSZIOL,X,X
JTSZLIO,X,X
JTSZLOI,X,X
JTSZOIL,X,X
JTSZOLI,X,X
JTSOILZ,X,X
JTSOIZL,X,X
JTSOLIZ,X,X
JTSOLZI,X,X
JTSOZIL,X,X
JTSOZLI,X,X
JTZILSO,X,X
JTZILOS,X,X
JTZISLO,X,X
JTZISOL,X,X
JTZIOLS,X,X
JTZIOSL,X,X
JTZLISO,X,X
JTZLIOS,X,X
JTZLSIO,X,X
JTZLSOI,X,X
JTZLOIS,X,X
JTZLOSI,X,X
JTZSILO,X,X
JTZSIOL,X,X
JTZSLIO,X,X
JTZSLOI,X,X
JTZSOIL,X,X
JTZSOLI,X,X
JTZOILS,X,X
JTZOISL,X,X
JTZOLIS,X,X
JTZOLSI,X,X
JTZOSIL,X,X
JTZOSLI,X,X
JTOILSZ,X,X
JTOILZS,X,X
JTOISLZ,X,X
JTOISZL,X,X
JTOIZLS,X,X
JTOIZSL,X,X
JTOLISZ,X,X
JTOLIZS,X,X
JTOLSIZ,X,X
JTOLSZI,X,X
JTOLZIS,X,X
JTOLZSI,X,X
JTOSILZ,X,X
JTOSIZL,X,X
JTOSLIZ,X,X
JTOSLZI,X,X
JTOSZIL,X,X
JTOSZLI,X,X
JTOZILS,X,X
JTOZISL,X,X
JTOZLIS,X,X
JTOZLSI,X,X
JTOZSIL,X,X
JTOZSLI,X,X
JITLSZO,X,X
JITLSOZ,X,X
JITLZSO,X,X
JITLZOS,X,X
JITLOSZ,X,X
JITLOZS,X,X
JITSLZO,X,X
JITSLOZ,X,X
JITSZLO,X,X
JITSZOL,X,X
JITSOLZ,X,X
JITSOZL,X,X
JITZLSO,X,X
JITZLOS,X,X
JITZSLO,X,X
JITZSOL,X,X
JITZOLS,X,X
JITZOSL,X,X
JITOLSZ,X,X
JITOLZS,X,X
JITOSLZ,X,X
JITOSZL,X,X
JITOZLS,X,X
JITOZSL,X,X
JILTSZO,X,X
JILTSOZ,X,X
JILTZSO,X,X
JILTZOS,X,X
JILTOSZ,X,X
JILTOZS,X,X
JILSTZO,X,X
JILSTOZ,X,X
JILSZTO,X,X
JILSZOT,X,O
JILSOTZ,X,X
JILSOZT,X,O
JILZTSO,X,X
JILZTOS,X,X
JILZSTO,X,X
JILZSOT,X,O
JILZOTS,X,X
JILZOST,X,O
JILOTSZ,X,X
JILOTZS,X,X
JILOSTZ,X,X
JILOSZT,X,O
JILOZTS,X,X
JILOZST,X,O
JISTLZO,X,X
JISTLOZ,X,X
JISTZLO,X,X
JISTZOL,X,X
JISTOLZ,X,X
JISTOZL,X,X
JISLTZO,X,X
JISLTOZ,X,X
JISLZTO,X,X
JISLZOT,X,O
JISLOTZ,X,X
JISLOZT,X,O
JISZTLO,X,X
JISZTOL,X,X
JISZLTO,X,X
JISZLOT,X,O
JISZOTL,X,X
JISZOLT,X,O
JISOTLZ,X,X
JISOTZL,X,X
JISOLTZ,X,X
JISOLZT,X,O
JISOZTL,X,X
JISOZLT,X,O
JIZTLSO,X,X
JIZTLOS,X,X
JIZTSLO,X,X
JIZTSOL,X,X
JIZTOLS,X,X
JIZTOSL,X,X
JIZLTSO,X,X
JIZLTOS,X,X
JIZLSTO,X,X
JIZLSOT,X,O
JIZLOTS,X,X
JIZLOST,X,O
JIZSTLO,X,X
JIZSTOL,X,X
JIZSLTO,X,X
JIZSLOT,X,O
JIZSOTL,X,X
JIZSOLT,X,O
JIZOTLS,X,X
JIZOTSL,X,X
JIZOLTS,X,X
JIZOLST,X,O
JIZOSTL,X,X
JIZOSLT,X,O
JIOTLSZ,X,X
JIOTLZS,X,X
JIOTSLZ,X,X
JIOTSZL,X,X
JIOTZLS,X,X
JIOTZSL,X,X
JIOLTSZ,X,X
JIOLTZS,X,X
JIOLSTZ,X,X
JIOLSZT,X,O
JIOLZTS,X,X
JIOLZST,X,O
JIOSTLZ,X,X
JIOSTZL,X,X
JIOSLTZ,X,X
JIOSLZT,X,O
JIOSZTL,X,X
JIOSZLT,X,O
JIOZTLS,X,X
JIOZTSL,X,X
JIOZLTS,X,X
JIOZLST,X,O
JIOZSTL,X,X
JIOZSLT,X,O
JLTISZO,X,X
JLTISOZ,X,X
JLTIZSO,X,X
JLTIZOS,X,X
JLTIOSZ,X,X
JLTIOZS,X,X
JLTSIZO,X,X
JLTSIOZ,X,X
JLTSZIO,X,X
JLTSZOI,X,X
JLTSOIZ,X,X
JLTSOZI,X,X
JLTZISO,X,X
JLTZIOS,X,X
JLTZSIO,X,X
JLTZSOI,X,X
JLTZOIS,X,X
JLTZOSI,X,X
JLTOISZ,X,X
JLTOIZS,X,X
JLTOSIZ,X,X
JLTOSZI,X,X
JLTOZIS,X,X
JLTOZSI,X,X
JLITSZO,X,X
JLITSOZ,X,X
JLITZSO,X,X
JLITZOS,X,X
JLITOSZ,X,X
JLITOZS,X,X
JLISTZO,X,X
JLISTOZ,X,X
JLISZTO,X,X
JLISZOT,X,O
JLISOTZ,X,X
JLISOZT,X,O
JLIZTSO,X,X
JLIZTOS,X,X
JLIZSTO,X,X
JLIZSOT,X,O
JLIZOTS,X,X
JLIZOST,X,O
JLIOTSZ,X,X
JLIOTZS,X,X
JLIOSTZ,X,X
JLIOSZT,X,O
JLIOZTS,X,X
JLIOZST,X,O
JLSTIZO,X,X
JLSTIOZ,X,X
JLSTZIO,X,X
JLSTZOI,X,X
JLSTOIZ,X,X
JLSTOZI,X,X
JLSITZO,X,X
JLSITOZ,X,X
JLSIZTO,X,X
JLSIZOT,X,O
JLSIOTZ,X,X
JLSIOZT,X,O
JLSZTIO,X,X
JLSZTOI,X,X
JLSZITO,X,X
JLSZIOT,X,O
JLSZOTI,X,X
JLSZOIT,X,O
JLSOTIZ,X,X
JLSOTZI,X,X
JLSOITZ,X,X
JLSOIZT,X,O
JLSOZTI,X,X
JLSOZIT,X,O
JLZTISO,X,X
JLZTIOS,X,X
JLZTSIO,X,X
JLZTSOI,X,X
JLZTOIS,X,X
JLZTOSI,X,X
JLZITSO,X,X
JLZITOS,X,X
JLZISTO,X,X
JLZISOT,X,O
JLZIOTS,X,X
JLZIOST,X,O
JLZSTIO,X,X
JLZSTOI,X,X
JLZSITO,X,X
JLZSIOT,X,O
JLZSOTI,X,X
JLZSOIT,X,O
JLZOTIS,X,X
JLZOTSI,X,X
JLZOITS,X,X
JLZOIST,X,O
JLZOSTI,X,X
JLZOSIT,X,O
JLOTISZ,X,X
JLOTIZS,X,X
JLOTSIZ,X,X
JLOTSZI,X,X
JLOTZIS,X,X
JLOTZSI,X,X
JLOITSZ,X,X
JLOITZS,X,X
JLOISTZ,X,X
JLOISZT,X,O
JLOIZTS,X,X
JLOIZST,X,O
JLOSTIZ,X,X
JLOSTZI,X,X
JLOSITZ,X,X
JLOSIZT,X,O
JLOSZTI,X,X
JLOSZIT,X,O
JLOZTIS,X,X
JLOZTSI,X,X
JLOZITS,X,X
JLOZIST,X,O
JLOZSTI,X,X
JLOZSIT,X,O
JSTILZO,X,X
JSTILOZ,X,X
JSTIZLO,X,X
JSTIZOL,X,X
JSTIOLZ,X,X
JSTIOZL,X,X
JSTLIZO,X,X
JSTLIOZ,X,X
JSTLZIO,X,X
JSTLZOI,X,X
JSTLOIZ,X,X
JSTLOZI,X,X
JSTZILO,X,X
JSTZIOL,X,X
JSTZLIO,X,X
JSTZLOI,X,X
JSTZOIL,X,X
JSTZOLI,X,X
JSTOILZ,X,X
JSTOIZL,X,X
JSTOLIZ,X,X
JSTOLZI,X,X
JSTOZIL,X,X
JSTOZLI,X,X
JSITLZO,X,X
JSITLOZ,X,X
JSITZLO,X,X
JSITZOL,X,X
JSITOLZ,X,X
JSITOZL,X,X
JSILTZO,X,X
JSILTOZ,X,X
JSILZTO,X,X
JSILZOT,X,O
JSILOTZ,X,X
JSILOZT,X,O
JSIZTLO,X,X
JSIZTOL,X,X
JSIZLTO,X,X
JSIZLOT,X,O
JSIZOTL,X,X
JSIZOLT,X,O
JSIOTLZ,X,X
JSIOTZL,X,X
JSIOLTZ,X,X
JSIOLZT,X,O
JSIOZTL,X,X
JSIOZLT,X,O
JSLTIZO,X,X
JSLTIOZ,X,X
JSLTZIO,X,X
JSLTZOI,X,X
JSLTOIZ,X,X
JSLTOZI,X,X
JSLITZO,X,X
JSLITOZ,X,X
JSLIZTO,X,X
JSLIZOT,X,O
JSLIOTZ,X,X
JSLIOZT,X,O
JSLZTIO,X,X
JSLZTOI,X,X
JSLZITO,X,X
JSLZIOT,X,O
JSLZOTI,X,X
JSLZOIT,X,O
JSLOTIZ,X,X
JSLOTZI,X,X
JSLOITZ,X,X
JSLOIZT,X,O
JSLOZTI,X,X
JSLOZIT,X,O
JSZTILO,X,X
JSZTIOL,X,X
JSZTLIO,X,X
JSZTLOI,X,X
JSZTOIL,X,X
JSZTOLI,X,X
JSZITLO,X,X
JSZITOL,X,X
JSZILTO,X,X
JSZILOT,X,O
JSZIOTL,X,X
JSZIOLT,X,O
JSZLTIO,X,X
JSZLTOI,X,X
JSZLITO,X,X
JSZLIOT,X,O
JSZLOTI,X,X
JSZLOIT,X,O
JSZOTIL,X,X
JSZOTLI,X,X
JSZOITL,X,X
JSZOILT,X,O
JSZOLTI,X,X
JSZOLIT,X,O
JSOTILZ,X,X
JSOTIZL,X,X
JSOTLIZ,X,X
JSOTLZI,X,X
JSOTZIL,X,X
JSOTZLI,X,X
JSOITLZ,X,X
JSOITZL,X,X
JSOILTZ,X,X
JSOILZT,X,O
JSOIZTL,X,X
JSOIZLT,X,O
JSOLTIZ,X,X
JSOLTZI,X,X
JSOLITZ,X,X
JSOLIZT,X,O
JSOLZTI,X,X
JSOLZIT,X,O
JSOZTIL,X,X
JSOZTLI,X,X
JSOZITL,X,X
JSOZILT,X,O
JSOZLTI,X,X
JSOZLIT,X,O
JZTILSO,X,X
JZTILOS,X,X
JZTISLO,X,X
JZTISOL,X,X
JZTIOLS,X,X
JZTIOSL,X,X
JZTLISO,X,X
JZTLIOS,X,X
JZTLSIO,X,X
JZTLSOI,X,X
JZTLOIS,X,X
JZTLOSI,X,X
JZTSILO,X,X
JZTSIOL,X,X
JZTSLIO,X,X
JZTSLOI,X,X
JZTSOIL,X,X
JZTSOLI,X,X
JZTOILS,X,X
JZTOISL,X,X
JZTOLIS,X,X
JZTOLSI,X,X
JZTOSIL,X,X
JZTOSLI,X,X
JZITLSO,X,X
JZITLOS,X,X
JZITSLO,X,X
JZITSOL,X,X
JZITOLS,X,X
JZITOSL,X,X
JZILTSO,X,X
JZILTOS,X,X
JZILSTO,X,X
JZILSOT,X,O
JZILOTS,X,X
JZILOST,X,O
JZISTLO,X,X
JZISTOL,X,X
JZISLTO,X,X
JZISLOT,X,O
JZISOTL,X,X
JZISOLT,X,O
JZIOTLS,X,X
JZIOTSL,X,X
JZIOLTS,X,X
JZIOLST,X,O
JZIOSTL,X,X
JZIOSLT,X,O
JZLTISO,X,X
JZLTIOS,X,X
JZLTSIO,X,X
JZLTSOI,X,X
JZLTOIS,X,X
JZLTOSI,X,X
JZLITSO,X,X
JZLITOS,X,X
JZLISTO,X,X
JZLISOT,X,O
JZLIOTS,X,X
JZLIOST,X,O
JZLSTIO,X,X
JZLSTOI,X,X
JZLSITO,X,X
JZLSIOT,X,O
JZLSOTI,X,X
JZLSOIT,X,O
JZLOTIS,X,X
JZLOTSI,X,X
JZLOITS,X,X
JZLOIST,X,O
JZLOSTI,X,X
JZLOSIT,X,O
JZSTILO,X,X
JZSTIOL,X,X
JZSTLIO,X,X
JZSTLOI,X,X
JZSTOIL,X,X
JZSTOLI,X,X
JZSITLO,X,X
JZSITOL,X,X
JZSILTO,X,X
JZSILOT,X,O
JZSIOTL,X,X
JZSIOLT,X,O
JZSLTIO,X,X
JZSLTOI,X,X
JZSLITO,X,X
JZSLIOT,X,O
JZSLOTI,X,X
JZSLOIT,X,O
JZSOTIL,X,X
JZSOTLI,X,X
JZSOITL,X,X
JZSOILT,X,O
JZSOLTI,X,X
JZSOLIT,X,O
JZOTILS,X,X
JZOTISL,X,X
JZOTLIS,X,X
JZOTLSI,X,X
JZOTSIL,X,X
JZOTSLI,X,X
JZOITLS,X,X
JZOITSL,X,X
JZOILTS,X,X
JZOILST,X,O
JZOISTL,X,X
JZOISLT,X,O
JZOLTIS,X,X
JZOLTSI,X,X
JZOLITS,X,X
JZOLIST,X,O
JZOLSTI,X,X
JZOLSIT,X,O
JZOSTIL,X,X
JZOSTLI,X,X
JZOSITL,X,X
JZOSILT,X,O
JZOSLTI,X,X
JZOSLIT,X,O
JOTILSZ,X,X
JOTILZS,X,X
JOTISLZ,X,X
JOTISZL,X,X
JOTIZLS,X,X
JOTIZSL,X,X
JOTLISZ,X,X
JOTLIZS,X,X
JOTLSIZ,X,X
JOTLSZI,X,X
JOTLZIS,X,X
JOTLZSI,X,X
JOTSILZ,X,X
JOTSIZL,X,X
JOTSLIZ,X,X
JOTSLZI,X,X
JOTSZIL,X,X
JOTSZLI,X,X
JOTZILS,X,X
JOTZISL,X,X
JOTZLIS,X,X
JOTZLSI,X,X
JOTZSIL,X,X
JOTZSLI,X,X
JOITLSZ,X,X
JOITLZS,X,X
JOITSLZ,X,X
JOITSZL,X,X
JOITZLS,X,X
JOITZSL,X,X
JOILTSZ,X,X
JOILTZS,X,X
JOILSTZ,X,X
JOILSZT,X,O
JOILZTS,X,X
JOILZST,X,O
JOISTLZ,X,X
JOISTZL,X,X
JOISLTZ,X,X
JOISLZT,X,O
JOISZTL,X,X
JOISZLT,X,O
JOIZTLS,X,X
JOIZTSL,X,X
JOIZLTS,X,X
JOIZLST,X,O
JOIZSTL,X,X
JOIZSLT,X,O
JOLTISZ,X,X
JOLTIZS,X,X
JOLTSIZ,X,X
JOLTSZI,X,X
JOLTZIS,X,X
JOLTZSI,X,X
JOLITSZ,X,X
JOLITZS,X,X
JOLISTZ,X,X
JOLISZT,X,O
JOLIZTS,X,X
JOLIZST,X,O
JOLSTIZ,X,X
JOLSTZI,X,X
JOLSITZ,X,X
JOLSIZT,X,O
JOLSZTI,X,X
JOLSZIT,X,O
JOLZTIS,X,X
JOLZTSI,X,X
JOLZITS,X,X
JOLZIST,X,O
JOLZSTI,X,X
JOLZSIT,X,O
JOSTILZ,X,X
JOSTIZL,X,X
JOSTLIZ,X,X
JOSTLZI,X,X
JOSTZIL,X,X
JOSTZLI,X,X
JOSITLZ,X,X
JOSITZL,X,X
JOSILTZ,X,X
JOSILZT,X,O
JOSIZTL,X,X
JOSIZLT,X,O
JOSLTIZ,X,X
JOSLTZI,X,X
JOSLITZ,X,X
JOSLIZT,X,O
JOSLZTI,X,X
JOSLZIT,X,O
JOSZTIL,X,X
JOSZTLI,X,X
JOSZITL,X,X
JOSZILT,X,O
JOSZLTI,X,X
JOSZLIT,X,O
JOZTILS,X,X
JOZTISL,X,X
JOZTLIS,X,X
JOZTLSI,X,X
JOZTSIL,X,X
JOZTSLI,X,X
JOZITLS,X,X
JOZITSL,X,X
JOZILTS,X,X
JOZILST,X,O
JOZISTL,X,X
JOZISLT,X,O
JOZLTIS,X,X
JOZLTSI,X,X
JOZLITS,X,X
JOZLIST,X,O
JOZLSTI,X,X
JOZLSIT,X,O
JOZSTIL,X,X
JOZSTLI,X,X
JOZSITL,X,X
JOZSILT,X,O
JOZSLTI,X,X
JOZSLIT,X,O
STILJZO,X,X
STILJOZ,X,X
STILZJO,X,X
STILZOJ,X,X
STILOJZ,X,X
STILOZJ,X,X
STIJLZO,X,X
STIJLOZ,X,X
STIJZLO,X,X
STIJZOL,X,X
STIJOLZ,X,X
STIJOZL,X,X
STIZLJO,X,X
STIZLOJ,X,X
STIZJLO,X,X
STIZJOL,X,X
STIZOLJ,X,X
STIZOJL,X,X
STIOLJZ,X,X
STIOLZJ,X,X
STIOJLZ,X,X
STIOJZL,X,X
STIOZLJ,X,X
STIOZJL,X,X
STLIJZO,X,X
STLIJOZ,X,X
STLIZJO,X,X
STLIZOJ,X,X
STLIOJZ,X,X
STLIOZJ,X,X
STLJIZO,X,X
STLJIOZ,X,X
STLJZIO,X,X
STLJZOI,X,X
STLJOIZ,X,X
STLJOZI,X,X
STLZIJO,X,X
STLZIOJ,X,X
STLZJIO,X,X
STLZJOI,X,X
STLZOIJ,X,X
STLZOJI,X,X
STLOIJZ,X,X
STLOIZJ,X,X
STLOJIZ,X,X
STLOJZI,X,X
STLOZIJ,X,X
STLOZJI,X,X
STJILZO,X,X
STJILOZ,X,X
STJIZLO,X,X
STJIZOL,X,X
STJIOLZ,X,X
STJIOZL,X,X
STJLIZO,X,X
STJLIOZ,X,X
STJLZIO,X,X
STJLZOI,X,X
STJLOIZ,X,X
STJLOZI,X,X
STJZILO,X,X
STJZIOL,X,X
STJZLIO,X,X
STJZLOI,X,X
STJZOIL,X,X
STJZOLI,X,X
STJOILZ,X,X
STJOIZL,X,X
STJOLIZ,X,X
STJOLZI,X,X
STJOZIL,X,X
STJOZLI,X,X
STZILJO,X,X
STZILOJ,X,X
STZIJLO,X,X
STZIJOL,X,X
STZIOLJ,X,X
STZIOJL,X,X
STZLIJO,X,X
STZLIOJ,X,X
STZLJIO,X,X
STZLJOI,X,X
STZLOIJ,X,X
STZLOJI,X,X
STZJILO,X,X
STZJIOL,X,X
STZJLIO,X,X
STZJLOI,X,X
STZJOIL,X,X
STZJOLI,X,X
STZOILJ,X,X
STZOIJL,X,X
STZOLIJ,X,X
STZOLJI,X,X
STZOJIL,X,X
STZOJLI,X,X
STOILJZ,X,X
STOILZJ,X,X
STOIJLZ,X,X
STOIJZL,X,X
STOIZLJ,X,X
STOIZJL,X,X
STOLIJZ,X,X
STOLIZJ,X,X
STOLJIZ,X,X
STOLJZI,X,X
STOLZIJ,X,X
STOLZJI,X,X
STOJILZ,X,X
STOJIZL,X,X
STOJLIZ,X,X
STOJLZI,X,X
STOJZIL,X,X
STOJZLI,X,X
STOZILJ,X,X
STOZIJL,X,X
STOZLIJ,X,X
STOZLJI,X,X
STOZJIL,X,X
STOZJLI,X,X
SITLJZO,X,X
SITLJOZ,X,X
SITLZJO,X,X
SITLZOJ,X,X
SITLOJZ,X,X
SITLOZJ,X,X
SITJLZO,X,X
SITJLOZ,X,X
SITJZLO,X,X
SITJZOL,X,X
SITJOLZ,X,X
SITJOZL,X,X
SITZLJO,X,X
SITZLOJ,X,X
SITZJLO,X,X
SITZJOL,X,X
SITZOLJ,X,X
SITZOJL,X,X
SITOLJZ,X,X
SITOLZJ,X,X
SITOJLZ,X,X
SITOJZL,X,X
SITOZLJ,X,X
SITOZJL,X,X
SILTJZO,X,X
SILTJOZ,X,X
SILTZJO,X,X
SILTZOJ,X,X
SILTOJZ,X,X
SILTOZJ,X,X
SILJTZO,X,X
SILJTOZ,X,X
SILJZTO,X,X
SILJZOT,O,X
SILJOTZ,X,X
SILJOZT,O,X
SILZTJO,X,X
SILZTOJ,X,X
SILZJTO,X,X
SILZJOT,O,X
SILZOTJ,X,X
SILZOJT,O,X
SILOTJZ,X,X
SILOTZJ,X,X
SILOJTZ,X,X
SILOJZT,O,X
SILOZTJ,X,X
SILOZJT,O,X
SIJTLZO,X,X
SIJTLOZ,X,X
SIJTZLO,X,X
SIJTZOL,X,X
SIJTOLZ,X,X
SIJTOZL,X,X
SIJLTZO,X,X
SIJLTOZ,X,X
SIJLZTO,X,X
SIJLZOT,X,O
SIJLOTZ,X,X
SIJLOZT,X,O
SIJZTLO,X,X
SIJZTOL,X,X
SIJZLTO,X,X
SIJZLOT,X,O
SIJZOTL,X,X
SIJZOLT,X,O
SIJOTLZ,X,X
SIJOTZL,X,X
SIJOLTZ,X,X
SIJOLZT,X,O
SIJOZTL,X,X
SIJOZLT,X,O
SIZTLJO,X,X
SIZTLOJ,X,X
SIZTJLO,X,X
SIZTJOL,X,X
SIZTOLJ,X,X
SIZTOJL,X,X
SIZLTJO,X,X
SIZLTOJ,X,X
SIZLJTO,X,X
SIZLJOT,O,X
SIZLOTJ,X,X
SIZLOJT,O,X
SIZJTLO,X,X
SIZJTOL,X,X
SIZJLTO,X,X
SIZJLOT,X,O
SIZJOTL,X,X
SIZJOLT,X,O
SIZOTLJ,X,X
SIZOTJL,X,X
SIZOLTJ,X,X
SIZOLJT,O,X
SIZOJTL,X,X
SIZOJLT,X,O
SIOTLJZ,X,X
SIOTLZJ,X,X
SIOTJLZ,X,X
SIOTJZL,X,X
SIOTZLJ,X,X
SIOTZJL,X,X
SIOLTJZ,X,X
SIOLTZJ,X,X
SIOLJTZ,X,X
SIOLJZT,O,X
SIOLZTJ,X,X
SIOLZJT,O,X
SIOJTLZ,X,X
SIOJTZL,X,X
SIOJLTZ,X,X
SIOJLZT,X,O
SIOJZTL,X,X
SIOJZLT,X,O
SIOZTLJ,X,X
SIOZTJL,X,X
SIOZLTJ,X,X
SIOZLJT,O,X
SIOZJTL,X,X
SIOZJLT,X,O
SLTIJZO,X,X
SLTIJOZ,X,X
SLTIZJO,X,X
SLTIZOJ,X,X
SLTIOJZ,X,X
SLTIOZJ,X,X
SLTJIZO,X,X
SLTJIOZ,X,X
SLTJZIO,X,X
SLTJZOI,X,X
SLTJOIZ,X,X
SLTJOZI,X,X
SLTZIJO,X,X
SLTZIOJ,X,X
SLTZJIO,X,X
SLTZJOI,X,X
SLTZOIJ,X,X
SLTZOJI,X,X
SLTOIJZ,X,X
SLTOIZJ,X,X
SLTOJIZ,X,X
SLTOJZI,X,X
SLTOZIJ,X,X
SLTOZJI,X,X
SLITJZO,X,X
SLITJOZ,X,X
SLITZJO,X,X
SLITZOJ,X,X
SLITOJZ,X,X
SLITOZJ,X,X
SLIJTZO,X,X
SLIJTOZ,X,X
SLIJZTO,X,X
SLIJZOT,O,X
SLIJOTZ,X,X
SLIJOZT,O,X
SLIZTJO,X,X
SLIZTOJ,X,X
SLIZJTO,X,X
SLIZJOT,O,X
SLIZOTJ,X,X
SLIZOJT,O,X
SLIOTJZ,X,X
SLIOTZJ,X,X
SLIOJTZ,X,X
SLIOJZT,O,X
SLIOZTJ,X,X
SLIOZJT,O,X
SLJTIZO,X,X
SLJTIOZ,X,X
SLJTZIO,X,X
SLJTZOI,X,X
SLJTOIZ,X,X
SLJTOZI,X,X
SLJITZO,X,X
SLJITOZ,X,X
SLJIZTO,X,X
SLJIZOT,O,X
SLJIOTZ,X,X
SLJIOZT,O,X
SLJZTIO,X,X
SLJZTOI,X,X
SLJZITO,X,X
SLJZIOT,O,X
SLJZOTI,X,X
SLJZOIT,O,X
SLJOTIZ,X,X
SLJOTZI,X,X
SLJOITZ,X,X
SLJOIZT,O,X
SLJOZTI,X,X
SLJOZIT,O,X
SLZTIJO,X,X
SLZTIOJ,X,X
SLZTJIO,X,X
SLZTJOI,X,X
SLZTOIJ,X,X
SLZTOJI,X,X
SLZITJO,X,X
SLZITOJ,X,X
SLZIJTO,X,X
SLZIJOT,O,X
SLZIOTJ,X,X
SLZIOJT,O,X
SLZJTIO,X,X
SLZJTOI,X,X
SLZJITO,X,X
SLZJIOT,O,X
SLZJOTI,X,X
SLZJOIT,O,X
SLZOTIJ,X,X
SLZOTJI,X,X
SLZOITJ,X,X
SLZOIJT,O,X
SLZOJTI,X,X
SLZOJIT,O,X
SLOTIJZ,X,X
SLOTIZJ,X,X
SLOTJIZ,X,X
SLOTJZI,X,X
SLOTZIJ,X,X
SLOTZJI,X,X
SLOITJZ,X,X
SLOITZJ,X,X
SLOIJTZ,X,X
SLOIJZT,O,X
SLOIZTJ,X,X
SLOIZJT,O,X
SLOJTIZ,X,X
SLOJTZI,X,X
SLOJITZ,X,X
SLOJIZT,O,X
SLOJZTI,X,X
SLOJZIT,O,X
SLOZTIJ,X,X
SLOZTJI,X,X
SLOZITJ,X,X
SLOZIJT,O,X
SLOZJTI,X,X
SLOZJIT,O,X
SJTILZO,X,X
SJTILOZ,X,X
SJTIZLO,X,X
SJTIZOL,X,X
SJTIOLZ,X,X
SJTIOZL,X,X
SJTLIZO,X,X
SJTLIOZ,X,X
SJTLZIO,X,X
SJTLZOI,X,X
SJTLOIZ,X,X
SJTLOZI,X,X
SJTZILO,X,X
SJTZIOL,X,X
SJTZLIO,X,X
SJTZLOI,X,X
SJTZOIL,X,X
SJTZOLI,X,X
SJTOILZ,X,X
SJTOIZL,X,X
SJTOLIZ,X,X
SJTOLZI,X,X
SJTOZIL,X,X
SJTOZLI,X,X
SJITLZO,X,X
SJITLOZ,X,X
SJITZLO,X,X
SJITZOL,X,X
SJITOLZ,X,X
SJITOZL,X,X
SJILTZO,X,X
SJILTOZ,X,X
SJILZTO,X,X
SJILZOT,X,O
SJILOTZ,X,X
SJILOZT,X,O
SJIZTLO,X,X
SJIZTOL,X,X
SJIZLTO,X,X
SJIZLOT,X,O
SJIZOTL,X,X
SJIZOLT,X,O
SJIOTLZ,X,X
SJIOTZL,X,X
SJIOLTZ,X,X
SJIOLZT,X,O
SJIOZTL,X,X
SJIOZLT,X,O
SJLTIZO,X,X
SJLTIOZ,X,X
SJLTZIO,X,X
SJLTZOI,X,X
SJLTOIZ,X,X
SJLTOZI,X,X
SJLITZO,X,X
SJLITOZ,X,X
SJLIZTO,X,X
SJLIZOT,X,O
SJLIOTZ,X,X
SJLIOZT,X,O
SJLZTIO,X,X
SJLZTOI,X,X
SJLZITO,X,X
SJLZIOT,X,O
SJLZOTI,X,X
SJLZOIT,X,O
SJLOTIZ,X,X
SJLOTZI,X,X
SJLOITZ,X,X
SJLOIZT,X,O
SJLOZTI,X,X
SJLOZIT,X,O
SJZTILO,X,X
SJZTIOL,X,X
SJZTLIO,X,X
SJZTLOI,X,X
SJZTOIL,X,X
SJZTOLI,X,X
SJZITLO,X,X
SJZITOL,X,X
SJZILTO,X,X
SJZILOT,X,O
SJZIOTL,X,X
SJZIOLT,X,O
SJZLTIO,X,X
SJZLTOI,X,X
SJZLITO,X,X
SJZLIOT,X,O
SJZLOTI,X,X
SJZLOIT,X,O
SJZOTIL,X,X
SJZOTLI,X,X
SJZOITL,X,X
SJZOILT,X,O
SJZOLTI,X,X
SJZOLIT,X,O
SJOTILZ,X,X
SJOTIZL,X,X
SJOTLIZ,X,X
SJOTLZI,X,X
SJOTZIL,X,X
SJOTZLI,X,X
SJOITLZ,X,X
SJOITZL,X,X
SJOILTZ,X,X
SJOILZT,X,O
SJOIZTL,X,X
SJOIZLT,X,O
SJOLTIZ,X,X
SJOLTZI,X,X
SJOLITZ,X,X
SJOLIZT,X,O
SJOLZTI,X,X
SJOLZIT,X,O
SJOZTIL,X,X
SJOZTLI,X,X
SJOZITL,X,X
SJOZILT,X,O
SJOZLTI,X,X
SJOZLIT,X,O
SZTILJO,X,X
SZTILOJ,X,X
SZTIJLO,X,X
SZTIJOL,X,X
SZTIOLJ,X,X
SZTIOJL,X,X
SZTLIJO,X,X
SZTLIOJ,X,X
SZTLJIO,X,X
SZTLJOI,X,X
SZTLOIJ,X,X
SZTLOJI,X,X
SZTJILO,X,X
SZTJIOL,X,X
SZTJLIO,X,X
SZTJLOI,X,X
SZTJOIL,X,X
SZTJOLI,X,X
SZTOILJ,X,X
SZTOIJL,X,X
SZTOLIJ,X,X
SZTOLJI,X,X
SZTOJIL,X,X
SZTOJLI,X,X
SZITLJO,X,X
SZITLOJ,X,X
SZITJLO,X,X
SZITJOL,X,X
SZITOLJ,X,X
SZITOJL,X,X
SZILTJO,X,X
SZILTOJ,X,X
SZILJTO,X,X
SZILJOT,O,X
SZILOTJ,X,X
SZILOJT,O,X
SZIJTLO,X,X
SZIJTOL,X,X
SZIJLTO,X,X
SZIJLOT,X,O
SZIJOTL,X,X
SZIJOLT,X,O
SZIOTLJ,X,X
SZIOTJL,X,X
SZIOLTJ,X,X
SZIOLJT,O,X
SZIOJTL,X,X
SZIOJLT,X,O
SZLTIJO,X,X
SZLTIOJ,X,X
SZLTJIO,X,X
SZLTJOI,X,X
SZLTOIJ,X,X
SZLTOJI,X,X
SZLITJO,X,X
SZLITOJ,X,X
SZLIJTO,X,X
SZLIJOT,O,X
SZLIOTJ,X,X
SZLIOJT,O,X
SZLJTIO,X,X
SZLJTOI,X,X
SZLJITO,X,X
SZLJIOT,O,X
SZLJOTI,X,X
SZLJOIT,O,X
SZLOTIJ,X,X
SZLOTJI,X,X
SZLOITJ,X,X
SZLOIJT,O,X
SZLOJTI,X,X
SZLOJIT,O,X
SZJTILO,X,X
SZJTIOL,X,X
SZJTLIO,X,X
SZJTLOI,X,X
SZJTOIL,X,X
SZJTOLI,X,X
SZJITLO,X,X
SZJITOL,X,X
SZJILTO,X,X
SZJILOT,X,O
SZJIOTL,X,X
SZJIOLT,X,O
SZJLTIO,X,X
SZJLTOI,X,X
SZJLITO,X,X
SZJLIOT,X,O
SZJLOTI,X,X
SZJLOIT,X,O
SZJOTIL,X,X
SZJOTLI,X,X
SZJOITL,X,X
SZJOILT,X,O
SZJOLTI,X,X
SZJOLIT,X,O
SZOTILJ,X,X
SZOTIJL,X,X
SZOTLIJ,X,X
SZOTLJI,X,X
SZOTJIL,X,X
SZOTJLI,X,X
SZOITLJ,X,X
SZOITJL,X,X
SZOILTJ,X,X
SZOILJT,O,X
SZOIJTL,X,X
SZOIJLT,X,O
SZOLTIJ,X,X
SZOLTJI,X,X
SZOLITJ,X,X
SZOLIJT,O,X
SZOLJTI,X,X
SZOLJIT,O,X
SZOJTIL,X,X
SZOJTLI,X,X
SZOJITL,X,X
SZOJILT,X,O
SZOJLTI,X,X
SZOJLIT,X,O
SOTILJZ,X,X
SOTILZJ,X,X
SOTIJLZ,X,X
SOTIJZL,X,X
SOTIZLJ,X,X
SOTIZJL,X,X
SOTLIJZ,X,X
SOTLIZJ,X,X
SOTLJIZ,X,X
SOTLJZI,X,X
SOTLZIJ,X,X
SOTLZJI,X,X
SOTJILZ,X,X
SOTJIZL,X,X
SOTJLIZ,X,X
SOTJLZI,X,X
SOTJZIL,X,X
SOTJZLI,X,X
SOTZILJ,X,X
SOTZIJL,X,X
SOTZLIJ,X,X
SOTZLJI,X,X
SOTZJIL,X,X
SOTZJLI,X,X
SOITLJZ,X,X
SOITLZJ,X,X
SOITJLZ,X,X
SOITJZL,X,X
SOITZLJ,X,X
SOITZJL,X,X
SOILTJZ,X,X
SOILTZJ,X,X
SOILJTZ,X,X
SOILJZT,O,X
SOILZTJ,X,X
SOILZJT,O,X
SOIJTLZ,X,X
SOIJTZL,X,X
SOIJLTZ,X,X
SOIJLZT,X,O
SOIJZTL,X,X
SOIJZLT,X,O
SOIZTLJ,X,X
SOIZTJL,X,X
SOIZLTJ,X,X
SOIZLJT,O,X
SOIZJTL,X,X
SOIZJLT,X,O
SOLTIJZ,X,X
SOLTIZJ,X,X
SOLTJIZ,X,X
SOLTJZI,X,X
SOLTZIJ,X,X
SOLTZJI,X,X
SOLITJZ,X,X
SOLITZJ,X,X
SOLIJTZ,X,X
SOLIJZT,O,X
SOLIZTJ,X,X
SOLIZJT,O,X
SOLJTIZ,X,X
SOLJTZI,X,X
SOLJITZ,X,X
SOLJIZT,O,X
SOLJZTI,X,X
SOLJZIT,O,X
SOLZTIJ,X,X
SOLZTJI,X,X
SOLZITJ,X,X
SOLZIJT,O,X
SOLZJTI,X,X
SOLZJIT,O,X
SOJTILZ,X,X
SOJTIZL,X,X
SOJTLIZ,X,X
SOJTLZI,X,X
SOJTZIL,X,X
SOJTZLI,X,X
SOJITLZ,X,X
SOJITZL,X,X
SOJILTZ,X,X
SOJILZT,X,O
SOJIZTL,X,X
SOJIZLT,X,O
SOJLTIZ,X,X
SOJLTZI,X,X
SOJLITZ,X,X
SOJLIZT,X,O
SOJLZTI,X,X
SOJLZIT,X,O
SOJZTIL,X,X
SOJZTLI,X,X
SOJZITL,X,X
SOJZILT,X,O
SOJZLTI,X,X
SOJZLIT,X,O
SOZTILJ,X,X
SOZTIJL,X,X
SOZTLIJ,X,X
SOZTLJI,X,X
SOZTJIL,X,X
SOZTJLI,X,X
SOZITLJ,X,X
SOZITJL,X,X
SOZILTJ,X,X
SOZILJT,O,X
SOZIJTL,X,X
SOZIJLT,X,O
SOZLTIJ,X,X
SOZLTJI,X,X
SOZLITJ,X,X
SOZLIJT,O,X
SOZLJTI,X,X
SOZLJIT,O,X
SOZJTIL,X,X
SOZJTLI,X,X
SOZJITL,X,X
SOZJILT,X,O
SOZJLTI,X,X
SOZJLIT,X,O
ZTILJSO,X,X
ZTILJOS,X,X
ZTILSJO,X,X
ZTILSOJ,X,X
ZTILOJS,X,X
ZTILOSJ,X,X
ZTIJLSO,X,X
ZTIJLOS,X,X
ZTIJSLO,X,X
ZTIJSOL,X,X
ZTIJOLS,X,X
ZTIJOSL,X,X
ZTISLJO,X,X
ZTISLOJ,X,X
ZTISJLO,X,X
ZTISJOL,X,X
ZTISOLJ,X,X
ZTISOJL,X,X
ZTIOLJS,X,X
ZTIOLSJ,X,X
ZTIOJLS,X,X
ZTIOJSL,X,X
ZTIOSLJ,X,X
ZTIOSJL,X,X
ZTLIJSO,X,X
ZTLIJOS,X,X
ZTLISJO,X,X
ZTLISOJ,X,X
ZTLIOJS,X,X
ZTLIOSJ,X,X
ZTLJISO,X,X
ZTLJIOS,X,X
ZTLJSIO,X,X
ZTLJSOI,X,X
ZTLJOIS,X,X
ZTLJOSI,X,X
ZTLSIJO,X,X
ZTLSIOJ,X,X
ZTLSJIO,X,X
ZTLSJOI,X,X
ZTLSOIJ,X,X
ZTLSOJI,X,X
ZTLOIJS,X,X
ZTLOISJ,X,X
ZTLOJIS,X,X
ZTLOJSI,X,X
ZTLOSIJ,X,X
ZTLOSJI,X,X
ZTJILSO,X,X
ZTJILOS,X,X
ZTJISLO,X,X
ZTJISOL,X,X
ZTJIOLS,X,X
ZTJIOSL,X,X
ZTJLISO,X,X
ZTJLIOS,X,X
ZTJLSIO,X,X
ZTJLSOI,X,X
ZTJLOIS,X,X
ZTJLOSI,X,X
ZTJSILO,X,X
ZTJSIOL,X,X
ZTJSLIO,X,X
ZTJSLOI,X,X
ZTJSOIL,X,X
ZTJSOLI,X,X
ZTJOILS,X,X
ZTJOISL,X,X
ZTJOLIS,X,X
ZTJOLSI,X,X
ZTJOSIL,X,X
ZTJOSLI,X,X
ZTSILJO,X,X
ZTSILOJ,X,X
ZTSIJLO,X,X
ZTSIJOL,X,X
ZTSIOLJ,X,X
ZTSIOJL,X,X
ZTSLIJO,X,X
ZTSLIOJ,X,X
ZTSLJIO,X,X
ZTSLJOI,X,X
ZTSLOIJ,X,X
ZTSLOJI,X,X
ZTSJILO,X,X
ZTSJIOL,X,X
ZTSJLIO,X,X
ZTSJLOI,X,X
ZTSJOIL,X,X
ZTSJOLI,X,X
ZTSOILJ,X,X
ZTSOIJL,X,X
ZTSOLIJ,X,X
ZTSOLJI,X,X
ZTSOJIL,X,X
ZTSOJLI,X,X
ZTOILJS,X,X
ZTOILSJ,X,X
ZTOIJLS,X,X
ZTOIJSL,X,X
ZTOISLJ,X,X
ZTOISJL,X,X
ZTOLIJS,X,X
ZTOLISJ,X,X
ZTOLJIS,X,X
ZTOLJSI,X,X
ZTOLSIJ,X,X
ZTOLSJI,X,X
ZTOJILS,X,X
ZTOJISL,X,X
ZTOJLIS,X,X
ZTOJLSI,X,X
ZTOJSIL,X,X
ZTOJSLI,X,X
ZTOSILJ,X,X
ZTOSIJL,X,X
ZTOSLIJ,X,X
ZTOSLJI,X,X
ZTOSJIL,X,X
ZTOSJLI,X,X
ZITLJSO,X,X
ZITLJOS,X,X
ZITLSJO,X,X
ZITLSOJ,X,X
ZITLOJS,X,X
ZITLOSJ,X,X
ZITJLSO,X,X
ZITJLOS,X,X
ZITJSLO,X,X
ZITJSOL,X,X
ZITJOLS,X,X
ZITJOSL,X,X
ZITSLJO,X,X
ZITSLOJ,X,X
ZITSJLO,X,X
ZITSJOL,X,X
ZITSOLJ,X,X
ZITSOJL,X,X
ZITOLJS,X,X
ZITOLSJ,X,X
ZITOJLS,X,X
ZITOJSL,X,X
ZITOSLJ,X,X
ZITOSJL,X,X
ZILTJSO,X,X
ZILTJOS,X,X
ZILTSJO,X,X
ZILTSOJ,X,X
ZILTOJS,X,X
ZILTOSJ,X,X
ZILJTSO,X,X
ZILJTOS,X,X
ZILJSTO,X,X
ZILJSOT,O,X
ZILJOTS,X,X
ZILJOST,O,X
ZILSTJO,X,X
ZILSTOJ,X,X
ZILSJTO,X,X
ZILSJOT,O,X
ZILSOTJ,X,X
ZILSOJT,O,X
ZILOTJS,X,X
ZILOTSJ,X,X
ZILOJTS,X,X
ZILOJST,O,X
ZILOSTJ,X,X
ZILOSJT,O,X
ZIJTLSO,X,X
ZIJTLOS,X,X
ZIJTSLO,X,X
ZIJTSOL,X,X
ZIJTOLS,X,X
ZIJTOSL,X,X
ZIJLTSO,X,X
ZIJLTOS,X,X
ZIJLSTO,X,X
ZIJLSOT,X,O
ZIJLOTS,X,X
ZIJLOST,X,O
ZIJSTLO,X,X
ZIJSTOL,X,X
ZIJSLTO,X,X
ZIJSLOT,X,O
ZIJSOTL,X,X
ZIJSOLT,X,O
ZIJOTLS,X,X
ZIJOTSL,X,X
ZIJOLTS,X,X
ZIJOLST,X,O
ZIJOSTL,X,X
ZIJOSLT,X,O
ZISTLJO,X,X
ZISTLOJ,X,X
ZISTJLO,X,X
ZISTJOL,X,X
ZISTOLJ,X,X
ZISTOJL,X,X
ZISLTJO,X,X
ZISLTOJ,X,X
ZISLJTO,X,X
ZISLJOT,O,X
ZISLOTJ,X,X
ZISLOJT,O,X
ZISJTLO,X,X
ZISJTOL,X,X
ZISJLTO,X,X
ZISJLOT,X,O
ZISJOTL,X,X
ZISJOLT,X,O
ZISOTLJ,X,X
ZISOTJL,X,X
ZISOLTJ,X,X
ZISOLJT,O,X
ZISOJTL,X,X
ZISOJLT,X,O
ZIOTLJS,X,X
ZIOTLSJ,X,X
ZIOTJLS,X,X
ZIOTJSL,X,X
ZIOTSLJ,X,X
ZIOTSJL,X,X
ZIOLTJS,X,X
ZIOLTSJ,X,X
ZIOLJTS,X,X
ZIOLJST,O,X
ZIOLSTJ,X,X
ZIOLSJT,O,X
ZIOJTLS,X,X
ZIOJTSL,X,X
ZIOJLTS,X,X
ZIOJLST,X,O
ZIOJSTL,X,X
ZIOJSLT,X,O
ZIOSTLJ,X,X
ZIOSTJL,X,X
ZIOSLTJ,X,X
ZIOSLJT,O,X
ZIOSJTL,X,X
ZIOSJLT,X,O
ZLTIJSO,X,X
ZLTIJOS,X,X
ZLTISJO,X,X
ZLTISOJ,X,X
ZLTIOJS,X,X
ZLTIOSJ,X,X
ZLTJISO,X,X
ZLTJIOS,X,X
ZLTJSIO,X,X
ZLTJSOI,X,X
ZLTJOIS,X,X
ZLTJOSI,X,X
ZLTSIJO,X,X
ZLTSIOJ,X,X
ZLTSJIO,X,X
ZLTSJOI,X,X
ZLTSOIJ,X,X
ZLTSOJI,X,X
ZLTOIJS,X,X
ZLTOISJ,X,X
ZLTOJIS,X,X
ZLTOJSI,X,X
ZLTOSIJ,X,X
ZLTOSJI,X,X
ZLITJSO,X,X
ZLITJOS,X,X
ZLITSJO,X,X
ZLITSOJ,X,X
ZLITOJS,X,X
ZLITOSJ,X,X
ZLIJTSO,X,X
ZLIJTOS,X,X
ZLIJSTO,X,X
ZLIJSOT,O,X
ZLIJOTS,X,X
ZLIJOST,O,X
ZLISTJO,X,X
ZLISTOJ,X,X
ZLISJTO,X,X
ZLISJOT,O,X
ZLISOTJ,X,X
ZLISOJT,O,X
ZLIOTJS,X,X
ZLIOTSJ,X,X
ZLIOJTS,X,X
ZLIOJST,O,X
ZLIOSTJ,X,X
ZLIOSJT,O,X
ZLJTISO,X,X
ZLJTIOS,X,X
ZLJTSIO,X,X
ZLJTSOI,X,X
ZLJTOIS,X,X
ZLJTOSI,X,X
ZLJITSO,X,X
ZLJITOS,X,X
ZLJISTO,X,X
ZLJISOT,O,X
ZLJIOTS,X,X
ZLJIOST,O,X
ZLJSTIO,X,X
ZLJSTOI,X,X
ZLJSITO,X,X
ZLJSIOT,O,X
ZLJSOTI,X,X
ZLJSOIT,O,X
ZLJOTIS,X,X
ZLJOTSI,X,X
ZLJOITS,X,X
ZLJOIST,O,X
ZLJOSTI,X,X
ZLJOSIT,O,X
ZLSTIJO,X,X
ZLSTIOJ,X,X
ZLSTJIO,X,X
ZLSTJOI,X,X
ZLSTOIJ,X,X
ZLSTOJI,X,X
ZLSITJO,X,X
ZLSITOJ,X,X
ZLSIJTO,X,X
ZLSIJOT,O,X
ZLSIOTJ,X,X
ZLSIOJT,O,X
ZLSJTIO,X,X
ZLSJTOI,X,X
ZLSJITO,X,X
ZLSJIOT,O,X
ZLSJOTI,X,X
ZLSJOIT,O,X
ZLSOTIJ,X,X
ZLSOTJI,X,X
ZLSOITJ,X,X
ZLSOIJT,O,X
ZLSOJTI,X,X
ZLSOJIT,O,X
ZLOTIJS,X,X
ZLOTISJ,X,X
ZLOTJIS,X,X
ZLOTJSI,X,X
ZLOTSIJ,X,X
ZLOTSJI,X,X
ZLOITJS,X,X
ZLOITSJ,X,X
ZLOIJTS,X,X
ZLOIJST,O,X
ZLOISTJ,X,X
ZLOISJT,O,X
ZLOJTIS,X,X
ZLOJTSI,X,X
ZLOJITS,X,X
ZLOJIST,O,X
ZLOJSTI,X,X
ZLOJSIT,O,X
ZLOSTIJ,X,X
ZLOSTJI,X,X
ZLOSITJ,X,X
ZLOSIJT,O,X
ZLOSJTI,X,X
ZLOSJIT,O,X
ZJTILSO,X,X
ZJTILOS,X,X
ZJTISLO,X,X
ZJTISOL,X,X
ZJTIOLS,X,X
ZJTIOSL,X,X
ZJTLISO,X,X
ZJTLIOS,X,X
ZJTLSIO,X,X
ZJTLSOI,X,X
ZJTLOIS,X,X
ZJTLOSI,X,X
ZJTSILO,X,X
ZJTSIOL,X,X
ZJTSLIO,X,X
ZJTSLOI,X,X
ZJTSOIL,X,X
ZJTSOLI,X,X
ZJTOILS,X,X
ZJTOISL,X,X
ZJTOLIS,X,X
ZJTOLSI,X,X
ZJTOSIL,X,X
ZJTOSLI,X,X
ZJITLSO,X,X
ZJITLOS,X,X
ZJITSLO,X,X
ZJITSOL,X,X
ZJITOLS,X,X
ZJITOSL,X,X
ZJILTSO,X,X
ZJILTOS,X,X
ZJILSTO,X,X
ZJILSOT,X,O
ZJILOTS,X,X
ZJILOST,X,O
ZJISTLO,X,X
ZJISTOL,X,X
ZJISLTO,X,X
ZJISLOT,X,O
ZJISOTL,X,X
ZJISOLT,X,O
ZJIOTLS,X,X
ZJIOTSL,X,X
ZJIOLTS,X,X
ZJIOLST,X,O
ZJIOSTL,X,X
ZJIOSLT,X,O
ZJLTISO,X,X
ZJLTIOS,X,X
ZJLTSIO,X,X
ZJLTSOI,X,X
ZJLTOIS,X,X
ZJLTOSI,X,X
ZJLITSO,X,X
ZJLITOS,X,X
ZJLISTO,X,X
ZJLISOT,X,O
ZJLIOTS,X,X
ZJLIOST,X,O
ZJLSTIO,X,X
ZJLSTOI,X,X
ZJLSITO,X,X
ZJLSIOT,X,O
ZJLSOTI,X,X
ZJLSOIT,X,O
ZJLOTIS,X,X
ZJLOTSI,X,X
ZJLOITS,X,X
ZJLOIST,X,O
ZJLOSTI,X,X
ZJLOSIT,X,O
ZJSTILO,X,X
ZJSTIOL,X,X
ZJSTLIO,X,X
ZJSTLOI,X,X
ZJSTOIL,X,X
ZJSTOLI,X,X
ZJSITLO,X,X
ZJSITOL,X,X
ZJSILTO,X,X
ZJSILOT,X,O
ZJSIOTL,X,X
ZJSIOLT,X,O
ZJSLTIO,X,X
ZJSLTOI,X,X
ZJSLITO,X,X
ZJSLIOT,X,O
ZJSLOTI,X,X
ZJSLOIT,X,O
ZJSOTIL,X,X
ZJSOTLI,X,X
ZJSOITL,X,X
ZJSOILT,X,O
ZJSOLTI,X,X
ZJSOLIT,X,O
ZJOTILS,X,X
ZJOTISL,X,X
ZJOTLIS,X,X
ZJOTLSI,X,X
ZJOTSIL,X,X
ZJOTSLI,X,X
ZJOITLS,X,X
ZJOITSL,X,X
ZJOILTS,X,X
ZJOILST,X,O
ZJOISTL,X,X
ZJOISLT,X,O
ZJOLTIS,X,X
ZJOLTSI,X,X
ZJOLITS,X,X
ZJOLIST,X,O
ZJOLSTI,X,X
ZJOLSIT,X,O
ZJOSTIL,X,X
ZJOSTLI,X,X
ZJOSITL,X,X
ZJOSILT,X,O
ZJOSLTI,X,X
ZJOSLIT,X,O
ZSTILJO,X,X
ZSTILOJ,X,X
ZSTIJLO,X,X
ZSTIJOL,X,X
ZSTIOLJ,X,X
ZSTIOJL,X,X
ZSTLIJO,X,X
ZSTLIOJ,X,X
ZSTLJIO,X,X
ZSTLJOI,X,X
ZSTLOIJ,X,X
ZSTLOJI,X,X
ZSTJILO,X,X
ZSTJIOL,X,X
ZSTJLIO,X,X
ZSTJLOI,X,X
ZSTJOIL,X,X
ZSTJOLI,X,X
ZSTOILJ,X,X
ZSTOIJL,X,X
ZSTOLIJ,X,X
ZSTOLJI,X,X
ZSTOJIL,X,X
ZSTOJLI,X,X
ZSITLJO,X,X
ZSITLOJ,X,X
ZSITJLO,X,X
ZSITJOL,X,X
ZSITOLJ,X,X
ZSITOJL,X,X
ZSILTJO,X,X
ZSILTOJ,X,X
ZSILJTO,X,X
ZSILJOT,O,X
ZSILOTJ,X,X
ZSILOJT,O,X
ZSIJTLO,X,X
ZSIJTOL,X,X
ZSIJLTO,X,X
ZSIJLOT,X,O
ZSIJOTL,X,X
ZSIJOLT,X,O
ZSIOTLJ,X,X
ZSIOTJL,X,X
ZSIOLTJ,X,X
ZSIOLJT,O,X
ZSIOJTL,X,X
ZSIOJLT,X,O
ZSLTIJO,X,X
ZSLTIOJ,X,X
ZSLTJIO,X,X
ZSLTJOI,X,X
ZSLTOIJ,X,X
ZSLTOJI,X,X
ZSLITJO,X,X
ZSLITOJ,X,X
ZSLIJTO,X,X
ZSLIJOT,O,X
ZSLIOTJ,X,X
ZSLIOJT,O,X
ZSLJTIO,X,X
ZSLJTOI,X,X
ZSLJITO,X,X
ZSLJIOT,O,X
ZSLJOTI,X,X
ZSLJOIT,O,X
ZSLOTIJ,X,X
ZSLOTJI,X,X
ZSLOITJ,X,X
ZSLOIJT,O,X
ZSLOJTI,X,X
ZSLOJIT,O,X
ZSJTILO,X,X
ZSJTIOL,X,X
ZSJTLIO,X,X
ZSJTLOI,X,X
ZSJTOIL,X,X
ZSJTOLI,X,X
ZSJITLO,X,X
ZSJITOL,X,X
ZSJILTO,X,X
ZSJILOT,X,O
ZSJIOTL,X,X
ZSJIOLT,X,O
ZSJLTIO,X,X
ZSJLTOI,X,X
ZSJLITO,X,X
ZSJLIOT,X,O
ZSJLOTI,X,X
ZSJLOIT,X,O
ZSJOTIL,X,X
ZSJOTLI,X,X
ZSJOITL,X,X
ZSJOILT,X,O
ZSJOLTI,X,X
ZSJOLIT,X,O
ZSOTILJ,X,X
ZSOTIJL,X,X
ZSOTLIJ,X,X
ZSOTLJI,X,X
ZSOTJIL,X,X
ZSOTJLI,X,X
ZSOITLJ,X,X
ZSOITJL,X,X
ZSOILTJ,X,X
ZSOILJT,O,X
ZSOIJTL,X,X
ZSOIJLT,X,O
ZSOLTIJ,X,X
ZSOLTJI,X,X
ZSOLITJ,X,X
ZSOLIJT,O,X
ZSOLJTI,X,X
ZSOLJIT,O,X
ZSOJTIL,X,X
ZSOJTLI,X,X
ZSOJITL,X,X
ZSOJILT,X,O
ZSOJLTI,X,X
ZSOJLIT,X,O
ZOTILJS,X,X
ZOTILSJ,X,X
ZOTIJLS,X,X
ZOTIJSL,X,X
ZOTISLJ,X,X
ZOTISJL,X,X
ZOTLIJS,X,X
ZOTLISJ,X,X
ZOTLJIS,X,X
ZOTLJSI,X,X
ZOTLSIJ,X,X
ZOTLSJI,X,X
ZOTJILS,X,X
ZOTJISL,X,X
ZOTJLIS,X,X
ZOTJLSI,X,X
ZOTJSIL,X,X
ZOTJSLI,X,X
ZOTSILJ,X,X
ZOTSIJL,X,X
ZOTSLIJ,X,X
ZOTSLJI,X,X
ZOTSJIL,X,X
ZOTSJLI,X,X
ZOITLJS,X,X
ZOITLSJ,X,X
ZOITJLS,X,X
ZOITJSL,X,X
ZOITSLJ,X,X
ZOITSJL,X,X
ZOILTJS,X,X
ZOILTSJ,X,X
ZOILJTS,X,X
ZOILJST,O,X
ZOILSTJ,X,X
ZOILSJT,O,X
ZOIJTLS,X,X
ZOIJTSL,X,X
ZOIJLTS,X,X
ZOIJLST,X,O
ZOIJSTL,X,X
ZOIJSLT,X,O
ZOISTLJ,X,X
ZOISTJL,X,X
ZOISLTJ,X,X
ZOISLJT,O,X
ZOISJTL,X,X
ZOISJLT,X,O
ZOLTIJS,X,X
ZOLTISJ,X,X
ZOLTJIS,X,X
ZOLTJSI,X,X
ZOLTSIJ,X,X
ZOLTSJI,X,X
ZOLITJS,X,X
ZOLITSJ,X,X
ZOLIJTS,X,X
ZOLIJST,O,X
ZOLISTJ,X,X
ZOLISJT,O,X
ZOLJTIS,X,X
ZOLJTSI,X,X
ZOLJITS,X,X
ZOLJIST,O,X
ZOLJSTI,X,X
ZOLJSIT,O,X
ZOLSTIJ,X,X
ZOLSTJI,X,X
ZOLSITJ,X,X
ZOLSIJT,O,X
ZOLSJTI,X,X
ZOLSJIT,O,X
ZOJTILS,X,X
ZOJTISL,X,X
ZOJTLIS,X,X
ZOJTLSI,X,X
ZOJTSIL,X,X
ZOJTSLI,X,X
ZOJITLS,X,X
ZOJITSL,X,X
ZOJILTS,X,X
ZOJILST,X,O
ZOJISTL,X,X
ZOJISLT,X,O
ZOJLTIS,X,X
ZOJLTSI,X,X
ZOJLITS,X,X
ZOJLIST,X,O
ZOJLSTI,X,X
ZOJLSIT,X,O
ZOJSTIL,X,X
ZOJSTLI,X,X
ZOJSITL,X,X
ZOJSILT,X,O
ZOJSLTI,X,X
ZOJSLIT,X,O
ZOSTILJ,X,X
ZOSTIJL,X,X
ZOSTLIJ,X,X
ZOSTLJI,X,X
ZOSTJIL,X,X
ZOSTJLI,X,X
ZOSITLJ,X,X
ZOSITJL,X,X
ZOSILTJ,X,X
ZOSILJT,O,X
ZOSIJTL,X,X
ZOSIJLT,X,O
ZOSLTIJ,X,X
ZOSLTJI,X,X
ZOSLITJ,X,X
ZOSLIJT,O,X
ZOSLJTI,X,X
ZOSLJIT,O,X
ZOSJTIL,X,X
ZOSJTLI,X,X
ZOSJITL,X,X
ZOSJILT,X,O
ZOSJLTI,X,X
ZOSJLIT,X,O
OTILJSZ,X,X
OTILJZS,X,X
OTILSJZ,X,X
OTILSZJ,X,X
OTILZJS,X,X
OTILZSJ,X,X
OTIJLSZ,X,X
OTIJLZS,X,X
OTIJSLZ,X,X
OTIJSZL,X,X
OTIJZLS,X,X
OTIJZSL,X,X
OTISLJZ,X,X
OTISLZJ,X,X
OTISJLZ,X,X
OTISJZL,X,X
OTISZLJ,X,X
OTISZJL,X,X
OTIZLJS,X,X
OTIZLSJ,X,X
OTIZJLS,X,X
OTIZJSL,X,X
OTIZSLJ,X,X
OTIZSJL,X,X
OTLIJSZ,X,X
OTLIJZS,X,X
OTLISJZ,X,X
OTLISZJ,X,X
OTLIZJS,X,X
OTLIZSJ,X,X
OTLJISZ,X,X
OTLJIZS,X,X
OTLJSIZ,X,X
OTLJSZI,X,X
OTLJZIS,X,X
OTLJZSI,X,X
OTLSIJZ,X,X
OTLSIZJ,X,X
OTLSJIZ,X,X
OTLSJZI,X,X
OTLSZIJ,X,X
OTLSZJI,X,X
OTLZIJS,X,X
OTLZISJ,X,X
OTLZJIS,X,X
OTLZJSI,X,X
OTLZSIJ,X,X
OTLZSJI,X,X
OTJILSZ,X,X
OTJILZS,X,X
OTJISLZ,X,X
OTJISZL,X,X
OTJIZLS,X,X
OTJIZSL,X,X
OTJLISZ,X,X
OTJLIZS,X,X
OTJLSIZ,X,X
OTJLSZI,X,X
OTJLZIS,X,X
OTJLZSI,X,X
OTJSILZ,X,X
OTJSIZL,X,X
OTJSLIZ,X,X
OTJSLZI,X,X
OTJSZIL,X,X
OTJSZLI,X,X
OTJZILS,X,X
OTJZISL,X,X
OTJZLIS,X,X
OTJZLSI,X,X
OTJZSIL,X,X
OTJZSLI,X,X
OTSILJZ,X,X
OTSILZJ,X,X
OTSIJLZ,X,X
OTSIJZL,X,X
OTSIZLJ,X,X
OTSIZJL,X,X
OTSLIJZ,X,X
OTSLIZJ,X,X
OTSLJIZ,X,X
OTSLJZI,X,X
OTSLZIJ,X,X
OTSLZJI,X,X
OTSJILZ,X,X
OTSJIZL,X,X
OTSJLIZ,X,X
OTSJLZI,X,X
OTSJZIL,X,X
OTSJZLI,X,X
OTSZILJ,X,X
OTSZIJL,X,X
OTSZLIJ,X,X
OTSZLJI,X,X
OTSZJIL,X,X
OTSZJLI,X,X
OTZILJS,X,X
OTZILSJ,X,X
OTZIJLS,X,X
OTZIJSL,X,X
OTZISLJ,X,X
OTZISJL,X,X
OTZLIJS,X,X
OTZLISJ,X,X
OTZLJIS,X,X
OTZLJSI,X,X
OTZLSIJ,X,X
OTZLSJI,X,X
OTZJILS,X,X
OTZJISL,X,X
OTZJLIS,X,X
OTZJLSI,X,X
OTZJSIL,X,X
OTZJSLI,X,X
OTZSILJ,X,X
OTZSIJL,X,X
OTZSLIJ,X,X
OTZSLJI,X,X
OTZSJIL,X,X
OTZSJLI,X,X
OITLJSZ,X,X
OITLJZS,X,X
OITLSJZ,X,X
OITLSZJ,X,X
OITLZJS,X,X
OITLZSJ,X,X
OITJLSZ,X,X
OITJLZS,X,X
OITJSLZ,X,X
OITJSZL,X,X
OITJZLS,X,X
OITJZSL,X,X
OITSLJZ,X,X
OITSLZJ,X,X
OITSJLZ,X,X
OITSJZL,X,X
OITSZLJ,X,X
OITSZJL,X,X
OITZLJS,X,X
OITZLSJ,X,X
OITZJLS,X,X
OITZJSL,X,X
OITZSLJ,X,X
OITZSJL,X,X
OILTJSZ,X,X
OILTJZS,X,X
OILTSJZ,X,X
OILTSZJ,X,X
OILTZJS,X,X
OILTZSJ,X,X
OILJTSZ,X,X
OILJTZS,X,X
OILJSTZ,X,X
OILJSZT,O,X
OILJZTS,X,X
OILJZST,O,X
OILSTJZ,X,X
OILSTZJ,X,X
OILSJTZ,X,X
OILSJZT,O,X
OILSZTJ,X,X
OILSZJT,O,X
OILZTJS,X,X
OILZTSJ,X,X
OILZJTS,X,X
OILZJST,O,X
OILZSTJ,X,X
OILZSJT,O,X
OIJTLSZ,X,X
OIJTLZS,X,X
OIJTSLZ,X,X
OIJTSZL,X,X
OIJTZLS,X,X
OIJTZSL,X,X
OIJLTSZ,X,X
OIJLTZS,X,X
OIJLSTZ,X,X
OIJLSZT,X,O
OIJLZTS,X,X
OIJLZST,X,O
OIJSTLZ,X,X
OIJSTZL,X,X
OIJSLTZ,X,X
OIJSLZT,X,O
OIJSZTL,X,X
OIJSZLT,X,O
OIJZTLS,X,X
OIJZTSL,X,X
OIJZLTS,X,X
OIJZLST,X,O
OIJZSTL,X,X
OIJZSLT,X,O
OISTLJZ,X,X
OISTLZJ,X,X
OISTJLZ,X,X
OISTJZL,X,X
OISTZLJ,X,X
OISTZJL,X,X
OISLTJZ,X,X
OISLTZJ,X,X
OISLJTZ,X,X
OISLJZT,O,X
OISLZTJ,X,X
OISLZJT,O,X
OISJTLZ,X,X
OISJTZL,X,X
OISJLTZ,X,X
OISJLZT,X,O
OISJZTL,X,X
OISJZLT,X,O
OISZTLJ,X,X
OISZTJL,X,X
OISZLTJ,X,X
OISZLJT,O,X
OISZJTL,X,X
OISZJLT,X,O
OIZTLJS,X,X
OIZTLSJ,X,X
OIZTJLS,X,X
OIZTJSL,X,X
OIZTSLJ,X,X
OIZTSJL,X,X
OIZLTJS,X,X
OIZLTSJ,X,X
OIZLJTS,X,X
OIZLJST,O,X
OIZLSTJ,X,X
OIZLSJT,O,X
OIZJTLS,X,X
OIZJTSL,X,X
OIZJLTS,X,X
OIZJLST,X,O
OIZJSTL,X,X
OIZJSLT,X,O
OIZSTLJ,X,X
OIZSTJL,X,X
OIZSLTJ,X,X
OIZSLJT,O,X
OIZSJTL,X,X
OIZSJLT,X,O
OLTIJSZ,X,X
OLTIJZS,X,X
OLTISJZ,X,X
OLTISZJ,X,X
OLTIZJS,X,X
OLTIZSJ,X,X
OLTJISZ,X,X
OLTJIZS,X,X
OLTJSIZ,X,X
OLTJSZI,X,X
OLTJZIS,X,X
OLTJZSI,X,X
OLTSIJZ,X,X
OLTSIZJ,X,X
OLTSJIZ,X,X
OLTSJZI,X,X
OLTSZIJ,X,X
OLTSZJI,X,X
OLTZIJS,X,X
OLTZISJ,X,X
OLTZJIS,X,X
OLTZJSI,X,X
OLTZSIJ,X,X
OLTZSJI,X,X
OLITJSZ,X,X
OLITJZS,X,X
OLITSJZ,X,X
OLITSZJ,X,X
OLITZJS,X,X
OLITZSJ,X,X
OLIJTSZ,X,X
OLIJTZS,X,X
OLIJSTZ,X,X
OLIJSZT,O,X
OLIJZTS,X,X
OLIJZST,O,X
OLISTJZ,X,X
OLISTZJ,X,X
OLISJTZ,X,X
OLISJZT,O,X
OLISZTJ,X,X
OLISZJT,O,X
OLIZTJS,X,X
OLIZTSJ,X,X
OLIZJTS,X,X
OLIZJST,O,X
OLIZSTJ,X,X
OLIZSJT,O,X
OLJTISZ,X,X
OLJTIZS,X,X
OLJTSIZ,X,X
OLJTSZI,X,X
OLJTZIS,X,X
OLJTZSI,X,X
OLJITSZ,X,X
OLJITZS,X,X
OLJISTZ,X,X
OLJISZT,O,X
OLJIZTS,X,X
OLJIZST,O,X
OLJSTIZ,X,X
OLJSTZI,X,X
OLJSITZ,X,X
OLJSIZT,O,X
OLJSZTI,X,X
OLJSZIT,O,X
OLJZTIS,X,X
OLJZTSI,X,X
OLJZITS,X,X
OLJZIST,O,X
OLJZSTI,X,X
OLJZSIT,O,X
OLSTIJZ,X,X
OLSTIZJ,X,X
OLSTJIZ,X,X
OLSTJZI,X,X
OLSTZIJ,X,X
OLSTZJI,X,X
OLSITJZ,X,X
OLSITZJ,X,X
OLSIJTZ,X,X
OLSIJZT,O,X
OLSIZTJ,X,X
OLSIZJT,O,X
OLSJTIZ,X,X
OLSJTZI,X,X
OLSJITZ,X,X
OLSJIZT,O,X
OLSJZTI,X,X
OLSJZIT,O,X
OLSZTIJ,X,X
OLSZTJI,X,X
OLSZITJ,X,X
OLSZIJT,O,X
OLSZJTI,X,X
OLSZJIT,O,X
OLZTIJS,X,X
OLZTISJ,X,X
OLZTJIS,X,X
OLZTJSI,X,X
OLZTSIJ,X,X
OLZTSJI,X,X
OLZITJS,X,X
OLZITSJ,X,X
OLZIJTS,X,X
OLZIJST,O,X
OLZISTJ,X,X
OLZISJT,O,X
OLZJTIS,X,X
OLZJTSI,X,X
OLZJITS,X,X
OLZJIST,O,X
OLZJSTI,X,X
OLZJSIT,O,X
OLZSTIJ,X,X
OLZSTJI,X,X
OLZSITJ,X,X
OLZSIJT,O,X
OLZSJTI,X,X
OLZSJIT,O,X
OJTILSZ,X,X
OJTILZS,X,X
OJTISLZ,X,X
OJTISZL,X,X
OJTIZLS,X,X
OJTIZSL,X,X
OJTLISZ,X,X
OJTLIZS,X,X
OJTLSIZ,X,X
OJTLSZI,X,X
OJTLZIS,X,X
OJTLZSI,X,X
OJTSILZ,X,X
OJTSIZL,X,X
OJTSLIZ,X,X
OJTSLZI,X,X
OJTSZIL,X,X
OJTSZLI,X,X
OJTZILS,X,X
OJTZISL,X,X
OJTZLIS,X,X
OJTZLSI,X,X
OJTZSIL,X,X
OJTZSLI,X,X
OJITLSZ,X,X
OJITLZS,X,X
OJITSLZ,X,X
OJITSZL,X,X
OJITZLS,X,X
OJITZSL,X,X
OJILTSZ,X,X
OJILTZS,X,X
OJILSTZ,X,X
OJILSZT,X,O
OJILZTS,X,X
OJILZST,X,O
OJISTLZ,X,X
OJISTZL,X,X
OJISLTZ,X,X
OJISLZT,X,O
OJISZTL,X,X
OJISZLT,X,O
OJIZTLS,X,X
OJIZTSL,X,X
OJIZLTS,X,X
OJIZLST,X,O
OJIZSTL,X,X
OJIZSLT,X,O
OJLTISZ,X,X
OJLTIZS,X,X
OJLTSIZ,X,X
OJLTSZI,X,X
OJLTZIS,X,X
OJLTZSI,X,X
OJLITSZ,X,X
OJLITZS,X,X
OJLISTZ,X,X
OJLISZT,X,O
OJLIZTS,X,X
OJLIZST,X,O
OJLSTIZ,X,X
OJLSTZI,X,X
OJLSITZ,X,X
OJLSIZT,X,O
OJLSZTI,X,X
OJLSZIT,X,O
OJLZTIS,X,X
OJLZTSI,X,X
OJLZITS,X,X
OJLZIST,X,O
OJLZSTI,X,X
OJLZSIT,X,O
OJSTILZ,X,X
OJSTIZL,X,X
OJSTLIZ,X,X
OJSTLZI,X,X
OJSTZIL,X,X
OJSTZLI,X,X
OJSITLZ,X,X
OJSITZL,X,X
OJSILTZ,X,X
OJSILZT,X,O
OJSIZTL,X,X
OJSIZLT,X,O
OJSLTIZ,X,X
OJSLTZI,X,X
OJSLITZ,X,X
OJSLIZT,X,O
OJSLZTI,X,X
OJSLZIT,X,O
OJSZTIL,X,X
OJSZTLI,X,X
OJSZITL,X,X
OJSZILT,X,O
OJSZLTI,X,X
OJSZLIT,X,O
OJZTILS,X,X
OJZTISL,X,X
OJZTLIS,X,X
OJZTLSI,X,X
OJZTSIL,X,X
OJZTSLI,X,X
OJZITLS,X,X
OJZITSL,X,X
OJZILTS,X,X
OJZILST,X,O
OJZISTL,X,X
OJZISLT,X,O
OJZLTIS,X,X
OJZLTSI,X,X
OJZLITS,X,X
OJZLIST,X,O
OJZLSTI,X,X
OJZLSIT,X,O
OJZSTIL,X,X
OJZSTLI,X,X
OJZSITL,X,X
OJZSILT,X,O
OJZSLTI,X,X
OJZSLIT,X,O
OSTILJZ,X,X
OSTILZJ,X,X
OSTIJLZ,X,X
OSTIJZL,X,X
OSTIZLJ,X,X
OSTIZJL,X,X
OSTLIJZ,X,X
OSTLIZJ,X,X
OSTLJIZ,X,X
OSTLJZI,X,X
OSTLZIJ,X,X
OSTLZJI,X,X
OSTJILZ,X,X
OSTJIZL,X,X
OSTJLIZ,X,X
OSTJLZI,X,X
OSTJZIL,X,X
OSTJZLI,X,X
OSTZILJ,X,X
OSTZIJL,X,X
OSTZLIJ,X,X
OSTZLJI,X,X
OSTZJIL,X,X
OSTZJLI,X,X
OSITLJZ,X,X
OSITLZJ,X,X
OSITJLZ,X,X
OSITJZL,X,X
OSITZLJ,X,X
OSITZJL,X,X
OSILTJZ,X,X
OSILTZJ,X,X
OSILJTZ,X,X
OSILJZT,O,X
OSILZTJ,X,X
OSILZJT,O,X
OSIJTLZ,X,X
OSIJTZL,X,X
OSIJLTZ,X,X
OSIJLZT,X,O
OSIJZTL,X,X
OSIJZLT,X,O
OSIZTLJ,X,X
OSIZTJL,X,X
OSIZLTJ,X,X
OSIZLJT,O,X
OSIZJTL,X,X
OSIZJLT,X,O
OSLTIJZ,X,X
OSLTIZJ,X,X
OSLTJIZ,X,X
OSLTJZI,X,X
OSLTZIJ,X,X
OSLTZJI,X,X
OSLITJZ,X,X
OSLITZJ,X,X
OSLIJTZ,X,X
OSLIJZT,O,X
OSLIZTJ,X,X
OSLIZJT,O,X
OSLJTIZ,X,X
OSLJTZI,X,X
OSLJITZ,X,X
OSLJIZT,O,X
OSLJZTI,X,X
OSLJZIT,O,X
OSLZTIJ,X,X
OSLZTJI,X,X
OSLZITJ,X,X
OSLZIJT,O,X
OSLZJTI,X,X
OSLZJIT,O,X
OSJTILZ,X,X
OSJTIZL,X,X
OSJTLIZ,X,X
OSJTLZI,X,X
OSJTZIL,X,X
OSJTZLI,X,X
OSJITLZ,X,X
OSJITZL,X,X
OSJILTZ,X,X
OSJILZT,X,O
OSJIZTL,X,X
OSJIZLT,X,O
OSJLTIZ,X,X
OSJLTZI,X,X
OSJLITZ,X,X
OSJLIZT,X,O
OSJLZTI,X,X
OSJLZIT,X,O
OSJZTIL,X,X
OSJZTLI,X,X
OSJZITL,X,X
OSJZILT,X,O
OSJZLTI,X,X
OSJZLIT,X,O
OSZTILJ,X,X
OSZTIJL,X,X
OSZTLIJ,X,X
OSZTLJI,X,X
OSZTJIL,X,X
OSZTJLI,X,X
OSZITLJ,X,X
OSZITJL,X,X
OSZILTJ,X,X
OSZILJT,O,X
OSZIJTL,X,X
OSZIJLT,X,O
OSZLTIJ,X,X
OSZLTJI,X,X
OSZLITJ,X,X
OSZLIJT,O,X
OSZLJTI,X,X
OSZLJIT,O,X
OSZJTIL,X,X
OSZJTLI,X,X
OSZJITL,X,X
OSZJILT,X,O
OSZJLTI,X,X
OSZJLIT,X,O
OZTILJS,X,X
OZTILSJ,X,X
OZTIJLS,X,X
OZTIJSL,X,X
OZTISLJ,X,X
OZTISJL,X,X
OZTLIJS,X,X
OZTLISJ,X,X
OZTLJIS,X,X
OZTLJSI,X,X
OZTLSIJ,X,X
OZTLSJI,X,X
OZTJILS,X,X
OZTJISL,X,X
OZTJLIS,X,X
OZTJLSI,X,X
OZTJSIL,X,X
OZTJSLI,X,X
OZTSILJ,X,X
OZTSIJL,X,X
OZTSLIJ,X,X
OZTSLJI,X,X
OZTSJIL,X,X
OZTSJLI,X,X
OZITLJS,X,X
OZITLSJ,X,X
OZITJLS,X,X
OZITJSL,X,X
OZITSLJ,X,X
OZITSJL,X,X
OZILTJS,X,X
OZILTSJ,X,X
OZILJTS,X,X
OZILJST,O,X
OZILSTJ,X,X
OZILSJT,O,X
OZIJTLS,X,X
OZIJTSL,X,X
OZIJLTS,X,X
OZIJLST,X,O
OZIJSTL,X,X
OZIJSLT,X,O
OZISTLJ,X,X
OZISTJL,X,X
OZISLTJ,X,X
OZISLJT,O,X
OZISJTL,X,X
OZISJLT,X,O
OZLTIJS,X,X
OZLTISJ,X,X
OZLTJIS,X,X
OZLTJSI,X,X
OZLTSIJ,X,X
OZLTSJI,X,X
OZLITJS,X,X
OZLITSJ,X,X
OZLIJTS,X,X
OZLIJST,O,X
OZLISTJ,X,X
OZLISJT,O,X
OZLJTIS,X,X
OZLJTSI,X,X
OZLJITS,X,X
OZLJIST,O,X
OZLJSTI,X,X
OZLJSIT,O,X
OZLSTIJ,X,X
OZLSTJI,X,X
OZLSITJ,X,X
OZLSIJT,O,X
OZLSJTI,X,X
OZLSJIT,O,X
OZJTILS,X,X
OZJTISL,X,X
OZJTLIS,X,X
OZJTLSI,X,X
OZJTSIL,X,X
OZJTSLI,X,X
OZJITLS,X,X
OZJITSL,X,X
OZJILTS,X,X
OZJILST,X,O
OZJISTL,X,X
OZJISLT,X,O
OZJLTIS,X,X
OZJLTSI,X,X
OZJLITS,X,X
OZJLIST,X,O
OZJLSTI,X,X
OZJLSIT,X,O
OZJSTIL,X,X
OZJSTLI,X,X
OZJSITL,X,X
OZJSILT,X,O
OZJSLTI,X,X
OZJSLIT,X,O
OZSTILJ,X,X
OZSTIJL,X,X
OZSTLIJ,X,X
OZSTLJI,X,X
OZSTJIL,X,X
OZSTJLI,X,X
OZSITLJ,X,X
OZSITJL,X,X
OZSILTJ,X,X
OZSILJT,O,X
OZSIJTL,X,X
OZSIJLT,X,O
OZSLTIJ,X,X
OZSLTJI,X,X
OZSLITJ,X,X
OZSLIJT,O,X
OZSLJTI,X,X
OZSLJIT,O,X
OZSJTIL,X,X
OZSJTLI,X,X
OZSJITL,X,X
OZSJILT,X,O
OZSJLTI,X,X
OZSJLIT,X,O
