sequence,v115@HhC8GeD8AeA8EeA8BeC8MeTDJvhFUiBFmBxsBWyB3q?BipB
TILJSZO,X
TILJSOZ,X
TILJZSO,X
TILJZOS,X
TILJOSZ,X
TILJOZS,X
TILSJZO,X
TILSJOZ,X
TILSZJO,X
TILSZOJ,X
TILSOJZ,X
TILSOZJ,X
TILZJSO,X
TILZJOS,X
TILZSJO,X
TILZSOJ,X
TILZOJS,X
TILZOSJ,X
TILOJSZ,X
TILOJZS,X
TILOSJZ,X
TILOSZJ,X
TILOZJS,X
TILOZSJ,X
TIJLSZO,X
TIJLSOZ,X
TIJLZSO,X
TIJLZOS,X
TIJLOSZ,X
TIJLOZS,X
TIJSLZO,X
TIJSLOZ,X
TIJSZLO,X
TIJSZOL,X
TIJSOLZ,X
TIJSOZL,X
TIJZLSO,X
TIJZLOS,X
TIJZSLO,X
TIJZSOL,X
TIJZOLS,X
TIJZOSL,X
TIJOLSZ,X
TIJOLZS,X
TIJOSLZ,X
TIJOSZL,X
TIJOZLS,X
TIJOZSL,X
TISLJZO,X
TISLJOZ,X
TISLZJO,X
TISLZOJ,X
TISLOJZ,X
TISLOZJ,X
TISJLZO,X
TISJLOZ,X
TISJZLO,X
TISJZOL,X
TISJOLZ,X
TISJOZL,X
TISZLJO,X
TISZLOJ,X
TISZJLO,X
TISZJOL,X
TISZOLJ,X
TISZOJL,X
TISOLJZ,X
TISOLZJ,X
TISOJLZ,X
TISOJZL,X
TISOZLJ,X
TISOZJL,X
TIZLJSO,X
TIZLJOS,X
TIZLSJO,X
TIZLSOJ,X
TIZLOJS,X
TIZLOSJ,X
TIZJLSO,X
TIZJLOS,X
TIZJSLO,X
TIZJSOL,X
TIZJOLS,X
TIZJOSL,X
TIZSLJO,X
TIZSLOJ,X
TIZSJLO,X
TIZSJOL,X
TIZSOLJ,X
TIZSOJL,X
TIZOLJS,O
TIZOLSJ,O
TIZOJLS,O
TIZOJSL,O
TIZOSLJ,O
TIZOSJL,O
TIOLJSZ,X
TIOLJZS,X
TIOLSJZ,X
TIOLSZJ,X
TIOLZJS,O
TIOLZSJ,O
TIOJLSZ,X
TIOJLZS,X
TIOJSLZ,X
TIOJSZL,X
TIOJZLS,O
TIOJZSL,O
TIOSLJZ,X
TIOSLZJ,X
TIOSJLZ,X
TIOSJZL,X
TIOSZLJ,O
TIOSZJL,O
TIOZLJS,O
TIOZLSJ,O
TIOZJLS,O
TIOZJSL,O
TIOZSLJ,O
TIOZSJL,O
TLIJSZO,X
TLIJSOZ,X
TLIJZSO,X
TLIJZOS,X
TLIJOSZ,X
TLIJOZS,X
TLISJZO,X
TLISJOZ,X
TLISZJO,X
TLISZOJ,X
TLISOJZ,X
TLISOZJ,X
TLIZJSO,X
TLIZJOS,X
TLIZSJO,X
TLIZSOJ,X
TLIZOJS,X
TLIZOSJ,X
TLIOJSZ,X
TLIOJZS,X
TLIOSJZ,X
TLIOSZJ,X
TLIOZJS,X
TLIOZSJ,X
TLJISZO,X
TLJISOZ,X
TLJIZSO,X
TLJIZOS,X
TLJIOSZ,X
TLJIOZS,X
TLJSIZO,X
TLJSIOZ,X
TLJSZIO,X
TLJSZOI,X
TLJSOIZ,X
TLJSOZI,X
TLJZISO,X
TLJZIOS,X
TLJZSIO,X
TLJZSOI,X
TLJZOIS,X
TLJZOSI,X
TLJOISZ,X
TLJOIZS,X
TLJOSIZ,X
TLJOSZI,X
TLJOZIS,X
TLJOZSI,X
TLSIJZO,X
TLSIJOZ,X
TLSIZJO,X
TLSIZOJ,X
TLSIOJZ,X
TLSIOZJ,X
TLSJIZO,X
TLSJIOZ,X
TLSJZIO,X
TLSJZOI,X
TLSJOIZ,X
TLSJOZI,X
TLSZIJO,X
TLSZIOJ,X
TLSZJIO,X
TLSZJOI,X
TLSZOIJ,X
TLSZOJI,X
TLSOIJZ,X
TLSOIZJ,X
TLSOJIZ,X
TLSOJZI,X
TLSOZIJ,X
TLSOZJI,X
TLZIJSO,X
TLZIJOS,X
TLZISJO,X
TLZISOJ,X
TLZIOJS,X
TLZIOSJ,X
TLZJISO,X
TLZJIOS,X
TLZJSIO,X
TLZJSOI,X
TLZJOIS,X
TLZJOSI,X
TLZSIJO,X
TLZSIOJ,X
TLZSJIO,X
TLZSJOI,X
TLZSOIJ,X
TLZSOJI,X
TLZOIJS,X
TLZOISJ,X
TLZOJIS,X
TLZOJSI,X
TLZOSIJ,X
TLZOSJI,X
TLOIJSZ,X
TLOIJZS,X
TLOISJZ,X
TLOISZJ,X
TLOIZJS,X
TLOIZSJ,X
TLOJISZ,X
TLOJIZS,X
TLOJSIZ,X
TLOJSZI,X
TLOJZIS,X
TLOJZSI,X
TLOSIJZ,X
TLOSIZJ,X
TLOSJIZ,X
TLOSJZI,X
TLOSZIJ,X
TLOSZJI,X
TLOZIJS,X
TLOZISJ,X
TLOZJIS,X
TLOZJSI,X
TLOZSIJ,X
TLOZSJI,X
TJILSZO,X
TJILSOZ,X
TJILZSO,X
TJILZOS,X
TJILOSZ,X
TJILOZS,X
TJISLZO,X
TJISLOZ,X
TJISZLO,X
TJISZOL,X
TJISOLZ,X
TJISOZL,X
TJIZLSO,X
TJIZLOS,X
TJIZSLO,X
TJIZSOL,X
TJIZOLS,X
TJIZOSL,X
TJIOLSZ,X
TJIOLZS,X
TJIOSLZ,X
TJIOSZL,X
TJIOZLS,X
TJIOZSL,X
TJLISZO,X
TJLISOZ,X
TJLIZSO,X
TJLIZOS,X
TJLIOSZ,X
TJLIOZS,X
TJLSIZO,X
TJLSIOZ,X
TJLSZIO,X
TJLSZOI,X
TJLSOIZ,X
TJLSOZI,X
TJLZISO,X
TJLZIOS,X
TJLZSIO,X
TJLZSOI,X
TJLZOIS,X
TJLZOSI,X
TJLOISZ,X
TJLOIZS,X
TJLOSIZ,X
TJLOSZI,X
TJLOZIS,X
TJLOZSI,X
TJSILZO,X
TJSILOZ,X
TJSIZLO,X
TJSIZOL,X
TJSIOLZ,X
TJSIOZL,X
TJSLIZO,X
TJSLIOZ,X
TJSLZIO,X
TJSLZOI,X
TJSLOIZ,X
TJSLOZI,X
TJSZILO,X
TJSZIOL,X
TJSZLIO,X
TJSZLOI,X
TJSZOIL,X
TJSZOLI,X
TJSOILZ,X
TJSOIZL,X
TJSOLIZ,X
TJSOLZI,X
TJSOZIL,X
TJSOZLI,X
TJZILSO,X
TJZILOS,X
TJZISLO,X
TJZISOL,X
TJZIOLS,X
TJZIOSL,X
TJZLISO,X
TJZLIOS,X
TJZLSIO,X
TJZLSOI,X
TJZLOIS,X
TJZLOSI,X
TJZSILO,X
TJZSIOL,X
TJZSLIO,X
TJZSLOI,X
TJZSOIL,X
TJZSOLI,X
TJZOILS,X
TJZOISL,X
TJZOLIS,X
TJZOLSI,X
TJZOSIL,X
TJZOSLI,X
TJOILSZ,X
TJOILZS,X
TJOISLZ,X
TJOISZL,X
TJOIZLS,X
TJOIZSL,X
TJOLISZ,X
TJOLIZS,X
TJOLSIZ,X
TJOLSZI,X
TJOLZIS,X
TJOLZSI,X
TJOSILZ,X
TJOSIZL,X
TJOSLIZ,X
TJOSLZI,X
TJOSZIL,X
TJOSZLI,X
TJOZILS,X
TJOZISL,X
TJOZLIS,X
TJOZLSI,X
TJOZSIL,X
TJOZSLI,X
TSILJZO,X
TSILJOZ,X
TSILZJO,X
TSILZOJ,X
TSILOJZ,X
TSILOZJ,X
TSIJLZO,X
TSIJLOZ,X
TSIJZLO,X
TSIJZOL,X
TSIJOLZ,X
TSIJOZL,X
TSIZLJO,X
TSIZLOJ,X
TSIZJLO,X
TSIZJOL,X
TSIZOLJ,X
TSIZOJL,X
TSIOLJZ,X
TSIOLZJ,X
TSIOJLZ,X
TSIOJZL,X
TSIOZLJ,X
TSIOZJL,X
TSLIJZO,X
TSLIJOZ,X
TSLIZJO,X
TSLIZOJ,X
TSLIOJZ,X
TSLIOZJ,X
TSLJIZO,X
TSLJIOZ,X
TSLJZIO,X
TSLJZOI,X
TSLJOIZ,X
TSLJOZI,X
TSLZIJO,X
TSLZIOJ,X
TSLZJIO,X
TSLZJOI,X
TSLZOIJ,X
TSLZOJI,X
TSLOIJZ,X
TSLOIZJ,X
TSLOJIZ,X
TSLOJZI,X
TSLOZIJ,X
TSLOZJI,X
TSJILZO,X
TSJILOZ,X
TSJIZLO,X
TSJIZOL,X
TSJIOLZ,X
TSJIOZL,X
TSJLIZO,X
TSJLIOZ,X
TSJLZIO,X
TSJLZOI,X
TSJLOIZ,X
TSJLOZI,X
TSJZILO,X
TSJZIOL,X
TSJZLIO,X
TSJZLOI,X
TSJZOIL,X
TSJZOLI,X
TSJOILZ,X
TSJOIZL,X
TSJOLIZ,X
TSJOLZI,X
TSJOZIL,X
TSJOZLI,X
TSZILJO,X
TSZILOJ,X
TSZIJLO,X
TSZIJOL,X
TSZIOLJ,X
TSZIOJL,X
TSZLIJO,X
TSZLIOJ,X
TSZLJIO,X
TSZLJOI,X
TSZLOIJ,X
TSZLOJI,X
TSZJILO,X
TSZJIOL,X
TSZJLIO,X
TSZJLOI,X
TSZJOIL,X
TSZJOLI,X
TSZOILJ,X
TSZOIJL,X
TSZOLIJ,X
TSZOLJI,X
TSZOJIL,X
TSZOJLI,X
TSOILJZ,X
TSOILZJ,X
TSOIJLZ,X
TSOIJZL,X
TSOIZLJ,X
TSOIZJL,X
TSOLIJZ,X
TSOLIZJ,X
TSOLJIZ,X
TSOLJZI,X
TSOLZIJ,X
TSOLZJI,X
TSOJILZ,X
TSOJIZL,X
TSOJLIZ,X
TSOJLZI,X
TSOJZIL,X
TSOJZLI,X
TSOZILJ,X
TSOZIJL,X
TSOZLIJ,X
TSOZLJI,X
TSOZJIL,X
TSOZJLI,X
TZILJSO,X
TZILJOS,X
TZILSJO,X
TZILSOJ,X
TZILOJS,X
TZILOSJ,X
TZIJLSO,X
TZIJLOS,X
TZIJSLO,X
TZIJSOL,X
TZIJOLS,X
TZIJOSL,X
TZISLJO,X
TZISLOJ,X
TZISJLO,X
TZISJOL,X
TZISOLJ,X
TZISOJL,X
TZIOLJS,X
TZIOLSJ,X
TZIOJLS,X
TZIOJSL,X
TZIOSLJ,X
TZIOSJL,X
TZLIJSO,X
TZLIJOS,X
TZLISJO,X
TZLISOJ,X
TZLIOJS,X
TZLIOSJ,X
TZLJISO,X
TZLJIOS,X
TZLJSIO,X
TZLJSOI,X
TZLJOIS,X
TZLJOSI,X
TZLSIJO,X
TZLSIOJ,X
TZLSJIO,X
TZLSJOI,X
TZLSOIJ,X
TZLSOJI,X
TZLOIJS,X
TZLOISJ,X
TZLOJIS,X
TZLOJSI,X
TZLOSIJ,X
TZLOSJI,X
TZJILSO,X
TZJILOS,X
TZJISLO,X
TZJISOL,X
TZJIOLS,X
TZJIOSL,X
TZJLISO,X
TZJLIOS,X
TZJLSIO,X
TZJLSOI,X
TZJLOIS,X
TZJLOSI,X
TZJSILO,X
TZJSIOL,X
TZJSLIO,X
TZJSLOI,X
TZJSOIL,X
TZJSOLI,X
TZJOILS,X
TZJOISL,X
TZJOLIS,X
TZJOLSI,X
TZJOSIL,X
TZJOSLI,X
TZSILJO,X
TZSILOJ,X
TZSIJLO,X
TZSIJOL,X
TZSIOLJ,X
TZSIOJL,X
TZSLIJO,X
TZSLIOJ,X
TZSLJIO,X
TZSLJOI,X
TZSLOIJ,X
TZSLOJI,X
TZSJILO,X
TZSJIOL,X
TZSJLIO,X
TZSJLOI,X
TZSJOIL,X
TZSJOLI,X
TZSOILJ,X
TZSOIJL,X
TZSOLIJ,X
TZSOLJI,X
TZSOJIL,X
TZSOJLI,X
TZOILJS,X
TZOILSJ,X
TZOIJLS,X
TZOIJSL,X
TZOISLJ,X
TZOISJL,X
TZOLIJS,X
TZOLISJ,X
TZOLJIS,X
TZOLJSI,X
TZOLSIJ,X
TZOLSJI,X
TZOJILS,X
TZOJISL,X
TZOJLIS,X
TZOJLSI,X
TZOJSIL,X
TZOJSLI,X
TZOSILJ,X
TZOSIJL,X
TZOSLIJ,X
TZOSLJI,X
TZOSJIL,X
TZOSJLI,X
TOILJSZ,X
TOILJZS,X
TOILSJZ,X
TOILSZJ,X
TOILZJS,X
TOILZSJ,X
TOIJLSZ,X
TOIJLZS,X
TOIJSLZ,X
TOIJSZL,X
TOIJZLS,X
TOIJZSL,X
TOISLJZ,X
TOISLZJ,X
TOISJLZ,X
TOISJZL,X
TOISZLJ,X
TOISZJL,X
TOIZLJS,X
TOIZLSJ,X
TOIZJLS,X
TOIZJSL,X
TOIZSLJ,X
TOIZSJL,X
TOLIJSZ,X
TOLIJZS,X
TOLISJZ,X
TOLISZJ,X
TOLIZJS,X
TOLIZSJ,X
TOLJISZ,X
TOLJIZS,X
TOLJSIZ,X
TOLJSZI,X
TOLJZIS,X
TOLJZSI,X
TOLSIJZ,X
TOLSIZJ,X
TOLSJIZ,X
TOLSJZI,X
TOLSZIJ,X
TOLSZJI,X
TOLZIJS,X
TOLZISJ,X
TOLZJIS,X
TOLZJSI,X
TOLZSIJ,X
TOLZSJI,X
TOJILSZ,X
TOJILZS,X
TOJISLZ,X
TOJISZL,X
TOJIZLS,X
TOJIZSL,X
TOJLISZ,X
TOJLIZS,X
TOJLSIZ,X
TOJLSZI,X
TOJLZIS,X
TOJLZSI,X
TOJSILZ,X
TOJSIZL,X
TOJSLIZ,X
TOJSLZI,X
TOJSZIL,X
TOJSZLI,X
TOJZILS,X
TOJZISL,X
TOJZLIS,X
TOJZLSI,X
TOJZSIL,X
TOJZSLI,X
TOSILJZ,X
TOSILZJ,X
TOSIJLZ,X
TOSIJZL,X
TOSIZLJ,X
TOSIZJL,X
TOSLIJZ,X
TOSLIZJ,X
TOSLJIZ,X
TOSLJZI,X
TOSLZIJ,X
TOSLZJI,X
TOSJILZ,X
TOSJIZL,X
TOSJLIZ,X
TOSJLZI,X
TOSJZIL,X
TOSJZLI,X
TOSZILJ,X
TOSZIJL,X
TOSZLIJ,X
TOSZLJI,X
TOSZJIL,X
TOSZJLI,X
TOZILJS,X
TOZILSJ,X
TOZIJLS,X
TOZIJSL,X
TOZISLJ,X
TOZISJL,X
TOZLIJS,X
TOZLISJ,X
TOZLJIS,X
TOZLJSI,X
TOZLSIJ,X
TOZLSJI,X
TOZJILS,X
TOZJISL,X
TOZJLIS,X
TOZJLSI,X
TOZJSIL,X
TOZJSLI,X
TOZSILJ,X
TOZSIJL,X
TOZSLIJ,X
TOZSLJI,X
TOZSJIL,X
TOZSJLI,X
ITLJSZO,X
ITLJSOZ,X
ITLJZSO,X
ITLJZOS,X
ITLJOSZ,X
ITLJOZS,X
ITLSJZO,X
ITLSJOZ,X
ITLSZJO,X
ITLSZOJ,X
ITLSOJZ,X
ITLSOZJ,X
ITLZJSO,X
ITLZJOS,X
ITLZSJO,X
ITLZSOJ,X
ITLZOJS,X
ITLZOSJ,X
ITLOJSZ,X
ITLOJZS,X
ITLOSJZ,X
ITLOSZJ,X
ITLOZJS,X
ITLOZSJ,X
ITJLSZO,X
ITJLSOZ,X
ITJLZSO,X
ITJLZOS,X
ITJLOSZ,X
ITJLOZS,X
ITJSLZO,X
ITJSLOZ,X
ITJSZLO,X
ITJSZOL,X
ITJSOLZ,X
ITJSOZL,X
ITJZLSO,X
ITJZLOS,X
ITJZSLO,X
ITJZSOL,X
ITJZOLS,X
ITJZOSL,X
ITJOLSZ,X
ITJOLZS,X
ITJOSLZ,X
ITJOSZL,X
ITJOZLS,X
ITJOZSL,X
ITSLJZO,X
ITSLJOZ,X
ITSLZJO,X
ITSLZOJ,X
ITSLOJZ,X
ITSLOZJ,X
ITSJLZO,X
ITSJLOZ,X
ITSJZLO,X
ITSJZOL,X
ITSJOLZ,X
ITSJOZL,X
ITSZLJO,X
ITSZLOJ,X
ITSZJLO,X
ITSZJOL,X
ITSZOLJ,X
ITSZOJL,X
ITSOLJZ,X
ITSOLZJ,X
ITSOJLZ,X
ITSOJZL,X
ITSOZLJ,X
ITSOZJL,X
ITZLJSO,X
ITZLJOS,X
ITZLSJO,X
ITZLSOJ,X
ITZLOJS,X
ITZLOSJ,X
ITZJLSO,X
ITZJLOS,X
ITZJSLO,X
ITZJSOL,X
ITZJOLS,X
ITZJOSL,X
ITZSLJO,X
ITZSLOJ,X
ITZSJLO,X
ITZSJOL,X
ITZSOLJ,X
ITZSOJL,X
ITZOLJS,O
ITZOLSJ,O
ITZOJLS,O
ITZOJSL,O
ITZOSLJ,O
ITZOSJL,O
ITOLJSZ,X
ITOLJZS,X
ITOLSJZ,X
ITOLSZJ,X
ITOLZJS,O
ITOLZSJ,O
ITOJLSZ,X
ITOJLZS,X
ITOJSLZ,X
ITOJSZL,X
ITOJZLS,O
ITOJZSL,O
ITOSLJZ,X
ITOSLZJ,X
ITOSJLZ,X
ITOSJZL,X
ITOSZLJ,O
ITOSZJL,O
ITOZLJS,O
ITOZLSJ,O
ITOZJLS,O
ITOZJSL,O
ITOZSLJ,O
ITOZSJL,O
ILTJSZO,X
ILTJSOZ,X
ILTJZSO,X
ILTJZOS,X
ILTJOSZ,X
ILTJOZS,X
ILTSJZO,X
ILTSJOZ,X
ILTSZJO,X
ILTSZOJ,X
ILTSOJZ,X
ILTSOZJ,X
ILTZJSO,X
ILTZJOS,X
ILTZSJO,X
ILTZSOJ,X
ILTZOJS,X
ILTZOSJ,X
ILTOJSZ,X
ILTOJZS,X
ILTOSJZ,X
ILTOSZJ,X
ILTOZJS,X
ILTOZSJ,X
ILJTSZO,X
ILJTSOZ,X
ILJTZSO,X
ILJTZOS,X
ILJTOSZ,X
ILJTOZS,X
ILJSTZO,X
ILJSTOZ,X
ILJSZTO,X
ILJSZOT,X
ILJSOTZ,X
ILJSOZT,X
ILJZTSO,X
ILJZTOS,X
ILJZSTO,X
ILJZSOT,X
ILJZOTS,X
ILJZOST,X
ILJOTSZ,X
ILJOTZS,X
ILJOSTZ,X
ILJOSZT,X
ILJOZTS,X
ILJOZST,X
ILSTJZO,X
ILSTJOZ,X
ILSTZJO,X
ILSTZOJ,X
ILSTOJZ,X
ILSTOZJ,X
ILSJTZO,X
ILSJTOZ,X
ILSJZTO,X
ILSJZOT,X
ILSJOTZ,X
ILSJOZT,X
ILSZTJO,X
ILSZTOJ,X
ILSZJTO,X
ILSZJOT,X
ILSZOTJ,X
ILSZOJT,X
ILSOTJZ,X
ILSOTZJ,X
ILSOJTZ,X
ILSOJZT,X
ILSOZTJ,X
ILSOZJT,X
ILZTJSO,X
ILZTJOS,X
ILZTSJO,X
ILZTSOJ,X
ILZTOJS,X
ILZTOSJ,X
ILZJTSO,X
ILZJTOS,X
ILZJSTO,X
ILZJSOT,X
ILZJOTS,X
ILZJOST,X
ILZSTJO,X
ILZSTOJ,X
ILZSJTO,X
ILZSJOT,X
ILZSOTJ,X
ILZSOJT,X
ILZOTJS,O
ILZOTSJ,O
ILZOJTS,X
ILZOJST,X
ILZOSTJ,X
ILZOSJT,X
ILOTJSZ,X
ILOTJZS,X
ILOTSJZ,X
ILOTSZJ,X
ILOTZJS,O
ILOTZSJ,O
ILOJTSZ,X
ILOJTZS,X
ILOJSTZ,X
ILOJSZT,X
ILOJZTS,X
ILOJZST,X
ILOSTJZ,X
ILOSTZJ,X
ILOSJTZ,X
ILOSJZT,X
ILOSZTJ,X
ILOSZJT,X
ILOZTJS,O
ILOZTSJ,O
ILOZJTS,X
ILOZJST,X
ILOZSTJ,X
ILOZSJT,X
IJTLSZO,X
IJTLSOZ,X
IJTLZSO,X
IJTLZOS,X
IJTLOSZ,X
IJTLOZS,X
IJTSLZO,X
IJTSLOZ,X
IJTSZLO,X
IJTSZOL,X
IJTSOLZ,X
IJTSOZL,X
IJTZLSO,X
IJTZLOS,X
IJTZSLO,X
IJTZSOL,X
IJTZOLS,X
IJTZOSL,X
IJTOLSZ,X
IJTOLZS,X
IJTOSLZ,X
IJTOSZL,X
IJTOZLS,X
IJTOZSL,X
IJLTSZO,X
IJLTSOZ,X
IJLTZSO,X
IJLTZOS,X
IJLTOSZ,X
IJLTOZS,X
IJLSTZO,X
IJLSTOZ,X
IJLSZTO,X
IJLSZOT,X
IJLSOTZ,X
IJLSOZT,X
IJLZTSO,X
IJLZTOS,X
IJLZSTO,X
IJLZSOT,X
IJLZOTS,X
IJLZOST,X
IJLOTSZ,X
IJLOTZS,X
IJLOSTZ,X
IJLOSZT,X
IJLOZTS,X
IJLOZST,X
IJSTLZO,X
IJSTLOZ,X
IJSTZLO,X
IJSTZOL,X
IJSTOLZ,X
IJSTOZL,X
IJSLTZO,X
IJSLTOZ,X
IJSLZTO,X
IJSLZOT,X
IJSLOTZ,X
IJSLOZT,X
IJSZTLO,X
IJSZTOL,X
IJSZLTO,X
IJSZLOT,X
IJSZOTL,X
IJSZOLT,X
IJSOTLZ,X
IJSOTZL,X
IJSOLTZ,X
IJSOLZT,X
IJSOZTL,X
IJSOZLT,X
IJZTLSO,X
IJZTLOS,X
IJZTSLO,X
IJZTSOL,X
IJZTOLS,X
IJZTOSL,X
IJZLTSO,X
IJZLTOS,X
IJZLSTO,X
IJZLSOT,X
IJZLOTS,X
IJZLOST,X
IJZSTLO,X
IJZSTOL,X
IJZSLTO,X
IJZSLOT,X
IJZSOTL,X
IJZSOLT,X
IJZOTLS,O
IJZOTSL,O
IJZOLTS,X
IJZOLST,X
IJZOSTL,X
IJZOSLT,X
IJOTLSZ,X
IJOTLZS,X
IJOTSLZ,X
IJOTSZL,X
IJOTZLS,O
IJOTZSL,O
IJOLTSZ,X
IJOLTZS,X
IJOLSTZ,X
IJOLSZT,X
IJOLZTS,X
IJOLZST,X
IJOSTLZ,X
IJOSTZL,X
IJOSLTZ,X
IJOSLZT,X
IJOSZTL,X
IJOSZLT,X
IJOZTLS,O
IJOZTSL,O
IJOZLTS,X
IJOZLST,X
IJOZSTL,X
IJOZSLT,X
ISTLJZO,X
ISTLJOZ,X
ISTLZJO,X
ISTLZOJ,X
ISTLOJZ,X
ISTLOZJ,X
ISTJLZO,X
ISTJLOZ,X
ISTJZLO,X
ISTJZOL,X
ISTJOLZ,X
ISTJOZL,X
ISTZLJO,X
ISTZLOJ,X
ISTZJLO,X
ISTZJOL,X
ISTZOLJ,X
ISTZOJL,X
ISTOLJZ,X
ISTOLZJ,X
ISTOJLZ,X
ISTOJZL,X
ISTOZLJ,X
ISTOZJL,X
ISLTJZO,X
ISLTJOZ,X
ISLTZJO,X
ISLTZOJ,X
ISLTOJZ,X
ISLTOZJ,X
ISLJTZO,X
ISLJTOZ,X
ISLJZTO,X
ISLJZOT,X
ISLJOTZ,X
ISLJOZT,X
ISLZTJO,X
ISLZTOJ,X
ISLZJTO,X
ISLZJOT,X
ISLZOTJ,X
ISLZOJT,X
ISLOTJZ,X
ISLOTZJ,X
ISLOJTZ,X
ISLOJZT,X
ISLOZTJ,X
ISLOZJT,X
ISJTLZO,X
ISJTLOZ,X
ISJTZLO,X
ISJTZOL,X
ISJTOLZ,X
ISJTOZL,X
ISJLTZO,X
ISJLTOZ,X
ISJLZTO,X
ISJLZOT,X
ISJLOTZ,X
ISJLOZT,X
ISJZTLO,X
ISJZTOL,X
ISJZLTO,X
ISJZLOT,X
ISJZOTL,X
ISJZOLT,X
ISJOTLZ,X
ISJOTZL,X
ISJOLTZ,X
ISJOLZT,X
ISJOZTL,X
ISJOZLT,X
ISZTLJO,X
ISZTLOJ,X
ISZTJLO,X
ISZTJOL,X
ISZTOLJ,X
ISZTOJL,X
ISZLTJO,X
ISZLTOJ,X
ISZLJTO,X
ISZLJOT,X
ISZLOTJ,X
ISZLOJT,X
ISZJTLO,X
ISZJTOL,X
ISZJLTO,X
ISZJLOT,X
ISZJOTL,X
ISZJOLT,X
ISZOTLJ,O
ISZOTJL,O
ISZOLTJ,X
ISZOLJT,X
ISZOJTL,X
ISZOJLT,X
ISOTLJZ,X
ISOTLZJ,X
ISOTJLZ,X
ISOTJZL,X
ISOTZLJ,O
ISOTZJL,O
ISOLTJZ,X
ISOLTZJ,X
ISOLJTZ,X
ISOLJZT,X
ISOLZTJ,X
ISOLZJT,X
ISOJTLZ,X
ISOJTZL,X
ISOJLTZ,X
ISOJLZT,X
ISOJZTL,X
ISOJZLT,X
ISOZTLJ,O
ISOZTJL,O
ISOZLTJ,X
ISOZLJT,X
ISOZJTL,X
ISOZJLT,X
IZTLJSO,X
IZTLJOS,X
IZTLSJO,X
IZTLSOJ,X
IZTLOJS,X
IZTLOSJ,X
IZTJLSO,X
IZTJLOS,X
IZTJSLO,X
IZTJSOL,X
IZTJOLS,X
IZTJOSL,X
IZTSLJO,X
IZTSLOJ,X
IZTSJLO,X
IZTSJOL,X
IZTSOLJ,X
IZTSOJL,X
IZTOLJS,O
IZTOLSJ,O
IZTOJLS,O
IZTOJSL,O
IZTOSLJ,O
IZTOSJL,O
IZLTJSO,X
IZLTJOS,X
IZLTSJO,X
IZLTSOJ,X
IZLTOJS,X
IZLTOSJ,X
IZLJTSO,X
IZLJTOS,X
IZLJSTO,X
IZLJSOT,X
IZLJOTS,X
IZLJOST,X
IZLSTJO,X
IZLSTOJ,X
IZLSJTO,X
IZLSJOT,X
IZLSOTJ,X
IZLSOJT,X
IZLOTJS,O
IZLOTSJ,O
IZLOJTS,X
IZLOJST,X
IZLOSTJ,X
IZLOSJT,X
IZJTLSO,X
IZJTLOS,X
IZJTSLO,X
IZJTSOL,X
IZJTOLS,X
IZJTOSL,X
IZJLTSO,X
IZJLTOS,X
IZJLSTO,X
IZJLSOT,X
IZJLOTS,X
IZJLOST,X
IZJSTLO,X
IZJSTOL,X
IZJSLTO,X
IZJSLOT,X
IZJSOTL,X
IZJSOLT,X
IZJOTLS,O
IZJOTSL,O
IZJOLTS,X
IZJOLST,X
IZJOSTL,X
IZJOSLT,X
IZSTLJO,X
IZSTLOJ,X
IZSTJLO,X
IZSTJOL,X
IZSTOLJ,X
IZSTOJL,X
IZSLTJO,X
IZSLTOJ,X
IZSLJTO,X
IZSLJOT,X
IZSLOTJ,X
IZSLOJT,X
IZSJTLO,X
IZSJTOL,X
IZSJLTO,X
IZSJLOT,X
IZSJOTL,X
IZSJOLT,X
IZSOTLJ,O
IZSOTJL,O
IZSOLTJ,X
IZSOLJT,X
IZSOJTL,X
IZSOJLT,X
IZOTLJS,O
IZOTLSJ,O
IZOTJLS,O
IZOTJSL,O
IZOTSLJ,O
IZOTSJL,O
IZOLTJS,O
IZOLTSJ,O
IZOLJTS,X
IZOLJST,X
IZOLSTJ,X
IZOLSJT,X
IZOJTLS,O
IZOJTSL,O
IZOJLTS,X
IZOJLST,X
IZOJSTL,X
IZOJSLT,X
IZOSTLJ,O
IZOSTJL,O
IZOSLTJ,X
IZOSLJT,X
IZOSJTL,X
IZOSJLT,X
IOTLJSZ,X
IOTLJZS,X
IOTLSJZ,X
IOTLSZJ,X
IOTLZJS,O
IOTLZSJ,O
IOTJLSZ,X
IOTJLZS,X
IOTJSLZ,X
IOTJSZL,X
IOTJZLS,O
IOTJZSL,O
IOTSLJZ,X
IOTSLZJ,X
IOTSJLZ,X
IOTSJZL,X
IOTSZLJ,O
IOTSZJL,O
IOTZLJS,O
IOTZLSJ,O
IOTZJLS,O
IOTZJSL,O
IOTZSLJ,O
IOTZSJL,O
IOLTJSZ,X
IOLTJZS,X
IOLTSJZ,X
IOLTSZJ,X
IOLTZJS,O
IOLTZSJ,O
IOLJTSZ,X
IOLJTZS,X
IOLJSTZ,X
IOLJSZT,X
IOLJZTS,X
IOLJZST,X
IOLSTJZ,X
IOLSTZJ,X
IOLSJTZ,X
IOLSJZT,X
IOLSZTJ,X
IOLSZJT,X
IOLZTJS,O
IOLZTSJ,O
IOLZJTS,X
IOLZJST,X
IOLZSTJ,X
IOLZSJT,X
IOJTLSZ,X
IOJTLZS,X
IOJTSLZ,X
IOJTSZL,X
IOJTZLS,O
IOJTZSL,O
IOJLTSZ,X
IOJLTZS,X
IOJLSTZ,X
IOJLSZT,X
IOJLZTS,X
IOJLZST,X
IOJSTLZ,X
IOJSTZL,X
IOJSLTZ,X
IOJSLZT,X
IOJSZTL,X
IOJSZLT,X
IOJZTLS,O
IOJZTSL,O
IOJZLTS,X
IOJZLST,X
IOJZSTL,X
IOJZSLT,X
IOSTLJZ,X
IOSTLZJ,X
IOSTJLZ,X
IOSTJZL,X
IOSTZLJ,O
IOSTZJL,O
IOSLTJZ,X
IOSLTZJ,X
IOSLJTZ,X
IOSLJZT,X
IOSLZTJ,X
IOSLZJT,X
IOSJTLZ,X
IOSJTZL,X
IOSJLTZ,X
IOSJLZT,X
IOSJZTL,X
IOSJZLT,X
IOSZTLJ,O
IOSZTJL,O
IOSZLTJ,X
IOSZLJT,X
IOSZJTL,X
IOSZJLT,X
IOZTLJS,O
IOZTLSJ,O
IOZTJLS,O
IOZTJSL,O
IOZTSLJ,O
IOZTSJL,O
IOZLTJS,O
IOZLTSJ,O
IOZLJTS,X
IOZLJST,X
IOZLSTJ,X
IOZLSJT,X
IOZJTLS,O
IOZJTSL,O
IOZJLTS,X
IOZJLST,X
IOZJSTL,X
IOZJSLT,X
IOZSTLJ,O
IOZSTJL,O
IOZSLTJ,X
IOZSLJT,X
IOZSJTL,X
IOZSJLT,X
LTIJSZO,X
LTIJSOZ,X
LTIJZSO,X
LTIJZOS,X
LTIJOSZ,X
LTIJOZS,X
LTISJZO,X
LTISJOZ,X
LTISZJO,X
LTISZOJ,X
LTISOJZ,X
LTISOZJ,X
LTIZJSO,X
LTIZJOS,X
LTIZSJO,X
LTIZSOJ,X
LTIZOJS,X
LTIZOSJ,X
LTIOJSZ,X
LTIOJZS,X
LTIOSJZ,X
LTIOSZJ,X
LTIOZJS,X
LTIOZSJ,X
LTJISZO,X
LTJISOZ,X
LTJIZSO,X
LTJIZOS,X
LTJIOSZ,X
LTJIOZS,X
LTJSIZO,X
LTJSIOZ,X
LTJSZIO,X
LTJSZOI,X
LTJSOIZ,X
LTJSOZI,X
LTJZISO,X
LTJZIOS,X
LTJZSIO,X
LTJZSOI,X
LTJZOIS,X
LTJZOSI,X
LTJOISZ,X
LTJOIZS,X
LTJOSIZ,X
LTJOSZI,X
LTJOZIS,X
LTJOZSI,X
LTSIJZO,X
LTSIJOZ,X
LTSIZJO,X
LTSIZOJ,X
LTSIOJZ,X
LTSIOZJ,X
LTSJIZO,X
LTSJIOZ,X
LTSJZIO,X
LTSJZOI,X
LTSJOIZ,X
LTSJOZI,X
LTSZIJO,X
LTSZIOJ,X
LTSZJIO,X
LTSZJOI,X
LTSZOIJ,X
LTSZOJI,X
LTSOIJZ,X
LTSOIZJ,X
LTSOJIZ,X
LTSOJZI,X
LTSOZIJ,X
LTSOZJI,X
LTZIJSO,X
LTZIJOS,X
LTZISJO,X
LTZISOJ,X
LTZIOJS,X
LTZIOSJ,X
LTZJISO,X
LTZJIOS,X
LTZJSIO,X
LTZJSOI,X
LTZJOIS,X
LTZJOSI,X
LTZSIJO,X
LTZSIOJ,X
LTZSJIO,X
LTZSJOI,X
LTZSOIJ,X
LTZSOJI,X
LTZOIJS,X
LTZOISJ,X
LTZOJIS,X
LTZOJSI,X
LTZOSIJ,X
LTZOSJI,X
LTOIJSZ,X
LTOIJZS,X
LTOISJZ,X
LTOISZJ,X
LTOIZJS,X
LTOIZSJ,X
LTOJISZ,X
LTOJIZS,X
LTOJSIZ,X
LTOJSZI,X
LTOJZIS,X
LTOJZSI,X
LTOSIJZ,X
LTOSIZJ,X
LTOSJIZ,X
LTOSJZI,X
LTOSZIJ,X
LTOSZJI,X
LTOZIJS,X
LTOZISJ,X
LTOZJIS,X
LTOZJSI,X
LTOZSIJ,X
LTOZSJI,X
LITJSZO,X
LITJSOZ,X
LITJZSO,X
LITJZOS,X
LITJOSZ,X
LITJOZS,X
LITSJZO,X
LITSJOZ,X
LITSZJO,X
LITSZOJ,X
LITSOJZ,X
LITSOZJ,X
LITZJSO,X
LITZJOS,X
LITZSJO,X
LITZSOJ,X
LITZOJS,X
LITZOSJ,X
LITOJSZ,X
LITOJZS,X
LITOSJZ,X
LITOSZJ,X
LITOZJS,X
LITOZSJ,X
LIJTSZO,X
LIJTSOZ,X
LIJTZSO,X
LIJTZOS,X
LIJTOSZ,X
LIJTOZS,X
LIJSTZO,X
LIJSTOZ,X
LIJSZTO,X
LIJSZOT,X
LIJSOTZ,X
LIJSOZT,X
LIJZTSO,X
LIJZTOS,X
LIJZSTO,X
LIJZSOT,X
LIJZOTS,X
LIJZOST,X
LIJOTSZ,X
LIJOTZS,X
LIJOSTZ,X
LIJOSZT,X
LIJOZTS,X
LIJOZST,X
LISTJZO,X
LISTJOZ,X
LISTZJO,X
LISTZOJ,X
LISTOJZ,X
LISTOZJ,X
LISJTZO,X
LISJTOZ,X
LISJZTO,X
LISJZOT,X
LISJOTZ,X
LISJOZT,X
LISZTJO,X
LISZTOJ,X
LISZJTO,X
LISZJOT,X
LISZOTJ,X
LISZOJT,X
LISOTJZ,X
LISOTZJ,X
LISOJTZ,X
LISOJZT,X
LISOZTJ,X
LISOZJT,X
LIZTJSO,X
LIZTJOS,X
LIZTSJO,X
LIZTSOJ,X
LIZTOJS,X
LIZTOSJ,X
LIZJTSO,X
LIZJTOS,X
LIZJSTO,X
LIZJSOT,X
LIZJOTS,X
LIZJOST,X
LIZSTJO,X
LIZSTOJ,X
LIZSJTO,X
LIZSJOT,X
LIZSOTJ,X
LIZSOJT,X
LIZOTJS,O
LIZOTSJ,O
LIZOJTS,X
LIZOJST,X
LIZOSTJ,X
LIZOSJT,X
LIOTJSZ,X
LIOTJZS,X
LIOTSJZ,X
LIOTSZJ,X
LIOTZJS,O
LIOTZSJ,O
LIOJTSZ,X
LIOJTZS,X
LIOJSTZ,X
LIOJSZT,X
LIOJZTS,X
LIOJZST,X
LIOSTJZ,X
LIOSTZJ,X
LIOSJTZ,X
LIOSJZT,X
LIOSZTJ,X
LIOSZJT,X
LIOZTJS,O
LIOZTSJ,O
LIOZJTS,X
LIOZJST,X
LIOZSTJ,X
LIOZSJT,X
LJTISZO,X
LJTISOZ,X
LJTIZSO,X
LJTIZOS,X
LJTIOSZ,X
LJTIOZS,X
LJTSIZO,X
LJTSIOZ,X
LJTSZIO,X
LJTSZOI,X
LJTSOIZ,X
LJTSOZI,X
LJTZISO,X
LJTZIOS,X
LJTZSIO,X
LJTZSOI,X
LJTZOIS,X
LJTZOSI,X
LJTOISZ,X
LJTOIZS,X
LJTOSIZ,X
LJTOSZI,X
LJTOZIS,X
LJTOZSI,X
LJITSZO,X
LJITSOZ,X
LJITZSO,X
LJITZOS,X
LJITOSZ,X
LJITOZS,X
LJISTZO,X
LJISTOZ,X
LJISZTO,X
LJISZOT,X
LJISOTZ,X
LJISOZT,X
LJIZTSO,X
LJIZTOS,X
LJIZSTO,X
LJIZSOT,X
LJIZOTS,X
LJIZOST,X
LJIOTSZ,X
LJIOTZS,X
LJIOSTZ,X
LJIOSZT,X
LJIOZTS,X
LJIOZST,X
LJSTIZO,X
LJSTIOZ,X
LJSTZIO,X
LJSTZOI,X
LJSTOIZ,X
LJSTOZI,X
LJSITZO,X
LJSITOZ,X
LJSIZTO,X
LJSIZOT,X
LJSIOTZ,X
LJSIOZT,X
LJSZTIO,X
LJSZTOI,X
LJSZITO,X
LJSZIOT,X
LJSZOTI,X
LJSZOIT,X
LJSOTIZ,X
LJSOTZI,X
LJSOITZ,X
LJSOIZT,X
LJSOZTI,X
LJSOZIT,X
LJZTISO,X
LJZTIOS,X
LJZTSIO,X
LJZTSOI,X
LJZTOIS,X
LJZTOSI,X
LJZITSO,X
LJZITOS,X
LJZISTO,X
LJZISOT,X
LJZIOTS,X
LJZIOST,X
LJZSTIO,X
LJZSTOI,X
LJZSITO,X
LJZSIOT,X
LJZSOTI,X
LJZSOIT,X
LJZOTIS,X
LJZOTSI,X
LJZOITS,X
LJZOIST,X
LJZOSTI,X
LJZOSIT,X
LJOTISZ,X
LJOTIZS,X
LJOTSIZ,X
LJOTSZI,X
LJOTZIS,X
LJOTZSI,X
LJOITSZ,X
LJOITZS,X
LJOISTZ,X
LJOISZT,X
LJOIZTS,X
LJOIZST,X
LJOSTIZ,X
LJOSTZI,X
LJOSITZ,X
LJOSIZT,X
LJOSZTI,X
LJOSZIT,X
LJOZTIS,X
LJOZTSI,X
LJOZITS,X
LJOZIST,X
LJOZSTI,X
LJOZSIT,X
LSTIJZO,X
LSTIJOZ,X
LSTIZJO,X
LSTIZOJ,X
LSTIOJZ,X
LSTIOZJ,X
LSTJIZO,X
LSTJIOZ,X
LSTJZIO,X
LSTJZOI,X
LSTJOIZ,X
LSTJOZI,X
LSTZIJO,X
LSTZIOJ,X
LSTZJIO,X
LSTZJOI,X
LSTZOIJ,X
LSTZOJI,X
LSTOIJZ,X
LSTOIZJ,X
LSTOJIZ,X
LSTOJZI,X
LSTOZIJ,X
LSTOZJI,X
LSITJZO,X
LSITJOZ,X
LSITZJO,X
LSITZOJ,X
LSITOJZ,X
LSITOZJ,X
LSIJTZO,X
LSIJTOZ,X
LSIJZTO,X
LSIJZOT,X
LSIJOTZ,X
LSIJOZT,X
LSIZTJO,X
LSIZTOJ,X
LSIZJTO,X
LSIZJOT,X
LSIZOTJ,X
LSIZOJT,X
LSIOTJZ,X
LSIOTZJ,X
LSIOJTZ,X
LSIOJZT,X
LSIOZTJ,X
LSIOZJT,X
LSJTIZO,X
LSJTIOZ,X
LSJTZIO,X
LSJTZOI,X
LSJTOIZ,X
LSJTOZI,X
LSJITZO,X
LSJITOZ,X
LSJIZTO,X
LSJIZOT,X
LSJIOTZ,X
LSJIOZT,X
LSJZTIO,X
LSJZTOI,X
LSJZITO,X
LSJZIOT,X
LSJZOTI,X
LSJZOIT,X
LSJOTIZ,X
LSJOTZI,X
LSJOITZ,X
LSJOIZT,X
LSJOZTI,X
LSJOZIT,X
LSZTIJO,X
LSZTIOJ,X
LSZTJIO,X
LSZTJOI,X
LSZTOIJ,X
LSZTOJI,X
LSZITJO,X
LSZITOJ,X
LSZIJTO,X
LSZIJOT,X
LSZIOTJ,X
LSZIOJT,X
LSZJTIO,X
LSZJTOI,X
LSZJITO,X
LSZJIOT,X
LSZJOTI,X
LSZJOIT,X
LSZOTIJ,X
LSZOTJI,X
LSZOITJ,X
LSZOIJT,X
LSZOJTI,X
LSZOJIT,X
LSOTIJZ,X
LSOTIZJ,X
LSOTJIZ,X
LSOTJZI,X
LSOTZIJ,X
LSOTZJI,X
LSOITJZ,X
LSOITZJ,X
LSOIJTZ,X
LSOIJZT,X
LSOIZTJ,X
LSOIZJT,X
LSOJTIZ,X
LSOJTZI,X
LSOJITZ,X
LSOJIZT,X
LSOJZTI,X
LSOJZIT,X
LSOZTIJ,X
LSOZTJI,X
LSOZITJ,X
LSOZIJT,X
LSOZJTI,X
LSOZJIT,X
LZTIJSO,X
LZTIJOS,X
LZTISJO,X
LZTISOJ,X
LZTIOJS,X
LZTIOSJ,X
LZTJISO,X
LZTJIOS,X
LZTJSIO,X
LZTJSOI,X
LZTJOIS,X
LZTJOSI,X
LZTSIJO,X
LZTSIOJ,X
LZTSJIO,X
LZTSJOI,X
LZTSOIJ,X
LZTSOJI,X
LZTOIJS,X
LZTOISJ,X
LZTOJIS,X
LZTOJSI,X
LZTOSIJ,X
LZTOSJI,X
LZITJSO,X
LZITJOS,X
LZITSJO,X
LZITSOJ,X
LZITOJS,X
LZITOSJ,X
LZIJTSO,X
LZIJTOS,X
LZIJSTO,X
LZIJSOT,X
LZIJOTS,X
LZIJOST,X
LZISTJO,X
LZISTOJ,X
LZISJTO,X
LZISJOT,X
LZISOTJ,X
LZISOJT,X
LZIOTJS,X
LZIOTSJ,X
LZIOJTS,X
LZIOJST,X
LZIOSTJ,X
LZIOSJT,X
LZJTISO,X
LZJTIOS,X
LZJTSIO,X
LZJTSOI,X
LZJTOIS,X
LZJTOSI,X
LZJITSO,X
LZJITOS,X
LZJISTO,X
LZJISOT,X
LZJIOTS,X
LZJIOST,X
LZJSTIO,X
LZJSTOI,X
LZJSITO,X
LZJSIOT,X
LZJSOTI,X
LZJSOIT,X
LZJOTIS,X
LZJOTSI,X
LZJOITS,X
LZJOIST,X
LZJOSTI,X
LZJOSIT,X
LZSTIJO,X
LZSTIOJ,X
LZSTJIO,X
LZSTJOI,X
LZSTOIJ,X
LZSTOJI,X
LZSITJO,X
LZSITOJ,X
LZSIJTO,X
LZSIJOT,X
LZSIOTJ,X
LZSIOJT,X
LZSJTIO,X
LZSJTOI,X
LZSJITO,X
LZSJIOT,X
LZSJOTI,X
LZSJOIT,X
LZSOTIJ,X
LZSOTJI,X
LZSOITJ,X
LZSOIJT,X
LZSOJTI,X
LZSOJIT,X
LZOTIJS,X
LZOTISJ,X
LZOTJIS,X
LZOTJSI,X
LZOTSIJ,X
LZOTSJI,X
LZOITJS,X
LZOITSJ,X
LZOIJTS,X
LZOIJST,X
LZOISTJ,X
LZOISJT,X
LZOJTIS,X
LZOJTSI,X
LZOJITS,X
LZOJIST,X
LZOJSTI,X
LZOJSIT,X
LZOSTIJ,X
LZOSTJI,X
LZOSITJ,X
LZOSIJT,X
LZOSJTI,X
LZOSJIT,X
LOTIJSZ,X
LOTIJZS,X
LOTISJZ,X
LOTISZJ,X
LOTIZJS,X
LOTIZSJ,X
LOTJISZ,X
LOTJIZS,X
LOTJSIZ,X
LOTJSZI,X
LOTJZIS,X
LOTJZSI,X
LOTSIJZ,X
LOTSIZJ,X
LOTSJIZ,X
LOTSJZI,X
LOTSZIJ,X
LOTSZJI,X
LOTZIJS,X
LOTZISJ,X
LOTZJIS,X
LOTZJSI,X
LOTZSIJ,X
LOTZSJI,X
LOITJSZ,X
LOITJZS,X
LOITSJZ,X
LOITSZJ,X
LOITZJS,X
LOITZSJ,X
LOIJTSZ,X
LOIJTZS,X
LOIJSTZ,X
LOIJSZT,X
LOIJZTS,X
LOIJZST,X
LOISTJZ,X
LOISTZJ,X
LOISJTZ,X
LOISJZT,X
LOISZTJ,X
LOISZJT,X
LOIZTJS,X
LOIZTSJ,X
LOIZJTS,X
LOIZJST,X
LOIZSTJ,X
LOIZSJT,X
LOJTISZ,X
LOJTIZS,X
LOJTSIZ,X
LOJTSZI,X
LOJTZIS,X
LOJTZSI,X
LOJITSZ,X
LOJITZS,X
LOJISTZ,X
LOJISZT,X
LOJIZTS,X
LOJIZST,X
LOJSTIZ,X
LOJSTZI,X
LOJSITZ,X
LOJSIZT,X
LOJSZTI,X
LOJSZIT,X
LOJZTIS,X
LOJZTSI,X
LOJZITS,X
LOJZIST,X
LOJZSTI,X
LOJZSIT,X
LOSTIJZ,X
LOSTIZJ,X
LOSTJIZ,X
LOSTJZI,X
LOSTZIJ,X
LOSTZJI,X
LOSITJZ,X
LOSITZJ,X
LOSIJTZ,X
LOSIJZT,X
LOSIZTJ,X
LOSIZJT,X
LOSJTIZ,X
LOSJTZI,X
LOSJITZ,X
LOSJIZT,X
LOSJZTI,X
LOSJZIT,X
LOSZTIJ,X
LOSZTJI,X
LOSZITJ,X
LOSZIJT,X
LOSZJTI,X
LOSZJIT,X
LOZTIJS,X
LOZTISJ,X
LOZTJIS,X
LOZTJSI,X
LOZTSIJ,X
LOZTSJI,X
LOZITJS,X
LOZITSJ,X
LOZIJTS,X
LOZIJST,X
LOZISTJ,X
LOZISJT,X
LOZJTIS,X
LOZJTSI,X
LOZJITS,X
LOZJIST,X
LOZJSTI,X
LOZJSIT,X
LOZSTIJ,X
LOZSTJI,X
LOZSITJ,X
LOZSIJT,X
LOZSJTI,X
LOZSJIT,X
JTILSZO,X
JTILSOZ,X
JTILZSO,X
JTILZOS,X
JTILOSZ,X
JTILOZS,X
JTISLZO,X
JTISLOZ,X
JTISZLO,X
JTISZOL,X
JTISOLZ,X
JTISOZL,X
JTIZLSO,X
JTIZLOS,X
JTIZSLO,X
JTIZSOL,X
JTIZOLS,X
JTIZOSL,X
JTIOLSZ,X
JTIOLZS,X
JTIOSLZ,X
JTIOSZL,X
JTIOZLS,X
JTIOZSL,X
JTLISZO,X
JTLISOZ,X
JTLIZSO,X
JTLIZOS,X
JTLIOSZ,X
JTLIOZS,X
JTLSIZO,X
JTLSIOZ,X
JTLSZIO,X
JTLSZOI,X
JTLSOIZ,X
JTLSOZI,X
JTLZISO,X
JTLZIOS,X
JTLZSIO,X
JTLZSOI,X
JTLZOIS,X
JTLZOSI,X
JTLOISZ,X
JTLOIZS,X
JTLOSIZ,X
JTLOSZI,X
JTLOZIS,X
JTLOZSI,X
JTSILZO,X
JTSILOZ,X
JTSIZLO,X
JTSIZOL,X
JTSIOLZ,X
JTSIOZL,X
JTSLIZO,X
JTSLIOZ,X
JTSLZIO,X
JTSLZOI,X
JTSLOIZ,X
JTSLOZI,X
JTSZILO,X
JTSZIOL,X
JTSZLIO,X
JTSZLOI,X
JTSZOIL,X
JTSZOLI,X
JTSOILZ,X
JTSOIZL,X
JTSOLIZ,X
JTSOLZI,X
JTSOZIL,X
JTSOZLI,X
JTZILSO,X
JTZILOS,X
JTZISLO,X
JTZISOL,X
JTZIOLS,X
JTZIOSL,X
JTZLISO,X
JTZLIOS,X
JTZLSIO,X
JTZLSOI,X
JTZLOIS,X
JTZLOSI,X
JTZSILO,X
JTZSIOL,X
JTZSLIO,X
JTZSLOI,X
JTZSOIL,X
JTZSOLI,X
JTZOILS,X
JTZOISL,X
JTZOLIS,X
JTZOLSI,X
JTZOSIL,X
JTZOSLI,X
JTOILSZ,X
JTOILZS,X
JTOISLZ,X
JTOISZL,X
JTOIZLS,X
JTOIZSL,X
JTOLISZ,X
JTOLIZS,X
JTOLSIZ,X
JTOLSZI,X
JTOLZIS,X
JTOLZSI,X
JTOSILZ,X
JTOSIZL,X
JTOSLIZ,X
JTOSLZI,X
JTOSZIL,X
JTOSZLI,X
JTOZILS,X
JTOZISL,X
JTOZLIS,X
JTOZLSI,X
JTOZSIL,X
JTOZSLI,X
JITLSZO,X
JITLSOZ,X
JITLZSO,X
JITLZOS,X
JITLOSZ,X
JITLOZS,X
JITSLZO,X
JITSLOZ,X
JITSZLO,X
JITSZOL,X
JITSOLZ,X
JITSOZL,X
JITZLSO,X
JITZLOS,X
JITZSLO,X
JITZSOL,X
JITZOLS,X
JITZOSL,X
JITOLSZ,X
JITOLZS,X
JITOSLZ,X
JITOSZL,X
JITOZLS,X
JITOZSL,X
JILTSZO,X
JILTSOZ,X
JILTZSO,X
JILTZOS,X
JILTOSZ,X
JILTOZS,X
JILSTZO,X
JILSTOZ,X
JILSZTO,X
JILSZOT,X
JILSOTZ,X
JILSOZT,X
JILZTSO,X
JILZTOS,X
JILZSTO,X
JILZSOT,X
JILZOTS,X
JILZOST,X
JILOTSZ,X
JILOTZS,X
JILOSTZ,X
JILOSZT,X
JILOZTS,X
JILOZST,X
JISTLZO,X
JISTLOZ,X
JISTZLO,X
JISTZOL,X
JISTOLZ,X
JISTOZL,X
JISLTZO,X
JISLTOZ,X
JISLZTO,X
JISLZOT,X
JISLOTZ,X
JISLOZT,X
JISZTLO,X
JISZTOL,X
JISZLTO,X
JISZLOT,X
JISZOTL,X
JISZOLT,X
JISOTLZ,X
JISOTZL,X
JISOLTZ,X
JISOLZT,X
JISOZTL,X
JISOZLT,X
JIZTLSO,X
JIZTLOS,X
JIZTSLO,X
JIZTSOL,X
JIZTOLS,X
JIZTOSL,X
JIZLTSO,X
JIZLTOS,X
JIZLSTO,X
JIZLSOT,X
JIZLOTS,X
JIZLOST,X
JIZSTLO,X
JIZSTOL,X
JIZSLTO,X
JIZSLOT,X
JIZSOTL,X
JIZSOLT,X
JIZOTLS,O
JIZOTSL,O
JIZOLTS,X
JIZOLST,X
JIZOSTL,X
JIZOSLT,X
JIOTLSZ,X
JIOTLZS,X
JIOTSLZ,X
JIOTSZL,X
JIOTZLS,O
JIOTZSL,O
JIOLTSZ,X
JIOLTZS,X
JIOLSTZ,X
JIOLSZT,X
JIOLZTS,X
JIOLZST,X
JIOSTLZ,X
JIOSTZL,X
JIOSLTZ,X
JIOSLZT,X
JIOSZTL,X
JIOSZLT,X
JIOZTLS,O
JIOZTSL,O
JIOZLTS,X
JIOZLST,X
JIOZSTL,X
JIOZSLT,X
JLTISZO,X
JLTISOZ,X
JLTIZSO,X
JLTIZOS,X
JLTIOSZ,X
JLTIOZS,X
JLTSIZO,X
JLTSIOZ,X
JLTSZIO,X
JLTSZOI,X
JLTSOIZ,X
JLTSOZI,X
JLTZISO,X
JLTZIOS,X
JLTZSIO,X
JLTZSOI,X
JLTZOIS,X
JLTZOSI,X
JLTOISZ,X
JLTOIZS,X
JLTOSIZ,X
JLTOSZI,X
JLTOZIS,X
JLTOZSI,X
JLITSZO,X
JLITSOZ,X
JLITZSO,X
JLITZOS,X
JLITOSZ,X
JLITOZS,X
JLISTZO,X
JLISTOZ,X
JLISZTO,X
JLISZOT,X
JLISOTZ,X
JLISOZT,X
JLIZTSO,X
JLIZTOS,X
JLIZSTO,X
JLIZSOT,X
JLIZOTS,X
JLIZOST,X
JLIOTSZ,X
JLIOTZS,X
JLIOSTZ,X
JLIOSZT,X
JLIOZTS,X
JLIOZST,X
JLSTIZO,X
JLSTIOZ,X
JLSTZIO,X
JLSTZOI,X
JLSTOIZ,X
JLSTOZI,X
JLSITZO,X
JLSITOZ,X
JLSIZTO,X
JLSIZOT,X
JLSIOTZ,X
JLSIOZT,X
JLSZTIO,X
JLSZTOI,X
JLSZITO,X
JLSZIOT,X
JLSZOTI,X
JLSZOIT,X
JLSOTIZ,X
JLSOTZI,X
JLSOITZ,X
JLSOIZT,X
JLSOZTI,X
JLSOZIT,X
JLZTISO,X
JLZTIOS,X
JLZTSIO,X
JLZTSOI,X
JLZTOIS,X
JLZTOSI,X
JLZITSO,X
JLZITOS,X
JLZISTO,X
JLZISOT,X
JLZIOTS,X
JLZIOST,X
JLZSTIO,X
JLZSTOI,X
JLZSITO,X
JLZSIOT,X
JLZSOTI,X
JLZSOIT,X
JLZOTIS,X
JLZOTSI,X
JLZOITS,X
JLZOIST,X
JLZOSTI,X
JLZOSIT,X
JLOTISZ,X
JLOTIZS,X
JLOTSIZ,X
JLOTSZI,X
JLOTZIS,X
JLOTZSI,X
JLOITSZ,X
JLOITZS,X
JLOISTZ,X
JLOISZT,X
JLOIZTS,X
JLOIZST,X
JLOSTIZ,X
JLOSTZI,X
JLOSITZ,X
JLOSIZT,X
JLOSZTI,X
JLOSZIT,X
JLOZTIS,X
JLOZTSI,X
JLOZITS,X
JLOZIST,X
JLOZSTI,X
JLOZSIT,X
JSTILZO,X
JSTILOZ,X
JSTIZLO,X
JSTIZOL,X
JSTIOLZ,X
JSTIOZL,X
JSTLIZO,X
JSTLIOZ,X
JSTLZIO,X
JSTLZOI,X
JSTLOIZ,X
JSTLOZI,X
JSTZILO,X
JSTZIOL,X
JSTZLIO,X
JSTZLOI,X
JSTZOIL,X
JSTZOLI,X
JSTOILZ,X
JSTOIZL,X
JSTOLIZ,X
JSTOLZI,X
JSTOZIL,X
JSTOZLI,X
JSITLZO,X
JSITLOZ,X
JSITZLO,X
JSITZOL,X
JSITOLZ,X
JSITOZL,X
JSILTZO,X
JSILTOZ,X
JSILZTO,X
JSILZOT,X
JSILOTZ,X
JSILOZT,X
JSIZTLO,X
JSIZTOL,X
JSIZLTO,X
JSIZLOT,X
JSIZOTL,X
JSIZOLT,X
JSIOTLZ,X
JSIOTZL,X
JSIOLTZ,X
JSIOLZT,X
JSIOZTL,X
JSIOZLT,X
JSLTIZO,X
JSLTIOZ,X
JSLTZIO,X
JSLTZOI,X
JSLTOIZ,X
JSLTOZI,X
JSLITZO,X
JSLITOZ,X
JSLIZTO,X
JSLIZOT,X
JSLIOTZ,X
JSLIOZT,X
JSLZTIO,X
JSLZTOI,X
JSLZITO,X
JSLZIOT,X
JSLZOTI,X
JSLZOIT,X
JSLOTIZ,X
JSLOTZI,X
JSLOITZ,X
JSLOIZT,X
JSLOZTI,X
JSLOZIT,X
JSZTILO,X
JSZTIOL,X
JSZTLIO,X
JSZTLOI,X
JSZTOIL,X
JSZTOLI,X
JSZITLO,X
JSZITOL,X
JSZILTO,X
JSZILOT,X
JSZIOTL,X
JSZIOLT,X
JSZLTIO,X
JSZLTOI,X
JSZLITO,X
JSZLIOT,X
JSZLOTI,X
JSZLOIT,X
JSZOTIL,X
JSZOTLI,X
JSZOITL,X
JSZOILT,X
JSZOLTI,X
JSZOLIT,X
JSOTILZ,X
JSOTIZL,X
JSOTLIZ,X
JSOTLZI,X
JSOTZIL,X
JSOTZLI,X
JSOITLZ,X
JSOITZL,X
JSOILTZ,X
JSOILZT,X
JSOIZTL,X
JSOIZLT,X
JSOLTIZ,X
JSOLTZI,X
JSOLITZ,X
JSOLIZT,X
JSOLZTI,X
JSOLZIT,X
JSOZTIL,X
JSOZTLI,X
JSOZITL,X
JSOZILT,X
JSOZLTI,X
JSOZLIT,X
JZTILSO,X
JZTILOS,X
JZTISLO,X
JZTISOL,X
JZTIOLS,X
JZTIOSL,X
JZTLISO,X
JZTLIOS,X
JZTLSIO,X
JZTLSOI,X
JZTLOIS,X
JZTLOSI,X
JZTSILO,X
JZTSIOL,X
JZTSLIO,X
JZTSLOI,X
JZTSOIL,X
JZTSOLI,X
JZTOILS,X
JZTOISL,X
JZTOLIS,X
JZTOLSI,X
JZTOSIL,X
JZTOSLI,X
JZITLSO,X
JZITLOS,X
JZITSLO,X
JZITSOL,X
JZITOLS,X
JZITOSL,X
JZILTSO,X
JZILTOS,X
JZILSTO,X
JZILSOT,X
JZILOTS,X
JZILOST,X
JZISTLO,X
JZISTOL,X
JZISLTO,X
JZISLOT,X
JZISOTL,X
JZISOLT,X
JZIOTLS,X
JZIOTSL,X
JZIOLTS,X
JZIOLST,X
JZIOSTL,X
JZIOSLT,X
JZLTISO,X
JZLTIOS,X
JZLTSIO,X
JZLTSOI,X
JZLTOIS,X
JZLTOSI,X
JZLITSO,X
JZLITOS,X
JZLISTO,X
JZLISOT,X
JZLIOTS,X
JZLIOST,X
JZLSTIO,X
JZLSTOI,X
JZLSITO,X
JZLSIOT,X
JZLSOTI,X
JZLSOIT,X
JZLOTIS,X
JZLOTSI,X
JZLOITS,X
JZLOIST,X
JZLOSTI,X
JZLOSIT,X
JZSTILO,X
JZSTIOL,X
JZSTLIO,X
JZSTLOI,X
JZSTOIL,X
JZSTOLI,X
JZSITLO,X
JZSITOL,X
JZSILTO,X
JZSILOT,X
JZSIOTL,X
JZSIOLT,X
JZSLTIO,X
JZSLTOI,X
JZSLITO,X
JZSLIOT,X
JZSLOTI,X
JZSLOIT,X
JZSOTIL,X
JZSOTLI,X
JZSOITL,X
JZSOILT,X
JZSOLTI,X
JZSOLIT,X
JZOTILS,X
JZOTISL,X
JZOTLIS,X
JZOTLSI,X
JZOTSIL,X
JZOTSLI,X
JZOITLS,X
JZOITSL,X
JZOILTS,X
JZOILST,X
JZOISTL,X
JZOISLT,X
JZOLTIS,X
JZOLTSI,X
JZOLITS,X
JZOLIST,X
JZOLSTI,X
JZOLSIT,X
JZOSTIL,X
JZOSTLI,X
JZOSITL,X
JZOSILT,X
JZOSLTI,X
JZOSLIT,X
JOTILSZ,X
JOTILZS,X
JOTISLZ,X
JOTISZL,X
JOTIZLS,X
JOTIZSL,X
JOTLISZ,X
JOTLIZS,X
JOTLSIZ,X
JOTLSZI,X
JOTLZIS,X
JOTLZSI,X
JOTSILZ,X
JOTSIZL,X
JOTSLIZ,X
JOTSLZI,X
JOTSZIL,X
JOTSZLI,X
JOTZILS,X
JOTZISL,X
JOTZLIS,X
JOTZLSI,X
JOTZSIL,X
JOTZSLI,X
JOITLSZ,X
JOITLZS,X
JOITSLZ,X
JOITSZL,X
JOITZLS,X
JOITZSL,X
JOILTSZ,X
JOILTZS,X
JOILSTZ,X
JOILSZT,X
JOILZTS,X
JOILZST,X
JOISTLZ,X
JOISTZL,X
JOISLTZ,X
JOISLZT,X
JOISZTL,X
JOISZLT,X
JOIZTLS,X
JOIZTSL,X
JOIZLTS,X
JOIZLST,X
JOIZSTL,X
JOIZSLT,X
JOLTISZ,X
JOLTIZS,X
JOLTSIZ,X
JOLTSZI,X
JOLTZIS,X
JOLTZSI,X
JOLITSZ,X
JOLITZS,X
JOLISTZ,X
JOLISZT,X
JOLIZTS,X
JOLIZST,X
JOLSTIZ,X
JOLSTZI,X
JOLSITZ,X
JOLSIZT,X
JOLSZTI,X
JOLSZIT,X
JOLZTIS,X
JOLZTSI,X
JOLZITS,X
JOLZIST,X
JOLZSTI,X
JOLZSIT,X
JOSTILZ,X
JOSTIZL,X
JOSTLIZ,X
JOSTLZI,X
JOSTZIL,X
JOSTZLI,X
JOSITLZ,X
JOSITZL,X
JOSILTZ,X
JOSILZT,X
JOSIZTL,X
JOSIZLT,X
JOSLTIZ,X
JOSLTZI,X
JOSLITZ,X
JOSLIZT,X
JOSLZTI,X
JOSLZIT,X
JOSZTIL,X
JOSZTLI,X
JOSZITL,X
JOSZILT,X
JOSZLTI,X
JOSZLIT,X
JOZTILS,X
JOZTISL,X
JOZTLIS,X
JOZTLSI,X
JOZTSIL,X
JOZTSLI,X
JOZITLS,X
JOZITSL,X
JOZILTS,X
JOZILST,X
JOZISTL,X
JOZISLT,X
JOZLTIS,X
JOZLTSI,X
JOZLITS,X
JOZLIST,X
JOZLSTI,X
JOZLSIT,X
JOZSTIL,X
JOZSTLI,X
JOZSITL,X
JOZSILT,X
JOZSLTI,X
JOZSLIT,X
STILJZO,X
STILJOZ,X
STILZJO,X
STILZOJ,X
STILOJZ,X
STILOZJ,X
STIJLZO,X
STIJLOZ,X
STIJZLO,X
STIJZOL,X
STIJOLZ,X
STIJOZL,X
STIZLJO,X
STIZLOJ,X
STIZJLO,X
STIZJOL,X
STIZOLJ,X
STIZOJL,X
STIOLJZ,X
STIOLZJ,X
STIOJLZ,X
STIOJZL,X
STIOZLJ,X
STIOZJL,X
STLIJZO,X
STLIJOZ,X
STLIZJO,X
STLIZOJ,X
STLIOJZ,X
STLIOZJ,X
STLJIZO,X
STLJIOZ,X
STLJZIO,X
STLJZOI,X
STLJOIZ,X
STLJOZI,X
STLZIJO,X
STLZIOJ,X
STLZJIO,X
STLZJOI,X
STLZOIJ,X
STLZOJI,X
STLOIJZ,X
STLOIZJ,X
STLOJIZ,X
STLOJZI,X
STLOZIJ,X
STLOZJI,X
STJILZO,X
STJILOZ,X
STJIZLO,X
STJIZOL,X
STJIOLZ,X
STJIOZL,X
STJLIZO,X
STJLIOZ,X
STJLZIO,X
STJLZOI,X
STJLOIZ,X
STJLOZI,X
STJZILO,X
STJZIOL,X
STJZLIO,X
STJZLOI,X
STJZOIL,X
STJZOLI,X
STJOILZ,X
STJOIZL,X
STJOLIZ,X
STJOLZI,X
STJOZIL,X
STJOZLI,X
STZILJO,X
STZILOJ,X
STZIJLO,X
STZIJOL,X
STZIOLJ,X
STZIOJL,X
STZLIJO,X
STZLIOJ,X
STZLJIO,X
STZLJOI,X
STZLOIJ,X
STZLOJI,X
STZJILO,X
STZJIOL,X
STZJLIO,X
STZJLOI,X
STZJOIL,X
STZJOLI,X
STZOILJ,X
STZOIJL,X
STZOLIJ,X
STZOLJI,X
STZOJIL,X
STZOJLI,X
STOILJZ,X
STOILZJ,X
STOIJLZ,X
STOIJZL,X
STOIZLJ,X
STOIZJL,X
STOLIJZ,X
STOLIZJ,X
STOLJIZ,X
STOLJZI,X
STOLZIJ,X
STOLZJI,X
STOJILZ,X
STOJIZL,X
STOJLIZ,X
STOJLZI,X
STOJZIL,X
STOJZLI,X
STOZILJ,X
STOZIJL,X
STOZLIJ,X
STOZLJI,X
STOZJIL,X
STOZJLI,X
SITLJZO,X
SITLJOZ,X
SITLZJO,X
SITLZOJ,X
SITLOJZ,X
SITLOZJ,X
SITJLZO,X
SITJLOZ,X
SITJZLO,X
SITJZOL,X
SITJOLZ,X
SITJOZL,X
SITZLJO,X
SITZLOJ,X
SITZJLO,X
SITZJOL,X
SITZOLJ,X
SITZOJL,X
SITOLJZ,X
SITOLZJ,X
SITOJLZ,X
SITOJZL,X
SITOZLJ,X
SITOZJL,X
SILTJZO,X
SILTJOZ,X
SILTZJO,X
SILTZOJ,X
SILTOJZ,X
SILTOZJ,X
SILJTZO,X
SILJTOZ,X
SILJZTO,X
SILJZOT,X
SILJOTZ,X
SILJOZT,X
SILZTJO,X
SILZTOJ,X
SILZJTO,X
SILZJOT,X
SILZOTJ,X
SILZOJT,X
SILOTJZ,X
SILOTZJ,X
SILOJTZ,X
SILOJZT,X
SILOZTJ,X
SILOZJT,X
SIJTLZO,X
SIJTLOZ,X
SIJTZLO,X
SIJTZOL,X
SIJTOLZ,X
SIJTOZL,X
SIJLTZO,X
SIJLTOZ,X
SIJLZTO,X
SIJLZOT,X
SIJLOTZ,X
SIJLOZT,X
SIJZTLO,X
SIJZTOL,X
SIJZLTO,X
SIJZLOT,X
SIJZOTL,X
SIJZOLT,X
SIJOTLZ,X
SIJOTZL,X
SIJOLTZ,X
SIJOLZT,X
SIJOZTL,X
SIJOZLT,X
SIZTLJO,X
SIZTLOJ,X
SIZTJLO,X
SIZTJOL,X
SIZTOLJ,X
SIZTOJL,X
SIZLTJO,X
SIZLTOJ,X
SIZLJTO,X
SIZLJOT,X
SIZLOTJ,X
SIZLOJT,X
SIZJTLO,X
SIZJTOL,X
SIZJLTO,X
SIZJLOT,X
SIZJOTL,X
SIZJOLT,X
SIZOTLJ,O
SIZOTJL,O
SIZOLTJ,X
SIZOLJT,X
SIZOJTL,X
SIZOJLT,X
SIOTLJZ,X
SIOTLZJ,X
SIOTJLZ,X
SIOTJZL,X
SIOTZLJ,O
SIOTZJL,O
SIOLTJZ,X
SIOLTZJ,X
SIOLJTZ,X
SIOLJZT,X
SIOLZTJ,X
SIOLZJT,X
SIOJTLZ,X
SIOJTZL,X
SIOJLTZ,X
SIOJLZT,X
SIOJZTL,X
SIOJZLT,X
SIOZTLJ,O
SIOZTJL,O
SIOZLTJ,X
SIOZLJT,X
SIOZJTL,X
SIOZJLT,X
SLTIJZO,X
SLTIJOZ,X
SLTIZJO,X
SLTIZOJ,X
SLTIOJZ,X
SLTIOZJ,X
SLTJIZO,X
SLTJIOZ,X
SLTJZIO,X
SLTJZOI,X
SLTJOIZ,X
SLTJOZI,X
SLTZIJO,X
SLTZIOJ,X
SLTZJIO,X
SLTZJOI,X
SLTZOIJ,X
SLTZOJI,X
SLTOIJZ,X
SLTOIZJ,X
SLTOJIZ,X
SLTOJZI,X
SLTOZIJ,X
SLTOZJI,X
SLITJZO,X
SLITJOZ,X
SLITZJO,X
SLITZOJ,X
SLITOJZ,X
SLITOZJ,X
SLIJTZO,X
SLIJTOZ,X
SLIJZTO,X
SLIJZOT,X
SLIJOTZ,X
SLIJOZT,X
SLIZTJO,X
SLIZTOJ,X
SLIZJTO,X
SLIZJOT,X
SLIZOTJ,X
SLIZOJT,X
SLIOTJZ,X
SLIOTZJ,X
SLIOJTZ,X
SLIOJZT,X
SLIOZTJ,X
SLIOZJT,X
SLJTIZO,X
SLJTIOZ,X
SLJTZIO,X
SLJTZOI,X
SLJTOIZ,X
SLJTOZI,X
SLJITZO,X
SLJITOZ,X
SLJIZTO,X
SLJIZOT,X
SLJIOTZ,X
SLJIOZT,X
SLJZTIO,X
SLJZTOI,X
SLJZITO,X
SLJZIOT,X
SLJZOTI,X
SLJZOIT,X
SLJOTIZ,X
SLJOTZI,X
SLJOITZ,X
SLJOIZT,X
SLJOZTI,X
SLJOZIT,X
SLZTIJO,X
SLZTIOJ,X
SLZTJIO,X
SLZTJOI,X
SLZTOIJ,X
SLZTOJI,X
SLZITJO,X
SLZITOJ,X
SLZIJTO,X
SLZIJOT,X
SLZIOTJ,X
SLZIOJT,X
SLZJTIO,X
SLZJTOI,X
SLZJITO,X
SLZJIOT,X
SLZJOTI,X
SLZJOIT,X
SLZOTIJ,X
SLZOTJI,X
SLZOITJ,X
SLZOIJT,X
SLZOJTI,X
SLZOJIT,X
SLOTIJZ,X
SLOTIZJ,X
SLOTJIZ,X
SLOTJZI,X
SLOTZIJ,X
SLOTZJI,X
SLOITJZ,X
SLOITZJ,X
SLOIJTZ,X
SLOIJZT,X
SLOIZTJ,X
SLOIZJT,X
SLOJTIZ,X
SLOJTZI,X
SLOJITZ,X
SLOJIZT,X
SLOJZTI,X
SLOJZIT,X
SLOZTIJ,X
SLOZTJI,X
SLOZITJ,X
SLOZIJT,X
SLOZJTI,X
SLOZJIT,X
SJTILZO,X
SJTILOZ,X
SJTIZLO,X
SJTIZOL,X
SJTIOLZ,X
SJTIOZL,X
SJTLIZO,X
SJTLIOZ,X
SJTLZIO,X
SJTLZOI,X
SJTLOIZ,X
SJTLOZI,X
SJTZILO,X
SJTZIOL,X
SJTZLIO,X
SJTZLOI,X
SJTZOIL,X
SJTZOLI,X
SJTOILZ,X
SJTOIZL,X
SJTOLIZ,X
SJTOLZI,X
SJTOZIL,X
SJTOZLI,X
SJITLZO,X
SJITLOZ,X
SJITZLO,X
SJITZOL,X
SJITOLZ,X
SJITOZL,X
SJILTZO,X
SJILTOZ,X
SJILZTO,X
SJILZOT,X
SJILOTZ,X
SJILOZT,X
SJIZTLO,X
SJIZTOL,X
SJIZLTO,X
SJIZLOT,X
SJIZOTL,X
SJIZOLT,X
SJIOTLZ,X
SJIOTZL,X
SJIOLTZ,X
SJIOLZT,X
SJIOZTL,X
SJIOZLT,X
SJLTIZO,X
SJLTIOZ,X
SJLTZIO,X
SJLTZOI,X
SJLTOIZ,X
SJLTOZI,X
SJLITZO,X
SJLITOZ,X
SJLIZTO,X
SJLIZOT,X
SJLIOTZ,X
SJLIOZT,X
SJLZTIO,X
SJLZTOI,X
SJLZITO,X
SJLZIOT,X
SJLZOTI,X
SJLZOIT,X
SJLOTIZ,X
SJLOTZI,X
SJLOITZ,X
SJLOIZT,X
SJLOZTI,X
SJLOZIT,X
SJZTILO,X
SJZTIOL,X
SJZTLIO,X
SJZTLOI,X
SJZTOIL,X
SJZTOLI,X
SJZITLO,X
SJZITOL,X
SJZILTO,X
SJZILOT,X
SJZIOTL,X
SJZIOLT,X
SJZLTIO,X
SJZLTOI,X
SJZLITO,X
SJZLIOT,X
SJZLOTI,X
SJZLOIT,X
SJZOTIL,X
SJZOTLI,X
SJZOITL,X
SJZOILT,X
SJZOLTI,X
SJZOLIT,X
SJOTILZ,X
SJOTIZL,X
SJOTLIZ,X
SJOTLZI,X
SJOTZIL,X
SJOTZLI,X
SJOITLZ,X
SJOITZL,X
SJOILTZ,X
SJOILZT,X
SJOIZTL,X
SJOIZLT,X
SJOLTIZ,X
SJOLTZI,X
SJOLITZ,X
SJOLIZT,X
SJOLZTI,X
SJOLZIT,X
SJOZTIL,X
SJOZTLI,X
SJOZITL,X
SJOZILT,X
SJOZLTI,X
SJOZLIT,X
SZTILJO,X
SZTILOJ,X
SZTIJLO,X
SZTIJOL,X
SZTIOLJ,X
SZTIOJL,X
SZTLIJO,X
SZTLIOJ,X
SZTLJIO,X
SZTLJOI,X
SZTLOIJ,X
SZTLOJI,X
SZTJILO,X
SZTJIOL,X
SZTJLIO,X
SZTJLOI,X
SZTJOIL,X
SZTJOLI,X
SZTOILJ,X
SZTOIJL,X
SZTOLIJ,X
SZTOLJI,X
SZTOJIL,X
SZTOJLI,X
SZITLJO,X
SZITLOJ,X
SZITJLO,X
SZITJOL,X
SZITOLJ,X
SZITOJL,X
SZILTJO,X
SZILTOJ,X
SZILJTO,X
SZILJOT,X
SZILOTJ,X
SZILOJT,X
SZIJTLO,X
SZIJTOL,X
SZIJLTO,X
SZIJLOT,X
SZIJOTL,X
SZIJOLT,X
SZIOTLJ,X
SZIOTJL,X
SZIOLTJ,X
SZIOLJT,X
SZIOJTL,X
SZIOJLT,X
SZLTIJO,X
SZLTIOJ,X
SZLTJIO,X
SZLTJOI,X
SZLTOIJ,X
SZLTOJI,X
SZLITJO,X
SZLITOJ,X
SZLIJTO,X
SZLIJOT,X
SZLIOTJ,X
SZLIOJT,X
SZLJTIO,X
SZLJTOI,X
SZLJITO,X
SZLJIOT,X
SZLJOTI,X
SZLJOIT,X
SZLOTIJ,X
SZLOTJI,X
SZLOITJ,X
SZLOIJT,X
SZLOJTI,X
SZLOJIT,X
SZJTILO,X
SZJTIOL,X
SZJTLIO,X
SZJTLOI,X
SZJTOIL,X
SZJTOLI,X
SZJITLO,X
SZJITOL,X
SZJILTO,X
SZJILOT,X
SZJIOTL,X
SZJIOLT,X
SZJLTIO,X
SZJLTOI,X
SZJLITO,X
SZJLIOT,X
SZJLOTI,X
SZJLOIT,X
SZJOTIL,X
SZJOTLI,X
SZJOITL,X
SZJOILT,X
SZJOLTI,X
SZJOLIT,X
SZOTILJ,X
SZOTIJL,X
SZOTLIJ,X
SZOTLJI,X
SZOTJIL,X
SZOTJLI,X
SZOITLJ,X
SZOITJL,X
SZOILTJ,X
SZOILJT,X
SZOIJTL,X
SZOIJLT,X
SZOLTIJ,X
SZOLTJI,X
SZOLITJ,X
SZOLIJT,X
SZOLJTI,X
SZOLJIT,X
SZOJTIL,X
SZOJTLI,X
SZOJITL,X
SZOJILT,X
SZOJLTI,X
SZOJLIT,X
SOTILJZ,X
SOTILZJ,X
SOTIJLZ,X
SOTIJZL,X
SOTIZLJ,X
SOTIZJL,X
SOTLIJZ,X
SOTLIZJ,X
SOTLJIZ,X
SOTLJZI,X
SOTLZIJ,X
SOTLZJI,X
SOTJILZ,X
SOTJIZL,X
SOTJLIZ,X
SOTJLZI,X
SOTJZIL,X
SOTJZLI,X
SOTZILJ,X
SOTZIJL,X
SOTZLIJ,X
SOTZLJI,X
SOTZJIL,X
SOTZJLI,X
SOITLJZ,X
SOITLZJ,X
SOITJLZ,X
SOITJZL,X
SOITZLJ,X
SOITZJL,X
SOILTJZ,X
SOILTZJ,X
SOILJTZ,X
SOILJZT,X
SOILZTJ,X
SOILZJT,X
SOIJTLZ,X
SOIJTZL,X
SOIJLTZ,X
SOIJLZT,X
SOIJZTL,X
SOIJZLT,X
SOIZTLJ,X
SOIZTJL,X
SOIZLTJ,X
SOIZLJT,X
SOIZJTL,X
SOIZJLT,X
SOLTIJZ,X
SOLTIZJ,X
SOLTJIZ,X
SOLTJZI,X
SOLTZIJ,X
SOLTZJI,X
SOLITJZ,X
SOLITZJ,X
SOLIJTZ,X
SOLIJZT,X
SOLIZTJ,X
SOLIZJT,X
SOLJTIZ,X
SOLJTZI,X
SOLJITZ,X
SOLJIZT,X
SOLJZTI,X
SOLJZIT,X
SOLZTIJ,X
SOLZTJI,X
SOLZITJ,X
SOLZIJT,X
SOLZJTI,X
SOLZJIT,X
SOJTILZ,X
SOJTIZL,X
SOJTLIZ,X
SOJTLZI,X
SOJTZIL,X
SOJTZLI,X
SOJITLZ,X
SOJITZL,X
SOJILTZ,X
SOJILZT,X
SOJIZTL,X
SOJIZLT,X
SOJLTIZ,X
SOJLTZI,X
SOJLITZ,X
SOJLIZT,X
SOJLZTI,X
SOJLZIT,X
SOJZTIL,X
SOJZTLI,X
SOJZITL,X
SOJZILT,X
SOJZLTI,X
SOJZLIT,X
SOZTILJ,X
SOZTIJL,X
SOZTLIJ,X
SOZTLJI,X
SOZTJIL,X
SOZTJLI,X
SOZITLJ,X
SOZITJL,X
SOZILTJ,X
SOZILJT,X
SOZIJTL,X
SOZIJLT,X
SOZLTIJ,X
SOZLTJI,X
SOZLITJ,X
SOZLIJT,X
SOZLJTI,X
SOZLJIT,X
SOZJTIL,X
SOZJTLI,X
SOZJITL,X
SOZJILT,X
SOZJLTI,X
SOZJLIT,X
ZTILJSO,X
ZTILJOS,X
ZTILSJO,X
ZTILSOJ,X
ZTILOJS,X
ZTILOSJ,X
ZTIJLSO,X
ZTIJLOS,X
ZTIJSLO,X
ZTIJSOL,X
ZTIJOLS,X
ZTIJOSL,X
ZTISLJO,X
ZTISLOJ,X
ZTISJLO,X
ZTISJOL,X
ZTISOLJ,X
ZTISOJL,X
ZTIOLJS,X
ZTIOLSJ,X
ZTIOJLS,X
ZTIOJSL,X
ZTIOSLJ,X
ZTIOSJL,X
ZTLIJSO,X
ZTLIJOS,X
ZTLISJO,X
ZTLISOJ,X
ZTLIOJS,X
ZTLIOSJ,X
ZTLJISO,X
ZTLJIOS,X
ZTLJSIO,X
ZTLJSOI,X
ZTLJOIS,X
ZTLJOSI,X
ZTLSIJO,X
ZTLSIOJ,X
ZTLSJIO,X
ZTLSJOI,X
ZTLSOIJ,X
ZTLSOJI,X
ZTLOIJS,X
ZTLOISJ,X
ZTLOJIS,X
ZTLOJSI,X
ZTLOSIJ,X
ZTLOSJI,X
ZTJILSO,X
ZTJILOS,X
ZTJISLO,X
ZTJISOL,X
ZTJIOLS,X
ZTJIOSL,X
ZTJLISO,X
ZTJLIOS,X
ZTJLSIO,X
ZTJLSOI,X
ZTJLOIS,X
ZTJLOSI,X
ZTJSILO,X
ZTJSIOL,X
ZTJSLIO,X
ZTJSLOI,X
ZTJSOIL,X
ZTJSOLI,X
ZTJOILS,X
ZTJOISL,X
ZTJOLIS,X
ZTJOLSI,X
ZTJOSIL,X
ZTJOSLI,X
ZTSILJO,X
ZTSILOJ,X
ZTSIJLO,X
ZTSIJOL,X
ZTSIOLJ,X
ZTSIOJL,X
ZTSLIJO,X
ZTSLIOJ,X
ZTSLJIO,X
ZTSLJOI,X
ZTSLOIJ,X
ZTSLOJI,X
ZTSJILO,X
ZTSJIOL,X
ZTSJLIO,X
ZTSJLOI,X
ZTSJOIL,X
ZTSJOLI,X
ZTSOILJ,X
ZTSOIJL,X
ZTSOLIJ,X
ZTSOLJI,X
ZTSOJIL,X
ZTSOJLI,X
ZTOILJS,X
ZTOILSJ,X
ZTOIJLS,X
ZTOIJSL,X
ZTOISLJ,X
ZTOISJL,X
ZTOLIJS,X
ZTOLISJ,X
ZTOLJIS,X
ZTOLJSI,X
ZTOLSIJ,X
ZTOLSJI,X
ZTOJILS,X
ZTOJISL,X
ZTOJLIS,X
ZTOJLSI,X
ZTOJSIL,X
ZTOJSLI,X
ZTOSILJ,X
ZTOSIJL,X
ZTOSLIJ,X
ZTOSLJI,X
ZTOSJIL,X
ZTOSJLI,X
ZITLJSO,X
ZITLJOS,X
ZITLSJO,X
ZITLSOJ,X
ZITLOJS,X
ZITLOSJ,X
ZITJLSO,X
ZITJLOS,X
ZITJSLO,X
ZITJSOL,X
ZITJOLS,X
ZITJOSL,X
ZITSLJO,X
ZITSLOJ,X
ZITSJLO,X
ZITSJOL,X
ZITSOLJ,X
ZITSOJL,X
ZITOLJS,O
ZITOLSJ,O
ZITOJLS,O
ZITOJSL,O
ZITOSLJ,O
ZITOSJL,O
ZILTJSO,X
ZILTJOS,X
ZILTSJO,X
ZILTSOJ,X
ZILTOJS,X
ZILTOSJ,X
ZILJTSO,X
ZILJTOS,X
ZILJSTO,X
ZILJSOT,X
ZILJOTS,X
ZILJOST,X
ZILSTJO,X
ZILSTOJ,X
ZILSJTO,X
ZILSJOT,X
ZILSOTJ,X
ZILSOJT,X
ZILOTJS,O
ZILOTSJ,O
ZILOJTS,X
ZILOJST,X
ZILOSTJ,X
ZILOSJT,X
ZIJTLSO,X
ZIJTLOS,X
ZIJTSLO,X
ZIJTSOL,X
ZIJTOLS,X
ZIJTOSL,X
ZIJLTSO,X
ZIJLTOS,X
ZIJLSTO,X
ZIJLSOT,X
ZIJLOTS,X
ZIJLOST,X
ZIJSTLO,X
ZIJSTOL,X
ZIJSLTO,X
ZIJSLOT,X
ZIJSOTL,X
ZIJSOLT,X
ZIJOTLS,O
ZIJOTSL,O
ZIJOLTS,X
ZIJOLST,X
ZIJOSTL,X
ZIJOSLT,X
ZISTLJO,X
ZISTLOJ,X
ZISTJLO,X
ZISTJOL,X
ZISTOLJ,X
ZISTOJL,X
ZISLTJO,X
ZISLTOJ,X
ZISLJTO,X
ZISLJOT,X
ZISLOTJ,X
ZISLOJT,X
ZISJTLO,X
ZISJTOL,X
ZISJLTO,X
ZISJLOT,X
ZISJOTL,X
ZISJOLT,X
ZISOTLJ,O
ZISOTJL,O
ZISOLTJ,X
ZISOLJT,X
ZISOJTL,X
ZISOJLT,X
ZIOTLJS,O
ZIOTLSJ,O
ZIOTJLS,O
ZIOTJSL,O
ZIOTSLJ,O
ZIOTSJL,O
ZIOLTJS,O
ZIOLTSJ,O
ZIOLJTS,X
ZIOLJST,X
ZIOLSTJ,X
ZIOLSJT,X
ZIOJTLS,O
ZIOJTSL,O
ZIOJLTS,X
ZIOJLST,X
ZIOJSTL,X
ZIOJSLT,X
ZIOSTLJ,O
ZIOSTJL,O
ZIOSLTJ,X
ZIOSLJT,X
ZIOSJTL,X
ZIOSJLT,X
ZLTIJSO,X
ZLTIJOS,X
ZLTISJO,X
ZLTISOJ,X
ZLTIOJS,X
ZLTIOSJ,X
ZLTJISO,X
ZLTJIOS,X
ZLTJSIO,X
ZLTJSOI,X
ZLTJOIS,X
ZLTJOSI,X
ZLTSIJO,X
ZLTSIOJ,X
ZLTSJIO,X
ZLTSJOI,X
ZLTSOIJ,X
ZLTSOJI,X
ZLTOIJS,X
ZLTOISJ,X
ZLTOJIS,X
ZLTOJSI,X
ZLTOSIJ,X
ZLTOSJI,X
ZLITJSO,X
ZLITJOS,X
ZLITSJO,X
ZLITSOJ,X
ZLITOJS,X
ZLITOSJ,X
ZLIJTSO,X
ZLIJTOS,X
ZLIJSTO,X
ZLIJSOT,X
ZLIJOTS,X
ZLIJOST,X
ZLISTJO,X
ZLISTOJ,X
ZLISJTO,X
ZLISJOT,X
ZLISOTJ,X
ZLISOJT,X
ZLIOTJS,X
ZLIOTSJ,X
ZLIOJTS,X
ZLIOJST,X
ZLIOSTJ,X
ZLIOSJT,X
ZLJTISO,X
ZLJTIOS,X
ZLJTSIO,X
ZLJTSOI,X
ZLJTOIS,X
ZLJTOSI,X
ZLJITSO,X
ZLJITOS,X
ZLJISTO,X
ZLJISOT,X
ZLJIOTS,X
ZLJIOST,X
ZLJSTIO,X
ZLJSTOI,X
ZLJSITO,X
ZLJSIOT,X
ZLJSOTI,X
ZLJSOIT,X
ZLJOTIS,X
ZLJOTSI,X
ZLJOITS,X
ZLJOIST,X
ZLJOSTI,X
ZLJOSIT,X
ZLSTIJO,X
ZLSTIOJ,X
ZLSTJIO,X
ZLSTJOI,X
ZLSTOIJ,X
ZLSTOJI,X
ZLSITJO,X
ZLSITOJ,X
ZLSIJTO,X
ZLSIJOT,X
ZLSIOTJ,X
ZLSIOJT,X
ZLSJTIO,X
ZLSJTOI,X
ZLSJITO,X
ZLSJIOT,X
ZLSJOTI,X
ZLSJOIT,X
ZLSOTIJ,X
ZLSOTJI,X
ZLSOITJ,X
ZLSOIJT,X
ZLSOJTI,X
ZLSOJIT,X
ZLOTIJS,X
ZLOTISJ,X
ZLOTJIS,X
ZLOTJSI,X
ZLOTSIJ,X
ZLOTSJI,X
ZLOITJS,X
ZLOITSJ,X
ZLOIJTS,X
ZLOIJST,X
ZLOISTJ,X
ZLOISJT,X
ZLOJTIS,X
ZLOJTSI,X
ZLOJITS,X
ZLOJIST,X
ZLOJSTI,X
ZLOJSIT,X
ZLOSTIJ,X
ZLOSTJI,X
ZLOSITJ,X
ZLOSIJT,X
ZLOSJTI,X
ZLOSJIT,X
ZJTILSO,X
ZJTILOS,X
ZJTISLO,X
ZJTISOL,X
ZJTIOLS,X
ZJTIOSL,X
ZJTLISO,X
ZJTLIOS,X
ZJTLSIO,X
ZJTLSOI,X
ZJTLOIS,X
ZJTLOSI,X
ZJTSILO,X
ZJTSIOL,X
ZJTSLIO,X
ZJTSLOI,X
ZJTSOIL,X
ZJTSOLI,X
ZJTOILS,X
ZJTOISL,X
ZJTOLIS,X
ZJTOLSI,X
ZJTOSIL,X
ZJTOSLI,X
ZJITLSO,X
ZJITLOS,X
ZJITSLO,X
ZJITSOL,X
ZJITOLS,X
ZJITOSL,X
ZJILTSO,X
ZJILTOS,X
ZJILSTO,X
ZJILSOT,X
ZJILOTS,X
ZJILOST,X
ZJISTLO,X
ZJISTOL,X
ZJISLTO,X
ZJISLOT,X
ZJISOTL,X
ZJISOLT,X
ZJIOTLS,X
ZJIOTSL,X
ZJIOLTS,X
ZJIOLST,X
ZJIOSTL,X
ZJIOSLT,X
ZJLTISO,X
ZJLTIOS,X
ZJLTSIO,X
ZJLTSOI,X
ZJLTOIS,X
ZJLTOSI,X
ZJLITSO,X
ZJLITOS,X
ZJLISTO,X
ZJLISOT,X
ZJLIOTS,X
ZJLIOST,X
ZJLSTIO,X
ZJLSTOI,X
ZJLSITO,X
ZJLSIOT,X
ZJLSOTI,X
ZJLSOIT,X
ZJLOTIS,X
ZJLOTSI,X
ZJLOITS,X
ZJLOIST,X
ZJLOSTI,X
ZJLOSIT,X
ZJSTILO,X
ZJSTIOL,X
ZJSTLIO,X
ZJSTLOI,X
ZJSTOIL,X
ZJSTOLI,X
ZJSITLO,X
ZJSITOL,X
ZJSILTO,X
ZJSILOT,X
ZJSIOTL,X
ZJSIOLT,X
ZJSLTIO,X
ZJSLTOI,X
ZJSLITO,X
ZJSLIOT,X
ZJSLOTI,X
ZJSLOIT,X
ZJSOTIL,X
ZJSOTLI,X
ZJSOITL,X
ZJSOILT,X
ZJSOLTI,X
ZJSOLIT,X
ZJOTILS,X
ZJOTISL,X
ZJOTLIS,X
ZJOTLSI,X
ZJOTSIL,X
ZJOTSLI,X
ZJOITLS,X
ZJOITSL,X
ZJOILTS,X
ZJOILST,X
ZJOISTL,X
ZJOISLT,X
ZJOLTIS,X
ZJOLTSI,X
ZJOLITS,X
ZJOLIST,X
ZJOLSTI,X
ZJOLSIT,X
ZJOSTIL,X
ZJOSTLI,X
ZJOSITL,X
ZJOSILT,X
ZJOSLTI,X
ZJOSLIT,X
ZSTILJO,X
ZSTILOJ,X
ZSTIJLO,X
ZSTIJOL,X
ZSTIOLJ,X
ZSTIOJL,X
ZSTLIJO,X
ZSTLIOJ,X
ZSTLJIO,X
ZSTLJOI,X
ZSTLOIJ,X
ZSTLOJI,X
ZSTJILO,X
ZSTJIOL,X
ZSTJLIO,X
ZSTJLOI,X
ZSTJOIL,X
ZSTJOLI,X
ZSTOILJ,X
ZSTOIJL,X
ZSTOLIJ,X
ZSTOLJI,X
ZSTOJIL,X
ZSTOJLI,X
ZSITLJO,X
ZSITLOJ,X
ZSITJLO,X
ZSITJOL,X
ZSITOLJ,X
ZSITOJL,X
ZSILTJO,X
ZSILTOJ,X
ZSILJTO,X
ZSILJOT,X
ZSILOTJ,X
ZSILOJT,X
ZSIJTLO,X
ZSIJTOL,X
ZSIJLTO,X
ZSIJLOT,X
ZSIJOTL,X
ZSIJOLT,X
ZSIOTLJ,X
ZSIOTJL,X
ZSIOLTJ,X
ZSIOLJT,X
ZSIOJTL,X
ZSIOJLT,X
ZSLTIJO,X
ZSLTIOJ,X
ZSLTJIO,X
ZSLTJOI,X
ZSLTOIJ,X
ZSLTOJI,X
ZSLITJO,X
ZSLITOJ,X
ZSLIJTO,X
ZSLIJOT,X
ZSLIOTJ,X
ZSLIOJT,X
ZSLJTIO,X
ZSLJTOI,X
ZSLJITO,X
ZSLJIOT,X
ZSLJOTI,X
ZSLJOIT,X
ZSLOTIJ,X
ZSLOTJI,X
ZSLOITJ,X
ZSLOIJT,X
ZSLOJTI,X
ZSLOJIT,X
ZSJTILO,X
ZSJTIOL,X
ZSJTLIO,X
ZSJTLOI,X
ZSJTOIL,X
ZSJTOLI,X
ZSJITLO,X
ZSJITOL,X
ZSJILTO,X
ZSJILOT,X
ZSJIOTL,X
ZSJIOLT,X
ZSJLTIO,X
ZSJLTOI,X
ZSJLITO,X
ZSJLIOT,X
ZSJLOTI,X
ZSJLOIT,X
ZSJOTIL,X
ZSJOTLI,X
ZSJOITL,X
ZSJOILT,X
ZSJOLTI,X
ZSJOLIT,X
ZSOTILJ,X
ZSOTIJL,X
ZSOTLIJ,X
ZSOTLJI,X
ZSOTJIL,X
ZSOTJLI,X
ZSOITLJ,X
ZSOITJL,X
ZSOILTJ,X
ZSOILJT,X
ZSOIJTL,X
ZSOIJLT,X
ZSOLTIJ,X
ZSOLTJI,X
ZSOLITJ,X
ZSOLIJT,X
ZSOLJTI,X
ZSOLJIT,X
ZSOJTIL,X
ZSOJTLI,X
ZSOJITL,X
ZSOJILT,X
ZSOJLTI,X
ZSOJLIT,X
ZOTILJS,X
ZOTILSJ,X
ZOTIJLS,X
ZOTIJSL,X
ZOTISLJ,X
ZOTISJL,X
ZOTLIJS,X
ZOTLISJ,X
ZOTLJIS,X
ZOTLJSI,X
ZOTLSIJ,X
ZOTLSJI,X
ZOTJILS,X
ZOTJISL,X
ZOTJLIS,X
ZOTJLSI,X
ZOTJSIL,X
ZOTJSLI,X
ZOTSILJ,X
ZOTSIJL,X
ZOTSLIJ,X
ZOTSLJI,X
ZOTSJIL,X
ZOTSJLI,X
ZOITLJS,X
ZOITLSJ,X
ZOITJLS,X
ZOITJSL,X
ZOITSLJ,X
ZOITSJL,X
ZOILTJS,X
ZOILTSJ,X
ZOILJTS,X
ZOILJST,X
ZOILSTJ,X
ZOILSJT,X
ZOIJTLS,X
ZOIJTSL,X
ZOIJLTS,X
ZOIJLST,X
ZOIJSTL,X
ZOIJSLT,X
ZOISTLJ,X
ZOISTJL,X
ZOISLTJ,X
ZOISLJT,X
ZOISJTL,X
ZOISJLT,X
ZOLTIJS,X
ZOLTISJ,X
ZOLTJIS,X
ZOLTJSI,X
ZOLTSIJ,X
ZOLTSJI,X
ZOLITJS,X
ZOLITSJ,X
ZOLIJTS,X
ZOLIJST,X
ZOLISTJ,X
ZOLISJT,X
ZOLJTIS,X
ZOLJTSI,X
ZOLJITS,X
ZOLJIST,X
ZOLJSTI,X
ZOLJSIT,X
ZOLSTIJ,X
ZOLSTJI,X
ZOLSITJ,X
ZOLSIJT,X
ZOLSJTI,X
ZOLSJIT,X
ZOJTILS,X
ZOJTISL,X
ZOJTLIS,X
ZOJTLSI,X
ZOJTSIL,X
ZOJTSLI,X
ZOJITLS,X
ZOJITSL,X
ZOJILTS,X
ZOJILST,X
ZOJISTL,X
ZOJISLT,X
ZOJLTIS,X
ZOJLTSI,X
ZOJLITS,X
ZOJLIST,X
ZOJLSTI,X
ZOJLSIT,X
ZOJSTIL,X
ZOJSTLI,X
ZOJSITL,X
ZOJSILT,X
ZOJSLTI,X
ZOJSLIT,X
ZOSTILJ,X
ZOSTIJL,X
ZOSTLIJ,X
ZOSTLJI,X
ZOSTJIL,X
ZOSTJLI,X
ZOSITLJ,X
ZOSITJL,X
ZOSILTJ,X
ZOSILJT,X
ZOSIJTL,X
ZOSIJLT,X
ZOSLTIJ,X
ZOSLTJI,X
ZOSLITJ,X
ZOSLIJT,X
ZOSLJTI,X
ZOSLJIT,X
ZOSJTIL,X
ZOSJTLI,X
ZOSJITL,X
ZOSJILT,X
ZOSJLTI,X
ZOSJLIT,X
OTILJSZ,X
OTILJZS,X
OTILSJZ,X
OTILSZJ,X
OTILZJS,X
OTILZSJ,X
OTIJLSZ,X
OTIJLZS,X
OTIJSLZ,X
OTIJSZL,X
OTIJZLS,X
OTIJZSL,X
OTISLJZ,X
OTISLZJ,X
OTISJLZ,X
OTISJZL,X
OTISZLJ,X
OTISZJL,X
OTIZLJS,X
OTIZLSJ,X
OTIZJLS,X
OTIZJSL,X
OTIZSLJ,X
OTIZSJL,X
OTLIJSZ,X
OTLIJZS,X
OTLISJZ,X
OTLISZJ,X
OTLIZJS,X
OTLIZSJ,X
OTLJISZ,X
OTLJIZS,X
OTLJSIZ,X
OTLJSZI,X
OTLJZIS,X
OTLJZSI,X
OTLSIJZ,X
OTLSIZJ,X
OTLSJIZ,X
OTLSJZI,X
OTLSZIJ,X
OTLSZJI,X
OTLZIJS,X
OTLZISJ,X
OTLZJIS,X
OTLZJSI,X
OTLZSIJ,X
OTLZSJI,X
OTJILSZ,X
OTJILZS,X
OTJISLZ,X
OTJISZL,X
OTJIZLS,X
OTJIZSL,X
OTJLISZ,X
OTJLIZS,X
OTJLSIZ,X
OTJLSZI,X
OTJLZIS,X
OTJLZSI,X
OTJSILZ,X
OTJSIZL,X
OTJSLIZ,X
OTJSLZI,X
OTJSZIL,X
OTJSZLI,X
OTJZILS,X
OTJZISL,X
OTJZLIS,X
OTJZLSI,X
OTJZSIL,X
OTJZSLI,X
OTSILJZ,X
OTSILZJ,X
OTSIJLZ,X
OTSIJZL,X
OTSIZLJ,X
OTSIZJL,X
OTSLIJZ,X
OTSLIZJ,X
OTSLJIZ,X
OTSLJZI,X
OTSLZIJ,X
OTSLZJI,X
OTSJILZ,X
OTSJIZL,X
OTSJLIZ,X
OTSJLZI,X
OTSJZIL,X
OTSJZLI,X
OTSZILJ,X
OTSZIJL,X
OTSZLIJ,X
OTSZLJI,X
OTSZJIL,X
OTSZJLI,X
OTZILJS,X
OTZILSJ,X
OTZIJLS,X
OTZIJSL,X
OTZISLJ,X
OTZISJL,X
OTZLIJS,X
OTZLISJ,X
OTZLJIS,X
OTZLJSI,X
OTZLSIJ,X
OTZLSJI,X
OTZJILS,X
OTZJISL,X
OTZJLIS,X
OTZJLSI,X
OTZJSIL,X
OTZJSLI,X
OTZSILJ,X
OTZSIJL,X
OTZSLIJ,X
OTZSLJI,X
OTZSJIL,X
OTZSJLI,X
OITLJSZ,X
OITLJZS,X
OITLSJZ,X
OITLSZJ,X
OITLZJS,O
OITLZSJ,O
OITJLSZ,X
OITJLZS,X
OITJSLZ,X
OITJSZL,X
OITJZLS,O
OITJZSL,O
OITSLJZ,X
OITSLZJ,X
OITSJLZ,X
OITSJZL,X
OITSZLJ,O
OITSZJL,O
OITZLJS,O
OITZLSJ,O
OITZJLS,O
OITZJSL,O
OITZSLJ,O
OITZSJL,O
OILTJSZ,X
OILTJZS,X
OILTSJZ,X
OILTSZJ,X
OILTZJS,O
OILTZSJ,O
OILJTSZ,X
OILJTZS,X
OILJSTZ,X
OILJSZT,X
OILJZTS,X
OILJZST,X
OILSTJZ,X
OILSTZJ,X
OILSJTZ,X
OILSJZT,X
OILSZTJ,X
OILSZJT,X
OILZTJS,O
OILZTSJ,O
OILZJTS,X
OILZJST,X
OILZSTJ,X
OILZSJT,X
OIJTLSZ,X
OIJTLZS,X
OIJTSLZ,X
OIJTSZL,X
OIJTZLS,O
OIJTZSL,O
OIJLTSZ,X
OIJLTZS,X
OIJLSTZ,X
OIJLSZT,X
OIJLZTS,X
OIJLZST,X
OIJSTLZ,X
OIJSTZL,X
OIJSLTZ,X
OIJSLZT,X
OIJSZTL,X
OIJSZLT,X
OIJZTLS,O
OIJZTSL,O
OIJZLTS,X
OIJZLST,X
OIJZSTL,X
OIJZSLT,X
OISTLJZ,X
OISTLZJ,X
OISTJLZ,X
OISTJZL,X
OISTZLJ,O
OISTZJL,O
OISLTJZ,X
OISLTZJ,X
OISLJTZ,X
OISLJZT,X
OISLZTJ,X
OISLZJT,X
OISJTLZ,X
OISJTZL,X
OISJLTZ,X
OISJLZT,X
OISJZTL,X
OISJZLT,X
OISZTLJ,O
OISZTJL,O
OISZLTJ,X
OISZLJT,X
OISZJTL,X
OISZJLT,X
OIZTLJS,O
OIZTLSJ,O
OIZTJLS,O
OIZTJSL,O
OIZTSLJ,O
OIZTSJL,O
OIZLTJS,O
OIZLTSJ,O
OIZLJTS,X
OIZLJST,X
OIZLSTJ,X
OIZLSJT,X
OIZJTLS,O
OIZJTSL,O
OIZJLTS,X
OIZJLST,X
OIZJSTL,X
OIZJSLT,X
OIZSTLJ,O
OIZSTJL,O
OIZSLTJ,X
OIZSLJT,X
OIZSJTL,X
OIZSJLT,X
OLTIJSZ,X
OLTIJZS,X
OLTISJZ,X
OLTISZJ,X
OLTIZJS,X
OLTIZSJ,X
OLTJISZ,X
OLTJIZS,X
OLTJSIZ,X
OLTJSZI,X
OLTJZIS,X
OLTJZSI,X
OLTSIJZ,X
OLTSIZJ,X
OLTSJIZ,X
OLTSJZI,X
OLTSZIJ,X
OLTSZJI,X
OLTZIJS,X
OLTZISJ,X
OLTZJIS,X
OLTZJSI,X
OLTZSIJ,X
OLTZSJI,X
OLITJSZ,X
OLITJZS,X
OLITSJZ,X
OLITSZJ,X
OLITZJS,X
OLITZSJ,X
OLIJTSZ,X
OLIJTZS,X
OLIJSTZ,X
OLIJSZT,X
OLIJZTS,X
OLIJZST,X
OLISTJZ,X
OLISTZJ,X
OLISJTZ,X
OLISJZT,X
OLISZTJ,X
OLISZJT,X
OLIZTJS,X
OLIZTSJ,X
OLIZJTS,X
OLIZJST,X
OLIZSTJ,X
OLIZSJT,X
OLJTISZ,X
OLJTIZS,X
OLJTSIZ,X
OLJTSZI,X
OLJTZIS,X
OLJTZSI,X
OLJITSZ,X
OLJITZS,X
OLJISTZ,X
OLJISZT,X
OLJIZTS,X
OLJIZST,X
OLJSTIZ,X
OLJSTZI,X
OLJSITZ,X
OLJSIZT,X
OLJSZTI,X
OLJSZIT,X
OLJZTIS,X
OLJZTSI,X
OLJZITS,X
OLJZIST,X
OLJZSTI,X
OLJZSIT,X
OLSTIJZ,X
OLSTIZJ,X
OLSTJIZ,X
OLSTJZI,X
OLSTZIJ,X
OLSTZJI,X
OLSITJZ,X
OLSITZJ,X
OLSIJTZ,X
OLSIJZT,X
OLSIZTJ,X
OLSIZJT,X
OLSJTIZ,X
OLSJTZI,X
OLSJITZ,X
OLSJIZT,X
OLSJZTI,X
OLSJZIT,X
OLSZTIJ,X
OLSZTJI,X
OLSZITJ,X
OLSZIJT,X
OLSZJTI,X
OLSZJIT,X
OLZTIJS,X
OLZTISJ,X
OLZTJIS,X
OLZTJSI,X
OLZTSIJ,X
OLZTSJI,X
OLZITJS,X
OLZITSJ,X
OLZIJTS,X
OLZIJST,X
OLZISTJ,X
OLZISJT,X
OLZJTIS,X
OLZJTSI,X
OLZJITS,X
OLZJIST,X
OLZJSTI,X
OLZJSIT,X
OLZSTIJ,X
OLZSTJI,X
OLZSITJ,X
OLZSIJT,X
OLZSJTI,X
OLZSJIT,X
OJTILSZ,X
OJTILZS,X
OJTISLZ,X
OJTISZL,X
OJTIZLS,X
OJTIZSL,X
OJTLISZ,X
OJTLIZS,X
OJTLSIZ,X
OJTLSZI,X
OJTLZIS,X
OJTLZSI,X
OJTSILZ,X
OJTSIZL,X
OJTSLIZ,X
OJTSLZI,X
OJTSZIL,X
OJTSZLI,X
OJTZILS,X
OJTZISL,X
OJTZLIS,X
OJTZLSI,X
OJTZSIL,X
OJTZSLI,X
OJITLSZ,X
OJITLZS,X
OJITSLZ,X
OJITSZL,X
OJITZLS,X
OJITZSL,X
OJILTSZ,X
OJILTZS,X
OJILSTZ,X
OJILSZT,X
OJILZTS,X
OJILZST,X
OJISTLZ,X
OJISTZL,X
OJISLTZ,X
OJISLZT,X
OJISZTL,X
OJISZLT,X
OJIZTLS,X
OJIZTSL,X
OJIZLTS,X
OJIZLST,X
OJIZSTL,X
OJIZSLT,X
OJLTISZ,X
OJLTIZS,X
OJLTSIZ,X
OJLTSZI,X
OJLTZIS,X
OJLTZSI,X
OJLITSZ,X
OJLITZS,X
OJLISTZ,X
OJLISZT,X
OJLIZTS,X
OJLIZST,X
OJLSTIZ,X
OJLSTZI,X
OJLSITZ,X
OJLSIZT,X
OJLSZTI,X
OJLSZIT,X
OJLZTIS,X
OJLZTSI,X
OJLZITS,X
OJLZIST,X
OJLZSTI,X
OJLZSIT,X
OJSTILZ,X
OJSTIZL,X
OJSTLIZ,X
OJSTLZI,X
OJSTZIL,X
OJSTZLI,X
OJSITLZ,X
OJSITZL,X
OJSILTZ,X
OJSILZT,X
OJSIZTL,X
OJSIZLT,X
OJSLTIZ,X
OJSLTZI,X
OJSLITZ,X
OJSLIZT,X
OJSLZTI,X
OJSLZIT,X
OJSZTIL,X
OJSZTLI,X
OJSZITL,X
OJSZILT,X
OJSZLTI,X
OJSZLIT,X
OJZTILS,X
OJZTISL,X
OJZTLIS,X
OJZTLSI,X
OJZTSIL,X
OJZTSLI,X
OJZITLS,X
OJZITSL,X
OJZILTS,X
OJZILST,X
OJZISTL,X
OJZISLT,X
OJZLTIS,X
OJZLTSI,X
OJZLITS,X
OJZLIST,X
OJZLSTI,X
OJZLSIT,X
OJZSTIL,X
OJZSTLI,X
OJZSITL,X
OJZSILT,X
OJZSLTI,X
OJZSLIT,X
OSTILJZ,X
OSTILZJ,X
OSTIJLZ,X
OSTIJZL,X
OSTIZLJ,X
OSTIZJL,X
OSTLIJZ,X
OSTLIZJ,X
OSTLJIZ,X
OSTLJZI,X
OSTLZIJ,X
OSTLZJI,X
OSTJILZ,X
OSTJIZL,X
OSTJLIZ,X
OSTJLZI,X
OSTJZIL,X
OSTJZLI,X
OSTZILJ,X
OSTZIJL,X
OSTZLIJ,X
OSTZLJI,X
OSTZJIL,X
OSTZJLI,X
OSITLJZ,X
OSITLZJ,X
OSITJLZ,X
OSITJZL,X
OSITZLJ,X
OSITZJL,X
OSILTJZ,X
OSILTZJ,X
OSILJTZ,X
OSILJZT,X
OSILZTJ,X
OSILZJT,X
OSIJTLZ,X
OSIJTZL,X
OSIJLTZ,X
OSIJLZT,X
OSIJZTL,X
OSIJZLT,X
OSIZTLJ,X
OSIZTJL,X
OSIZLTJ,X
OSIZLJT,X
OSIZJTL,X
OSIZJLT,X
OSLTIJZ,X
OSLTIZJ,X
OSLTJIZ,X
OSLTJZI,X
OSLTZIJ,X
OSLTZJI,X
OSLITJZ,X
OSLITZJ,X
OSLIJTZ,X
OSLIJZT,X
OSLIZTJ,X
OSLIZJT,X
OSLJTIZ,X
OSLJTZI,X
OSLJITZ,X
OSLJIZT,X
OSLJZTI,X
OSLJZIT,X
OSLZTIJ,X
OSLZTJI,X
OSLZITJ,X
OSLZIJT,X
OSLZJTI,X
OSLZJIT,X
OSJTILZ,X
OSJTIZL,X
OSJTLIZ,X
OSJTLZI,X
OSJTZIL,X
OSJTZLI,X
OSJITLZ,X
OSJITZL,X
OSJILTZ,X
OSJILZT,X
OSJIZTL,X
OSJIZLT,X
OSJLTIZ,X
OSJLTZI,X
OSJLITZ,X
OSJLIZT,X
OSJLZTI,X
OSJLZIT,X
OSJZTIL,X
OSJZTLI,X
OSJZITL,X
OSJZILT,X
OSJZLTI,X
OSJZLIT,X
OSZTILJ,X
OSZTIJL,X
OSZTLIJ,X
OSZTLJI,X
OSZTJIL,X
OSZTJLI,X
OSZITLJ,X
OSZITJL,X
OSZILTJ,X
OSZILJT,X
OSZIJTL,X
OSZIJLT,X
OSZLTIJ,X
OSZLTJI,X
OSZLITJ,X
OSZLIJT,X
OSZLJTI,X
OSZLJIT,X
OSZJTIL,X
OSZJTLI,X
OSZJITL,X
OSZJILT,X
OSZJLTI,X
OSZJLIT,X
OZTILJS,X
OZTILSJ,X
OZTIJLS,X
OZTIJSL,X
OZTISLJ,X
OZTISJL,X
OZTLIJS,X
OZTLISJ,X
OZTLJIS,X
OZTLJSI,X
OZTLSIJ,X
OZTLSJI,X
OZTJILS,X
OZTJISL,X
OZTJLIS,X
OZTJLSI,X
OZTJSIL,X
OZTJSLI,X
OZTSILJ,X
OZTSIJL,X
OZTSLIJ,X
OZTSLJI,X
OZTSJIL,X
OZTSJLI,X
OZITLJS,X
OZITLSJ,X
OZITJLS,X
OZITJSL,X
OZITSLJ,X
OZITSJL,X
OZILTJS,X
OZILTSJ,X
OZILJTS,X
OZILJST,X
OZILSTJ,X
OZILSJT,X
OZIJTLS,X
OZIJTSL,X
OZIJLTS,X
OZIJLST,X
OZIJSTL,X
OZIJSLT,X
OZISTLJ,X
OZISTJL,X
OZISLTJ,X
OZISLJT,X
OZISJTL,X
OZISJLT,X
OZLTIJS,X
OZLTISJ,X
OZLTJIS,X
OZLTJSI,X
OZLTSIJ,X
OZLTSJI,X
OZLITJS,X
OZLITSJ,X
OZLIJTS,X
OZLIJST,X
OZLISTJ,X
OZLISJT,X
OZLJTIS,X
OZLJTSI,X
OZLJITS,X
OZLJIST,X
OZLJSTI,X
OZLJSIT,X
OZLSTIJ,X
OZLSTJI,X
OZLSITJ,X
OZLSIJT,X
OZLSJTI,X
OZLSJIT,X
OZJTILS,X
OZJTISL,X
OZJTLIS,X
OZJTLSI,X
OZJTSIL,X
OZJTSLI,X
OZJITLS,X
OZJITSL,X
OZJILTS,X
OZJILST,X
OZJISTL,X
OZJISLT,X
OZJLTIS,X
OZJLTSI,X
OZJLITS,X
OZJLIST,X
OZJLSTI,X
OZJLSIT,X
OZJSTIL,X
OZJSTLI,X
OZJSITL,X
OZJSILT,X
OZJSLTI,X
OZJSLIT,X
OZSTILJ,X
OZSTIJL,X
OZSTLIJ,X
OZSTLJI,X
OZSTJIL,X
OZSTJLI,X
OZSITLJ,X
OZSITJL,X
OZSILTJ,X
OZSILJT,X
OZSIJTL,X
OZSIJLT,X
OZSLTIJ,X
OZSLTJI,X
OZSLITJ,X
OZSLIJT,X
OZSLJTI,X
OZSLJIT,X
OZSJTIL,X
OZSJTLI,X
OZSJITL,X
OZSJILT,X
OZSJLTI,X
OZSJLIT,X
